2026-07-31 17:50:26,183 - pyiron_log - INFO - Deleted: /tmp/pytest-of-hmai/pytest-0/test_delete_files_recursively_0/vaspcalc/CHGCAR
2026-07-31 17:50:26,183 - pyiron_log - INFO - Deleted: /tmp/pytest-of-hmai/pytest-0/test_delete_files_recursively_0/vaspcalc/WAVECAR
2026-07-31 17:50:26,186 - pyiron_log - INFO - Error: /tmp/pytest-of-hmai/pytest-0/test_delete_files_recursively_1/nope is not a valid directory.
2026-07-31 17:51:15,046 - pyiron_log - INFO - shell is in /tmp/pytest-of-hmai/pytest-1/test_run_shell_is_concurrency_0/calc
2026-07-31 17:51:15,048 - pyiron_log - INFO - shell is in /tmp/pytest-of-hmai/pytest-1/test_run_shell_is_concurrency_0/calc
2026-07-31 17:51:15,059 - pyiron_log - INFO - shell is in /tmp/pytest-of-hmai/pytest-1/test_run_shell_is_concurrency_0/calc
2026-07-31 17:51:15,062 - pyiron_log - INFO - shell is in /tmp/pytest-of-hmai/pytest-1/test_run_shell_is_concurrency_0/calc
2026-07-31 17:51:15,070 - pyiron_log - INFO - shell is in /tmp/pytest-of-hmai/pytest-1/test_run_shell_is_concurrency_0/calc
2026-07-31 17:51:15,073 - pyiron_log - INFO - shell is in /tmp/pytest-of-hmai/pytest-1/test_run_shell_is_concurrency_0/calc
2026-07-31 17:51:15,078 - pyiron_log - INFO - shell is in /tmp/pytest-of-hmai/pytest-1/test_run_shell_is_concurrency_0/calc
2026-07-31 17:51:15,081 - pyiron_log - INFO - shell is in /tmp/pytest-of-hmai/pytest-1/test_run_shell_is_concurrency_0/calc
2026-07-31 17:51:15,087 - pyiron_log - INFO - shell is in /tmp/pytest-of-hmai/pytest-1/test_run_shell_is_concurrency_0/calc
2026-07-31 17:51:15,090 - pyiron_log - INFO - shell is in /tmp/pytest-of-hmai/pytest-1/test_run_shell_is_concurrency_0/calc
2026-07-31 17:51:15,098 - pyiron_log - INFO - shell is in /tmp/pytest-of-hmai/pytest-1/test_run_shell_is_concurrency_0/calc
2026-07-31 17:51:15,101 - pyiron_log - INFO - shell is in /tmp/pytest-of-hmai/pytest-1/test_run_shell_is_concurrency_0/calc
2026-07-31 17:51:15,107 - pyiron_log - INFO - shell is in /tmp/pytest-of-hmai/pytest-1/test_run_shell_is_concurrency_0/calc
2026-07-31 17:51:15,110 - pyiron_log - INFO - shell is in /tmp/pytest-of-hmai/pytest-1/test_run_shell_is_concurrency_0/calc
2026-07-31 17:51:15,117 - pyiron_log - INFO - shell is in /tmp/pytest-of-hmai/pytest-1/test_run_shell_is_concurrency_0/calc
2026-07-31 17:51:15,119 - pyiron_log - INFO - shell is in /tmp/pytest-of-hmai/pytest-1/test_run_shell_is_concurrency_0/calc
2026-07-31 17:51:15,128 - pyiron_log - INFO - shell is in /tmp/pytest-of-hmai/pytest-1/test_run_shell_is_concurrency_0/calc
2026-07-31 17:51:15,131 - pyiron_log - INFO - shell is in /tmp/pytest-of-hmai/pytest-1/test_run_shell_is_concurrency_0/calc
2026-07-31 17:51:15,136 - pyiron_log - INFO - shell is in /tmp/pytest-of-hmai/pytest-1/test_run_shell_is_concurrency_0/calc
2026-07-31 17:51:15,139 - pyiron_log - INFO - shell is in /tmp/pytest-of-hmai/pytest-1/test_run_shell_is_concurrency_0/calc
2026-07-31 17:51:15,144 - pyiron_log - INFO - shell is in /tmp/pytest-of-hmai/pytest-1/test_run_shell_is_concurrency_0/other
2026-07-31 17:51:15,147 - pyiron_log - INFO - shell is in /tmp/pytest-of-hmai/pytest-1/test_run_shell_is_concurrency_0/other
2026-07-31 17:51:15,150 - pyiron_log - INFO - shell is in /tmp/pytest-of-hmai/pytest-1/test_run_shell_is_concurrency_0/other
2026-07-31 17:51:15,157 - pyiron_log - INFO - shell is in /tmp/pytest-of-hmai/pytest-1/test_run_shell_is_concurrency_0/other
2026-07-31 17:51:15,160 - pyiron_log - INFO - shell is in /tmp/pytest-of-hmai/pytest-1/test_run_shell_is_concurrency_0/other
2026-07-31 17:51:15,168 - pyiron_log - INFO - shell is in /tmp/pytest-of-hmai/pytest-1/test_run_shell_is_concurrency_0/other
2026-07-31 17:51:15,172 - pyiron_log - INFO - shell is in /tmp/pytest-of-hmai/pytest-1/test_run_shell_is_concurrency_0/other
2026-07-31 17:51:15,175 - pyiron_log - INFO - shell is in /tmp/pytest-of-hmai/pytest-1/test_run_shell_is_concurrency_0/other
2026-07-31 17:51:15,179 - pyiron_log - INFO - shell is in /tmp/pytest-of-hmai/pytest-1/test_run_shell_is_concurrency_0/other
2026-07-31 17:51:15,183 - pyiron_log - INFO - shell is in /tmp/pytest-of-hmai/pytest-1/test_run_shell_is_concurrency_0/other
2026-07-31 17:51:15,187 - pyiron_log - INFO - shell is in /tmp/pytest-of-hmai/pytest-1/test_run_shell_is_concurrency_0/other
2026-07-31 17:51:15,191 - pyiron_log - INFO - shell is in /tmp/pytest-of-hmai/pytest-1/test_run_shell_is_concurrency_0/other
2026-07-31 17:51:15,194 - pyiron_log - INFO - shell is in /tmp/pytest-of-hmai/pytest-1/test_run_shell_is_concurrency_0/other
2026-07-31 17:51:15,199 - pyiron_log - INFO - shell is in /tmp/pytest-of-hmai/pytest-1/test_run_shell_is_concurrency_0/other
2026-07-31 17:51:15,202 - pyiron_log - INFO - shell is in /tmp/pytest-of-hmai/pytest-1/test_run_shell_is_concurrency_0/other
2026-07-31 17:51:15,205 - pyiron_log - INFO - shell is in /tmp/pytest-of-hmai/pytest-1/test_run_shell_is_concurrency_0/other
2026-07-31 17:51:15,207 - pyiron_log - INFO - shell is in /tmp/pytest-of-hmai/pytest-1/test_run_shell_is_concurrency_0/other
2026-07-31 17:51:15,212 - pyiron_log - INFO - shell is in /tmp/pytest-of-hmai/pytest-1/test_run_shell_is_concurrency_0/other
2026-07-31 17:51:15,214 - pyiron_log - INFO - shell is in /tmp/pytest-of-hmai/pytest-1/test_run_shell_is_concurrency_0/other
2026-07-31 17:51:15,219 - pyiron_log - INFO - shell is in /tmp/pytest-of-hmai/pytest-1/test_run_shell_is_concurrency_0/other
2026-07-31 17:51:18,539 - pyiron_log - INFO - shell is in /tmp/pytest-of-hmai/pytest-2/test_run_shell_is_concurrency_0/calc
2026-07-31 17:51:18,541 - pyiron_log - INFO - shell is in /tmp/pytest-of-hmai/pytest-2/test_run_shell_is_concurrency_0/calc
2026-07-31 17:51:18,551 - pyiron_log - INFO - shell is in /tmp/pytest-of-hmai/pytest-2/test_run_shell_is_concurrency_0/calc
2026-07-31 17:51:18,555 - pyiron_log - INFO - shell is in /tmp/pytest-of-hmai/pytest-2/test_run_shell_is_concurrency_0/calc
2026-07-31 17:51:18,558 - pyiron_log - INFO - shell is in /tmp/pytest-of-hmai/pytest-2/test_run_shell_is_concurrency_0/calc
2026-07-31 17:51:18,562 - pyiron_log - INFO - shell is in /tmp/pytest-of-hmai/pytest-2/test_run_shell_is_concurrency_0/calc
2026-07-31 17:51:18,566 - pyiron_log - INFO - shell is in /tmp/pytest-of-hmai/pytest-2/test_run_shell_is_concurrency_0/calc
2026-07-31 17:51:18,570 - pyiron_log - INFO - shell is in /tmp/pytest-of-hmai/pytest-2/test_run_shell_is_concurrency_0/calc
2026-07-31 17:51:18,573 - pyiron_log - INFO - shell is in /tmp/pytest-of-hmai/pytest-2/test_run_shell_is_concurrency_0/calc
2026-07-31 17:51:18,577 - pyiron_log - INFO - shell is in /tmp/pytest-of-hmai/pytest-2/test_run_shell_is_concurrency_0/calc
2026-07-31 17:51:18,581 - pyiron_log - INFO - shell is in /tmp/pytest-of-hmai/pytest-2/test_run_shell_is_concurrency_0/calc
2026-07-31 17:51:18,585 - pyiron_log - INFO - shell is in /tmp/pytest-of-hmai/pytest-2/test_run_shell_is_concurrency_0/calc
2026-07-31 17:51:18,589 - pyiron_log - INFO - shell is in /tmp/pytest-of-hmai/pytest-2/test_run_shell_is_concurrency_0/calc
2026-07-31 17:51:18,593 - pyiron_log - INFO - shell is in /tmp/pytest-of-hmai/pytest-2/test_run_shell_is_concurrency_0/calc
2026-07-31 17:51:18,597 - pyiron_log - INFO - shell is in /tmp/pytest-of-hmai/pytest-2/test_run_shell_is_concurrency_0/calc
2026-07-31 17:51:18,601 - pyiron_log - INFO - shell is in /tmp/pytest-of-hmai/pytest-2/test_run_shell_is_concurrency_0/calc
2026-07-31 17:51:18,605 - pyiron_log - INFO - shell is in /tmp/pytest-of-hmai/pytest-2/test_run_shell_is_concurrency_0/calc
2026-07-31 17:51:18,609 - pyiron_log - INFO - shell is in /tmp/pytest-of-hmai/pytest-2/test_run_shell_is_concurrency_0/calc
2026-07-31 17:51:18,613 - pyiron_log - INFO - shell is in /tmp/pytest-of-hmai/pytest-2/test_run_shell_is_concurrency_0/calc
2026-07-31 17:51:18,618 - pyiron_log - INFO - shell is in /tmp/pytest-of-hmai/pytest-2/test_run_shell_is_concurrency_0/calc
2026-07-31 17:51:18,621 - pyiron_log - INFO - shell is in /tmp/pytest-of-hmai/pytest-2/test_run_shell_is_concurrency_0/other
2026-07-31 17:51:18,626 - pyiron_log - INFO - shell is in /tmp/pytest-of-hmai/pytest-2/test_run_shell_is_concurrency_0/other
2026-07-31 17:51:18,629 - pyiron_log - INFO - shell is in /tmp/pytest-of-hmai/pytest-2/test_run_shell_is_concurrency_0/other
2026-07-31 17:51:18,636 - pyiron_log - INFO - shell is in /tmp/pytest-of-hmai/pytest-2/test_run_shell_is_concurrency_0/other
2026-07-31 17:51:18,639 - pyiron_log - INFO - shell is in /tmp/pytest-of-hmai/pytest-2/test_run_shell_is_concurrency_0/other
2026-07-31 17:51:18,645 - pyiron_log - INFO - shell is in /tmp/pytest-of-hmai/pytest-2/test_run_shell_is_concurrency_0/other
2026-07-31 17:51:18,648 - pyiron_log - INFO - shell is in /tmp/pytest-of-hmai/pytest-2/test_run_shell_is_concurrency_0/other
2026-07-31 17:51:18,653 - pyiron_log - INFO - shell is in /tmp/pytest-of-hmai/pytest-2/test_run_shell_is_concurrency_0/other
2026-07-31 17:51:18,656 - pyiron_log - INFO - shell is in /tmp/pytest-of-hmai/pytest-2/test_run_shell_is_concurrency_0/other
2026-07-31 17:51:18,660 - pyiron_log - INFO - shell is in /tmp/pytest-of-hmai/pytest-2/test_run_shell_is_concurrency_0/other
2026-07-31 17:51:18,663 - pyiron_log - INFO - shell is in /tmp/pytest-of-hmai/pytest-2/test_run_shell_is_concurrency_0/other
2026-07-31 17:51:18,667 - pyiron_log - INFO - shell is in /tmp/pytest-of-hmai/pytest-2/test_run_shell_is_concurrency_0/other
2026-07-31 17:51:18,671 - pyiron_log - INFO - shell is in /tmp/pytest-of-hmai/pytest-2/test_run_shell_is_concurrency_0/other
2026-07-31 17:51:18,673 - pyiron_log - INFO - shell is in /tmp/pytest-of-hmai/pytest-2/test_run_shell_is_concurrency_0/other
2026-07-31 17:51:18,678 - pyiron_log - INFO - shell is in /tmp/pytest-of-hmai/pytest-2/test_run_shell_is_concurrency_0/other
2026-07-31 17:51:18,681 - pyiron_log - INFO - shell is in /tmp/pytest-of-hmai/pytest-2/test_run_shell_is_concurrency_0/other
2026-07-31 17:51:18,686 - pyiron_log - INFO - shell is in /tmp/pytest-of-hmai/pytest-2/test_run_shell_is_concurrency_0/other
2026-07-31 17:51:18,689 - pyiron_log - INFO - shell is in /tmp/pytest-of-hmai/pytest-2/test_run_shell_is_concurrency_0/other
2026-07-31 17:51:18,696 - pyiron_log - INFO - shell is in /tmp/pytest-of-hmai/pytest-2/test_run_shell_is_concurrency_0/other
2026-07-31 17:51:18,699 - pyiron_log - INFO - shell is in /tmp/pytest-of-hmai/pytest-2/test_run_shell_is_concurrency_0/other
2026-07-31 17:51:22,006 - pyiron_log - INFO - shell is in /tmp/pytest-of-hmai/pytest-3/test_run_shell_is_concurrency_0/calc
2026-07-31 17:51:22,009 - pyiron_log - INFO - shell is in /tmp/pytest-of-hmai/pytest-3/test_run_shell_is_concurrency_0/calc
2026-07-31 17:51:22,019 - pyiron_log - INFO - shell is in /tmp/pytest-of-hmai/pytest-3/test_run_shell_is_concurrency_0/calc
2026-07-31 17:51:22,022 - pyiron_log - INFO - shell is in /tmp/pytest-of-hmai/pytest-3/test_run_shell_is_concurrency_0/calc
2026-07-31 17:51:22,029 - pyiron_log - INFO - shell is in /tmp/pytest-of-hmai/pytest-3/test_run_shell_is_concurrency_0/calc
2026-07-31 17:51:22,032 - pyiron_log - INFO - shell is in /tmp/pytest-of-hmai/pytest-3/test_run_shell_is_concurrency_0/calc
2026-07-31 17:51:22,040 - pyiron_log - INFO - shell is in /tmp/pytest-of-hmai/pytest-3/test_run_shell_is_concurrency_0/calc
2026-07-31 17:51:22,043 - pyiron_log - INFO - shell is in /tmp/pytest-of-hmai/pytest-3/test_run_shell_is_concurrency_0/calc
2026-07-31 17:51:22,049 - pyiron_log - INFO - shell is in /tmp/pytest-of-hmai/pytest-3/test_run_shell_is_concurrency_0/calc
2026-07-31 17:51:22,052 - pyiron_log - INFO - shell is in /tmp/pytest-of-hmai/pytest-3/test_run_shell_is_concurrency_0/calc
2026-07-31 17:51:22,060 - pyiron_log - INFO - shell is in /tmp/pytest-of-hmai/pytest-3/test_run_shell_is_concurrency_0/calc
2026-07-31 17:51:22,063 - pyiron_log - INFO - shell is in /tmp/pytest-of-hmai/pytest-3/test_run_shell_is_concurrency_0/calc
2026-07-31 17:51:22,067 - pyiron_log - INFO - shell is in /tmp/pytest-of-hmai/pytest-3/test_run_shell_is_concurrency_0/calc
2026-07-31 17:51:22,070 - pyiron_log - INFO - shell is in /tmp/pytest-of-hmai/pytest-3/test_run_shell_is_concurrency_0/calc
2026-07-31 17:51:22,074 - pyiron_log - INFO - shell is in /tmp/pytest-of-hmai/pytest-3/test_run_shell_is_concurrency_0/calc
2026-07-31 17:51:22,078 - pyiron_log - INFO - shell is in /tmp/pytest-of-hmai/pytest-3/test_run_shell_is_concurrency_0/calc
2026-07-31 17:51:22,082 - pyiron_log - INFO - shell is in /tmp/pytest-of-hmai/pytest-3/test_run_shell_is_concurrency_0/calc
2026-07-31 17:51:22,086 - pyiron_log - INFO - shell is in /tmp/pytest-of-hmai/pytest-3/test_run_shell_is_concurrency_0/calc
2026-07-31 17:51:22,090 - pyiron_log - INFO - shell is in /tmp/pytest-of-hmai/pytest-3/test_run_shell_is_concurrency_0/calc
2026-07-31 17:51:22,094 - pyiron_log - INFO - shell is in /tmp/pytest-of-hmai/pytest-3/test_run_shell_is_concurrency_0/calc
2026-07-31 17:51:22,097 - pyiron_log - INFO - shell is in /tmp/pytest-of-hmai/pytest-3/test_run_shell_is_concurrency_0/other
2026-07-31 17:51:22,105 - pyiron_log - INFO - shell is in /tmp/pytest-of-hmai/pytest-3/test_run_shell_is_concurrency_0/other
2026-07-31 17:51:22,108 - pyiron_log - INFO - shell is in /tmp/pytest-of-hmai/pytest-3/test_run_shell_is_concurrency_0/other
2026-07-31 17:51:22,115 - pyiron_log - INFO - shell is in /tmp/pytest-of-hmai/pytest-3/test_run_shell_is_concurrency_0/other
2026-07-31 17:51:22,118 - pyiron_log - INFO - shell is in /tmp/pytest-of-hmai/pytest-3/test_run_shell_is_concurrency_0/other
2026-07-31 17:51:22,125 - pyiron_log - INFO - shell is in /tmp/pytest-of-hmai/pytest-3/test_run_shell_is_concurrency_0/other
2026-07-31 17:51:22,128 - pyiron_log - INFO - shell is in /tmp/pytest-of-hmai/pytest-3/test_run_shell_is_concurrency_0/other
2026-07-31 17:51:22,136 - pyiron_log - INFO - shell is in /tmp/pytest-of-hmai/pytest-3/test_run_shell_is_concurrency_0/other
2026-07-31 17:51:22,139 - pyiron_log - INFO - shell is in /tmp/pytest-of-hmai/pytest-3/test_run_shell_is_concurrency_0/other
2026-07-31 17:51:22,146 - pyiron_log - INFO - shell is in /tmp/pytest-of-hmai/pytest-3/test_run_shell_is_concurrency_0/other
2026-07-31 17:51:22,149 - pyiron_log - INFO - shell is in /tmp/pytest-of-hmai/pytest-3/test_run_shell_is_concurrency_0/other
2026-07-31 17:51:22,157 - pyiron_log - INFO - shell is in /tmp/pytest-of-hmai/pytest-3/test_run_shell_is_concurrency_0/other
2026-07-31 17:51:22,160 - pyiron_log - INFO - shell is in /tmp/pytest-of-hmai/pytest-3/test_run_shell_is_concurrency_0/other
2026-07-31 17:51:22,168 - pyiron_log - INFO - shell is in /tmp/pytest-of-hmai/pytest-3/test_run_shell_is_concurrency_0/other
2026-07-31 17:51:22,171 - pyiron_log - INFO - shell is in /tmp/pytest-of-hmai/pytest-3/test_run_shell_is_concurrency_0/other
2026-07-31 17:51:22,176 - pyiron_log - INFO - shell is in /tmp/pytest-of-hmai/pytest-3/test_run_shell_is_concurrency_0/other
2026-07-31 17:51:22,180 - pyiron_log - INFO - shell is in /tmp/pytest-of-hmai/pytest-3/test_run_shell_is_concurrency_0/other
2026-07-31 17:51:22,184 - pyiron_log - INFO - shell is in /tmp/pytest-of-hmai/pytest-3/test_run_shell_is_concurrency_0/other
2026-07-31 17:51:22,188 - pyiron_log - INFO - shell is in /tmp/pytest-of-hmai/pytest-3/test_run_shell_is_concurrency_0/other
2026-07-31 17:51:22,192 - pyiron_log - INFO - shell is in /tmp/pytest-of-hmai/pytest-3/test_run_shell_is_concurrency_0/other
2026-07-31 17:51:47,904 - pyiron_log - INFO - shell is in /tmp/pytest-of-hmai/pytest-4/test_run_shell_is_concurrency_0/calc
2026-07-31 17:51:47,907 - pyiron_log - INFO - shell is in /tmp/pytest-of-hmai/pytest-4/test_run_shell_is_concurrency_0/calc
2026-07-31 17:51:47,916 - pyiron_log - INFO - shell is in /tmp/pytest-of-hmai/pytest-4/test_run_shell_is_concurrency_0/calc
2026-07-31 17:51:47,919 - pyiron_log - INFO - shell is in /tmp/pytest-of-hmai/pytest-4/test_run_shell_is_concurrency_0/calc
2026-07-31 17:51:47,923 - pyiron_log - INFO - shell is in /tmp/pytest-of-hmai/pytest-4/test_run_shell_is_concurrency_0/calc
2026-07-31 17:51:47,927 - pyiron_log - INFO - shell is in /tmp/pytest-of-hmai/pytest-4/test_run_shell_is_concurrency_0/calc
2026-07-31 17:51:47,931 - pyiron_log - INFO - shell is in /tmp/pytest-of-hmai/pytest-4/test_run_shell_is_concurrency_0/calc
2026-07-31 17:51:47,933 - pyiron_log - INFO - shell is in /tmp/pytest-of-hmai/pytest-4/test_run_shell_is_concurrency_0/calc
2026-07-31 17:51:47,939 - pyiron_log - INFO - shell is in /tmp/pytest-of-hmai/pytest-4/test_run_shell_is_concurrency_0/calc
2026-07-31 17:51:47,941 - pyiron_log - INFO - shell is in /tmp/pytest-of-hmai/pytest-4/test_run_shell_is_concurrency_0/calc
2026-07-31 17:51:47,947 - pyiron_log - INFO - shell is in /tmp/pytest-of-hmai/pytest-4/test_run_shell_is_concurrency_0/calc
2026-07-31 17:51:47,950 - pyiron_log - INFO - shell is in /tmp/pytest-of-hmai/pytest-4/test_run_shell_is_concurrency_0/calc
2026-07-31 17:51:47,954 - pyiron_log - INFO - shell is in /tmp/pytest-of-hmai/pytest-4/test_run_shell_is_concurrency_0/calc
2026-07-31 17:51:47,957 - pyiron_log - INFO - shell is in /tmp/pytest-of-hmai/pytest-4/test_run_shell_is_concurrency_0/calc
2026-07-31 17:51:47,962 - pyiron_log - INFO - shell is in /tmp/pytest-of-hmai/pytest-4/test_run_shell_is_concurrency_0/calc
2026-07-31 17:51:47,965 - pyiron_log - INFO - shell is in /tmp/pytest-of-hmai/pytest-4/test_run_shell_is_concurrency_0/calc
2026-07-31 17:51:47,969 - pyiron_log - INFO - shell is in /tmp/pytest-of-hmai/pytest-4/test_run_shell_is_concurrency_0/calc
2026-07-31 17:51:47,975 - pyiron_log - INFO - shell is in /tmp/pytest-of-hmai/pytest-4/test_run_shell_is_concurrency_0/calc
2026-07-31 17:51:47,975 - pyiron_log - INFO - shell is in /tmp/pytest-of-hmai/pytest-4/test_run_shell_is_concurrency_0/calc
2026-07-31 17:51:47,984 - pyiron_log - INFO - shell is in /tmp/pytest-of-hmai/pytest-4/test_run_shell_is_concurrency_0/calc
2026-07-31 17:51:47,987 - pyiron_log - INFO - shell is in /tmp/pytest-of-hmai/pytest-4/test_run_shell_is_concurrency_0/other
2026-07-31 17:51:47,994 - pyiron_log - INFO - shell is in /tmp/pytest-of-hmai/pytest-4/test_run_shell_is_concurrency_0/other
2026-07-31 17:51:47,997 - pyiron_log - INFO - shell is in /tmp/pytest-of-hmai/pytest-4/test_run_shell_is_concurrency_0/other
2026-07-31 17:51:48,001 - pyiron_log - INFO - shell is in /tmp/pytest-of-hmai/pytest-4/test_run_shell_is_concurrency_0/other
2026-07-31 17:51:48,005 - pyiron_log - INFO - shell is in /tmp/pytest-of-hmai/pytest-4/test_run_shell_is_concurrency_0/other
2026-07-31 17:51:48,008 - pyiron_log - INFO - shell is in /tmp/pytest-of-hmai/pytest-4/test_run_shell_is_concurrency_0/other
2026-07-31 17:51:48,016 - pyiron_log - INFO - shell is in /tmp/pytest-of-hmai/pytest-4/test_run_shell_is_concurrency_0/other
2026-07-31 17:51:48,019 - pyiron_log - INFO - shell is in /tmp/pytest-of-hmai/pytest-4/test_run_shell_is_concurrency_0/other
2026-07-31 17:51:48,025 - pyiron_log - INFO - shell is in /tmp/pytest-of-hmai/pytest-4/test_run_shell_is_concurrency_0/other
2026-07-31 17:51:48,028 - pyiron_log - INFO - shell is in /tmp/pytest-of-hmai/pytest-4/test_run_shell_is_concurrency_0/other
2026-07-31 17:51:48,034 - pyiron_log - INFO - shell is in /tmp/pytest-of-hmai/pytest-4/test_run_shell_is_concurrency_0/other
2026-07-31 17:51:48,037 - pyiron_log - INFO - shell is in /tmp/pytest-of-hmai/pytest-4/test_run_shell_is_concurrency_0/other
2026-07-31 17:51:48,043 - pyiron_log - INFO - shell is in /tmp/pytest-of-hmai/pytest-4/test_run_shell_is_concurrency_0/other
2026-07-31 17:51:48,047 - pyiron_log - INFO - shell is in /tmp/pytest-of-hmai/pytest-4/test_run_shell_is_concurrency_0/other
2026-07-31 17:51:48,051 - pyiron_log - INFO - shell is in /tmp/pytest-of-hmai/pytest-4/test_run_shell_is_concurrency_0/other
2026-07-31 17:51:48,054 - pyiron_log - INFO - shell is in /tmp/pytest-of-hmai/pytest-4/test_run_shell_is_concurrency_0/other
2026-07-31 17:51:48,059 - pyiron_log - INFO - shell is in /tmp/pytest-of-hmai/pytest-4/test_run_shell_is_concurrency_0/other
2026-07-31 17:51:48,063 - pyiron_log - INFO - shell is in /tmp/pytest-of-hmai/pytest-4/test_run_shell_is_concurrency_0/other
2026-07-31 17:51:48,067 - pyiron_log - INFO - shell is in /tmp/pytest-of-hmai/pytest-4/test_run_shell_is_concurrency_0/other
2026-07-31 17:51:48,071 - pyiron_log - INFO - shell is in /tmp/pytest-of-hmai/pytest-4/test_run_shell_is_concurrency_0/other
2026-07-31 17:51:51,488 - pyiron_log - INFO - shell is in /tmp/pytest-of-hmai/pytest-5/test_run_shell_is_concurrency_0/calc
2026-07-31 17:51:51,488 - pyiron_log - INFO - shell is in /tmp/pytest-of-hmai/pytest-5/test_run_shell_is_concurrency_0/calc
2026-07-31 17:51:51,498 - pyiron_log - INFO - shell is in /tmp/pytest-of-hmai/pytest-5/test_run_shell_is_concurrency_0/calc
2026-07-31 17:51:51,500 - pyiron_log - INFO - shell is in /tmp/pytest-of-hmai/pytest-5/test_run_shell_is_concurrency_0/calc
2026-07-31 17:51:51,507 - pyiron_log - INFO - shell is in /tmp/pytest-of-hmai/pytest-5/test_run_shell_is_concurrency_0/calc
2026-07-31 17:51:51,510 - pyiron_log - INFO - shell is in /tmp/pytest-of-hmai/pytest-5/test_run_shell_is_concurrency_0/calc
2026-07-31 17:51:51,515 - pyiron_log - INFO - shell is in /tmp/pytest-of-hmai/pytest-5/test_run_shell_is_concurrency_0/calc
2026-07-31 17:51:51,519 - pyiron_log - INFO - shell is in /tmp/pytest-of-hmai/pytest-5/test_run_shell_is_concurrency_0/calc
2026-07-31 17:51:51,523 - pyiron_log - INFO - shell is in /tmp/pytest-of-hmai/pytest-5/test_run_shell_is_concurrency_0/calc
2026-07-31 17:51:51,526 - pyiron_log - INFO - shell is in /tmp/pytest-of-hmai/pytest-5/test_run_shell_is_concurrency_0/calc
2026-07-31 17:51:51,530 - pyiron_log - INFO - shell is in /tmp/pytest-of-hmai/pytest-5/test_run_shell_is_concurrency_0/calc
2026-07-31 17:51:51,534 - pyiron_log - INFO - shell is in /tmp/pytest-of-hmai/pytest-5/test_run_shell_is_concurrency_0/calc
2026-07-31 17:51:51,537 - pyiron_log - INFO - shell is in /tmp/pytest-of-hmai/pytest-5/test_run_shell_is_concurrency_0/calc
2026-07-31 17:51:51,542 - pyiron_log - INFO - shell is in /tmp/pytest-of-hmai/pytest-5/test_run_shell_is_concurrency_0/calc
2026-07-31 17:51:51,546 - pyiron_log - INFO - shell is in /tmp/pytest-of-hmai/pytest-5/test_run_shell_is_concurrency_0/calc
2026-07-31 17:51:51,551 - pyiron_log - INFO - shell is in /tmp/pytest-of-hmai/pytest-5/test_run_shell_is_concurrency_0/calc
2026-07-31 17:51:51,554 - pyiron_log - INFO - shell is in /tmp/pytest-of-hmai/pytest-5/test_run_shell_is_concurrency_0/calc
2026-07-31 17:51:51,558 - pyiron_log - INFO - shell is in /tmp/pytest-of-hmai/pytest-5/test_run_shell_is_concurrency_0/calc
2026-07-31 17:51:51,562 - pyiron_log - INFO - shell is in /tmp/pytest-of-hmai/pytest-5/test_run_shell_is_concurrency_0/calc
2026-07-31 17:51:51,566 - pyiron_log - INFO - shell is in /tmp/pytest-of-hmai/pytest-5/test_run_shell_is_concurrency_0/calc
2026-07-31 17:51:51,570 - pyiron_log - INFO - shell is in /tmp/pytest-of-hmai/pytest-5/test_run_shell_is_concurrency_0/other
2026-07-31 17:51:51,573 - pyiron_log - INFO - shell is in /tmp/pytest-of-hmai/pytest-5/test_run_shell_is_concurrency_0/other
2026-07-31 17:51:51,577 - pyiron_log - INFO - shell is in /tmp/pytest-of-hmai/pytest-5/test_run_shell_is_concurrency_0/other
2026-07-31 17:51:51,580 - pyiron_log - INFO - shell is in /tmp/pytest-of-hmai/pytest-5/test_run_shell_is_concurrency_0/other
2026-07-31 17:51:51,584 - pyiron_log - INFO - shell is in /tmp/pytest-of-hmai/pytest-5/test_run_shell_is_concurrency_0/other
2026-07-31 17:51:51,588 - pyiron_log - INFO - shell is in /tmp/pytest-of-hmai/pytest-5/test_run_shell_is_concurrency_0/other
2026-07-31 17:51:51,592 - pyiron_log - INFO - shell is in /tmp/pytest-of-hmai/pytest-5/test_run_shell_is_concurrency_0/other
2026-07-31 17:51:51,596 - pyiron_log - INFO - shell is in /tmp/pytest-of-hmai/pytest-5/test_run_shell_is_concurrency_0/other
2026-07-31 17:51:51,599 - pyiron_log - INFO - shell is in /tmp/pytest-of-hmai/pytest-5/test_run_shell_is_concurrency_0/other
2026-07-31 17:51:51,602 - pyiron_log - INFO - shell is in /tmp/pytest-of-hmai/pytest-5/test_run_shell_is_concurrency_0/other
2026-07-31 17:51:51,606 - pyiron_log - INFO - shell is in /tmp/pytest-of-hmai/pytest-5/test_run_shell_is_concurrency_0/other
2026-07-31 17:51:51,609 - pyiron_log - INFO - shell is in /tmp/pytest-of-hmai/pytest-5/test_run_shell_is_concurrency_0/other
2026-07-31 17:51:51,614 - pyiron_log - INFO - shell is in /tmp/pytest-of-hmai/pytest-5/test_run_shell_is_concurrency_0/other
2026-07-31 17:51:51,617 - pyiron_log - INFO - shell is in /tmp/pytest-of-hmai/pytest-5/test_run_shell_is_concurrency_0/other
2026-07-31 17:51:51,621 - pyiron_log - INFO - shell is in /tmp/pytest-of-hmai/pytest-5/test_run_shell_is_concurrency_0/other
2026-07-31 17:51:51,624 - pyiron_log - INFO - shell is in /tmp/pytest-of-hmai/pytest-5/test_run_shell_is_concurrency_0/other
2026-07-31 17:51:51,628 - pyiron_log - INFO - shell is in /tmp/pytest-of-hmai/pytest-5/test_run_shell_is_concurrency_0/other
2026-07-31 17:51:51,632 - pyiron_log - INFO - shell is in /tmp/pytest-of-hmai/pytest-5/test_run_shell_is_concurrency_0/other
2026-07-31 17:51:51,636 - pyiron_log - INFO - shell is in /tmp/pytest-of-hmai/pytest-5/test_run_shell_is_concurrency_0/other
2026-07-31 17:51:51,640 - pyiron_log - INFO - shell is in /tmp/pytest-of-hmai/pytest-5/test_run_shell_is_concurrency_0/other
2026-07-31 17:51:55,178 - pyiron_log - INFO - shell is in /tmp/pytest-of-hmai/pytest-6/test_run_shell_is_concurrency_0/calc
2026-07-31 17:51:55,180 - pyiron_log - INFO - shell is in /tmp/pytest-of-hmai/pytest-6/test_run_shell_is_concurrency_0/calc
2026-07-31 17:51:55,190 - pyiron_log - INFO - shell is in /tmp/pytest-of-hmai/pytest-6/test_run_shell_is_concurrency_0/calc
2026-07-31 17:51:55,193 - pyiron_log - INFO - shell is in /tmp/pytest-of-hmai/pytest-6/test_run_shell_is_concurrency_0/calc
2026-07-31 17:51:55,201 - pyiron_log - INFO - shell is in /tmp/pytest-of-hmai/pytest-6/test_run_shell_is_concurrency_0/calc
2026-07-31 17:51:55,204 - pyiron_log - INFO - shell is in /tmp/pytest-of-hmai/pytest-6/test_run_shell_is_concurrency_0/calc
2026-07-31 17:51:55,212 - pyiron_log - INFO - shell is in /tmp/pytest-of-hmai/pytest-6/test_run_shell_is_concurrency_0/calc
2026-07-31 17:51:55,215 - pyiron_log - INFO - shell is in /tmp/pytest-of-hmai/pytest-6/test_run_shell_is_concurrency_0/calc
2026-07-31 17:51:55,223 - pyiron_log - INFO - shell is in /tmp/pytest-of-hmai/pytest-6/test_run_shell_is_concurrency_0/calc
2026-07-31 17:51:55,226 - pyiron_log - INFO - shell is in /tmp/pytest-of-hmai/pytest-6/test_run_shell_is_concurrency_0/calc
2026-07-31 17:51:55,231 - pyiron_log - INFO - shell is in /tmp/pytest-of-hmai/pytest-6/test_run_shell_is_concurrency_0/calc
2026-07-31 17:51:55,235 - pyiron_log - INFO - shell is in /tmp/pytest-of-hmai/pytest-6/test_run_shell_is_concurrency_0/calc
2026-07-31 17:51:55,238 - pyiron_log - INFO - shell is in /tmp/pytest-of-hmai/pytest-6/test_run_shell_is_concurrency_0/calc
2026-07-31 17:51:55,243 - pyiron_log - INFO - shell is in /tmp/pytest-of-hmai/pytest-6/test_run_shell_is_concurrency_0/calc
2026-07-31 17:51:55,245 - pyiron_log - INFO - shell is in /tmp/pytest-of-hmai/pytest-6/test_run_shell_is_concurrency_0/calc
2026-07-31 17:51:55,251 - pyiron_log - INFO - shell is in /tmp/pytest-of-hmai/pytest-6/test_run_shell_is_concurrency_0/calc
2026-07-31 17:51:55,253 - pyiron_log - INFO - shell is in /tmp/pytest-of-hmai/pytest-6/test_run_shell_is_concurrency_0/calc
2026-07-31 17:51:55,260 - pyiron_log - INFO - shell is in /tmp/pytest-of-hmai/pytest-6/test_run_shell_is_concurrency_0/calc
2026-07-31 17:51:55,263 - pyiron_log - INFO - shell is in /tmp/pytest-of-hmai/pytest-6/test_run_shell_is_concurrency_0/calc
2026-07-31 17:51:55,272 - pyiron_log - INFO - shell is in /tmp/pytest-of-hmai/pytest-6/test_run_shell_is_concurrency_0/calc
2026-07-31 17:51:55,275 - pyiron_log - INFO - shell is in /tmp/pytest-of-hmai/pytest-6/test_run_shell_is_concurrency_0/other
2026-07-31 17:51:55,282 - pyiron_log - INFO - shell is in /tmp/pytest-of-hmai/pytest-6/test_run_shell_is_concurrency_0/other
2026-07-31 17:51:55,285 - pyiron_log - INFO - shell is in /tmp/pytest-of-hmai/pytest-6/test_run_shell_is_concurrency_0/other
2026-07-31 17:51:55,290 - pyiron_log - INFO - shell is in /tmp/pytest-of-hmai/pytest-6/test_run_shell_is_concurrency_0/other
2026-07-31 17:51:55,293 - pyiron_log - INFO - shell is in /tmp/pytest-of-hmai/pytest-6/test_run_shell_is_concurrency_0/other
2026-07-31 17:51:55,297 - pyiron_log - INFO - shell is in /tmp/pytest-of-hmai/pytest-6/test_run_shell_is_concurrency_0/other
2026-07-31 17:51:55,301 - pyiron_log - INFO - shell is in /tmp/pytest-of-hmai/pytest-6/test_run_shell_is_concurrency_0/other
2026-07-31 17:51:55,305 - pyiron_log - INFO - shell is in /tmp/pytest-of-hmai/pytest-6/test_run_shell_is_concurrency_0/other
2026-07-31 17:51:55,308 - pyiron_log - INFO - shell is in /tmp/pytest-of-hmai/pytest-6/test_run_shell_is_concurrency_0/other
2026-07-31 17:51:55,313 - pyiron_log - INFO - shell is in /tmp/pytest-of-hmai/pytest-6/test_run_shell_is_concurrency_0/other
2026-07-31 17:51:55,317 - pyiron_log - INFO - shell is in /tmp/pytest-of-hmai/pytest-6/test_run_shell_is_concurrency_0/other
2026-07-31 17:51:55,321 - pyiron_log - INFO - shell is in /tmp/pytest-of-hmai/pytest-6/test_run_shell_is_concurrency_0/other
2026-07-31 17:51:55,325 - pyiron_log - INFO - shell is in /tmp/pytest-of-hmai/pytest-6/test_run_shell_is_concurrency_0/other
2026-07-31 17:51:55,329 - pyiron_log - INFO - shell is in /tmp/pytest-of-hmai/pytest-6/test_run_shell_is_concurrency_0/other
2026-07-31 17:51:55,333 - pyiron_log - INFO - shell is in /tmp/pytest-of-hmai/pytest-6/test_run_shell_is_concurrency_0/other
2026-07-31 17:51:55,338 - pyiron_log - INFO - shell is in /tmp/pytest-of-hmai/pytest-6/test_run_shell_is_concurrency_0/other
2026-07-31 17:51:55,341 - pyiron_log - INFO - shell is in /tmp/pytest-of-hmai/pytest-6/test_run_shell_is_concurrency_0/other
2026-07-31 17:51:55,345 - pyiron_log - INFO - shell is in /tmp/pytest-of-hmai/pytest-6/test_run_shell_is_concurrency_0/other
2026-07-31 17:51:55,349 - pyiron_log - INFO - shell is in /tmp/pytest-of-hmai/pytest-6/test_run_shell_is_concurrency_0/other
2026-07-31 17:51:55,353 - pyiron_log - INFO - shell is in /tmp/pytest-of-hmai/pytest-6/test_run_shell_is_concurrency_0/other
2026-07-31 17:51:58,816 - pyiron_log - INFO - shell is in /tmp/pytest-of-hmai/pytest-7/test_run_shell_is_concurrency_0/calc
2026-07-31 17:51:58,819 - pyiron_log - INFO - shell is in /tmp/pytest-of-hmai/pytest-7/test_run_shell_is_concurrency_0/calc
2026-07-31 17:51:58,826 - pyiron_log - INFO - shell is in /tmp/pytest-of-hmai/pytest-7/test_run_shell_is_concurrency_0/calc
2026-07-31 17:51:58,829 - pyiron_log - INFO - shell is in /tmp/pytest-of-hmai/pytest-7/test_run_shell_is_concurrency_0/calc
2026-07-31 17:51:58,837 - pyiron_log - INFO - shell is in /tmp/pytest-of-hmai/pytest-7/test_run_shell_is_concurrency_0/calc
2026-07-31 17:51:58,839 - pyiron_log - INFO - shell is in /tmp/pytest-of-hmai/pytest-7/test_run_shell_is_concurrency_0/calc
2026-07-31 17:51:58,844 - pyiron_log - INFO - shell is in /tmp/pytest-of-hmai/pytest-7/test_run_shell_is_concurrency_0/calc
2026-07-31 17:51:58,848 - pyiron_log - INFO - shell is in /tmp/pytest-of-hmai/pytest-7/test_run_shell_is_concurrency_0/calc
2026-07-31 17:51:58,851 - pyiron_log - INFO - shell is in /tmp/pytest-of-hmai/pytest-7/test_run_shell_is_concurrency_0/calc
2026-07-31 17:51:58,856 - pyiron_log - INFO - shell is in /tmp/pytest-of-hmai/pytest-7/test_run_shell_is_concurrency_0/calc
2026-07-31 17:51:58,858 - pyiron_log - INFO - shell is in /tmp/pytest-of-hmai/pytest-7/test_run_shell_is_concurrency_0/calc
2026-07-31 17:51:58,862 - pyiron_log - INFO - shell is in /tmp/pytest-of-hmai/pytest-7/test_run_shell_is_concurrency_0/calc
2026-07-31 17:51:58,864 - pyiron_log - INFO - shell is in /tmp/pytest-of-hmai/pytest-7/test_run_shell_is_concurrency_0/calc
2026-07-31 17:51:58,872 - pyiron_log - INFO - shell is in /tmp/pytest-of-hmai/pytest-7/test_run_shell_is_concurrency_0/calc
2026-07-31 17:51:58,875 - pyiron_log - INFO - shell is in /tmp/pytest-of-hmai/pytest-7/test_run_shell_is_concurrency_0/calc
2026-07-31 17:51:58,882 - pyiron_log - INFO - shell is in /tmp/pytest-of-hmai/pytest-7/test_run_shell_is_concurrency_0/calc
2026-07-31 17:51:58,885 - pyiron_log - INFO - shell is in /tmp/pytest-of-hmai/pytest-7/test_run_shell_is_concurrency_0/calc
2026-07-31 17:51:58,893 - pyiron_log - INFO - shell is in /tmp/pytest-of-hmai/pytest-7/test_run_shell_is_concurrency_0/calc
2026-07-31 17:51:58,896 - pyiron_log - INFO - shell is in /tmp/pytest-of-hmai/pytest-7/test_run_shell_is_concurrency_0/calc
2026-07-31 17:51:58,903 - pyiron_log - INFO - shell is in /tmp/pytest-of-hmai/pytest-7/test_run_shell_is_concurrency_0/calc
2026-07-31 17:51:58,907 - pyiron_log - INFO - shell is in /tmp/pytest-of-hmai/pytest-7/test_run_shell_is_concurrency_0/other
2026-07-31 17:51:58,911 - pyiron_log - INFO - shell is in /tmp/pytest-of-hmai/pytest-7/test_run_shell_is_concurrency_0/other
2026-07-31 17:51:58,915 - pyiron_log - INFO - shell is in /tmp/pytest-of-hmai/pytest-7/test_run_shell_is_concurrency_0/other
2026-07-31 17:51:58,919 - pyiron_log - INFO - shell is in /tmp/pytest-of-hmai/pytest-7/test_run_shell_is_concurrency_0/other
2026-07-31 17:51:58,923 - pyiron_log - INFO - shell is in /tmp/pytest-of-hmai/pytest-7/test_run_shell_is_concurrency_0/other
2026-07-31 17:51:58,927 - pyiron_log - INFO - shell is in /tmp/pytest-of-hmai/pytest-7/test_run_shell_is_concurrency_0/other
2026-07-31 17:51:58,931 - pyiron_log - INFO - shell is in /tmp/pytest-of-hmai/pytest-7/test_run_shell_is_concurrency_0/other
2026-07-31 17:51:58,934 - pyiron_log - INFO - shell is in /tmp/pytest-of-hmai/pytest-7/test_run_shell_is_concurrency_0/other
2026-07-31 17:51:58,939 - pyiron_log - INFO - shell is in /tmp/pytest-of-hmai/pytest-7/test_run_shell_is_concurrency_0/other
2026-07-31 17:51:58,942 - pyiron_log - INFO - shell is in /tmp/pytest-of-hmai/pytest-7/test_run_shell_is_concurrency_0/other
2026-07-31 17:51:58,947 - pyiron_log - INFO - shell is in /tmp/pytest-of-hmai/pytest-7/test_run_shell_is_concurrency_0/other
2026-07-31 17:51:58,951 - pyiron_log - INFO - shell is in /tmp/pytest-of-hmai/pytest-7/test_run_shell_is_concurrency_0/other
2026-07-31 17:51:58,955 - pyiron_log - INFO - shell is in /tmp/pytest-of-hmai/pytest-7/test_run_shell_is_concurrency_0/other
2026-07-31 17:51:58,959 - pyiron_log - INFO - shell is in /tmp/pytest-of-hmai/pytest-7/test_run_shell_is_concurrency_0/other
2026-07-31 17:51:58,963 - pyiron_log - INFO - shell is in /tmp/pytest-of-hmai/pytest-7/test_run_shell_is_concurrency_0/other
2026-07-31 17:51:58,967 - pyiron_log - INFO - shell is in /tmp/pytest-of-hmai/pytest-7/test_run_shell_is_concurrency_0/other
2026-07-31 17:51:58,971 - pyiron_log - INFO - shell is in /tmp/pytest-of-hmai/pytest-7/test_run_shell_is_concurrency_0/other
2026-07-31 17:51:58,975 - pyiron_log - INFO - shell is in /tmp/pytest-of-hmai/pytest-7/test_run_shell_is_concurrency_0/other
2026-07-31 17:51:58,979 - pyiron_log - INFO - shell is in /tmp/pytest-of-hmai/pytest-7/test_run_shell_is_concurrency_0/other
2026-07-31 17:51:58,983 - pyiron_log - INFO - shell is in /tmp/pytest-of-hmai/pytest-7/test_run_shell_is_concurrency_0/other
2026-07-31 17:52:02,461 - pyiron_log - INFO - shell is in /tmp/pytest-of-hmai/pytest-8/test_run_shell_is_concurrency_0/calc
2026-07-31 17:52:02,464 - pyiron_log - INFO - shell is in /tmp/pytest-of-hmai/pytest-8/test_run_shell_is_concurrency_0/calc
2026-07-31 17:52:02,471 - pyiron_log - INFO - shell is in /tmp/pytest-of-hmai/pytest-8/test_run_shell_is_concurrency_0/calc
2026-07-31 17:52:02,474 - pyiron_log - INFO - shell is in /tmp/pytest-of-hmai/pytest-8/test_run_shell_is_concurrency_0/calc
2026-07-31 17:52:02,478 - pyiron_log - INFO - shell is in /tmp/pytest-of-hmai/pytest-8/test_run_shell_is_concurrency_0/calc
2026-07-31 17:52:02,483 - pyiron_log - INFO - shell is in /tmp/pytest-of-hmai/pytest-8/test_run_shell_is_concurrency_0/calc
2026-07-31 17:52:02,485 - pyiron_log - INFO - shell is in /tmp/pytest-of-hmai/pytest-8/test_run_shell_is_concurrency_0/calc
2026-07-31 17:52:02,491 - pyiron_log - INFO - shell is in /tmp/pytest-of-hmai/pytest-8/test_run_shell_is_concurrency_0/calc
2026-07-31 17:52:02,493 - pyiron_log - INFO - shell is in /tmp/pytest-of-hmai/pytest-8/test_run_shell_is_concurrency_0/calc
2026-07-31 17:52:02,499 - pyiron_log - INFO - shell is in /tmp/pytest-of-hmai/pytest-8/test_run_shell_is_concurrency_0/calc
2026-07-31 17:52:02,501 - pyiron_log - INFO - shell is in /tmp/pytest-of-hmai/pytest-8/test_run_shell_is_concurrency_0/calc
2026-07-31 17:52:02,506 - pyiron_log - INFO - shell is in /tmp/pytest-of-hmai/pytest-8/test_run_shell_is_concurrency_0/calc
2026-07-31 17:52:02,509 - pyiron_log - INFO - shell is in /tmp/pytest-of-hmai/pytest-8/test_run_shell_is_concurrency_0/calc
2026-07-31 17:52:02,513 - pyiron_log - INFO - shell is in /tmp/pytest-of-hmai/pytest-8/test_run_shell_is_concurrency_0/calc
2026-07-31 17:52:02,516 - pyiron_log - INFO - shell is in /tmp/pytest-of-hmai/pytest-8/test_run_shell_is_concurrency_0/calc
2026-07-31 17:52:02,521 - pyiron_log - INFO - shell is in /tmp/pytest-of-hmai/pytest-8/test_run_shell_is_concurrency_0/calc
2026-07-31 17:52:02,524 - pyiron_log - INFO - shell is in /tmp/pytest-of-hmai/pytest-8/test_run_shell_is_concurrency_0/calc
2026-07-31 17:52:02,528 - pyiron_log - INFO - shell is in /tmp/pytest-of-hmai/pytest-8/test_run_shell_is_concurrency_0/calc
2026-07-31 17:52:02,531 - pyiron_log - INFO - shell is in /tmp/pytest-of-hmai/pytest-8/test_run_shell_is_concurrency_0/calc
2026-07-31 17:52:02,535 - pyiron_log - INFO - shell is in /tmp/pytest-of-hmai/pytest-8/test_run_shell_is_concurrency_0/calc
2026-07-31 17:52:02,539 - pyiron_log - INFO - shell is in /tmp/pytest-of-hmai/pytest-8/test_run_shell_is_concurrency_0/other
2026-07-31 17:52:02,542 - pyiron_log - INFO - shell is in /tmp/pytest-of-hmai/pytest-8/test_run_shell_is_concurrency_0/other
2026-07-31 17:52:02,546 - pyiron_log - INFO - shell is in /tmp/pytest-of-hmai/pytest-8/test_run_shell_is_concurrency_0/other
2026-07-31 17:52:02,551 - pyiron_log - INFO - shell is in /tmp/pytest-of-hmai/pytest-8/test_run_shell_is_concurrency_0/other
2026-07-31 17:52:02,553 - pyiron_log - INFO - shell is in /tmp/pytest-of-hmai/pytest-8/test_run_shell_is_concurrency_0/other
2026-07-31 17:52:02,558 - pyiron_log - INFO - shell is in /tmp/pytest-of-hmai/pytest-8/test_run_shell_is_concurrency_0/other
2026-07-31 17:52:02,562 - pyiron_log - INFO - shell is in /tmp/pytest-of-hmai/pytest-8/test_run_shell_is_concurrency_0/other
2026-07-31 17:52:02,565 - pyiron_log - INFO - shell is in /tmp/pytest-of-hmai/pytest-8/test_run_shell_is_concurrency_0/other
2026-07-31 17:52:02,568 - pyiron_log - INFO - shell is in /tmp/pytest-of-hmai/pytest-8/test_run_shell_is_concurrency_0/other
2026-07-31 17:52:02,573 - pyiron_log - INFO - shell is in /tmp/pytest-of-hmai/pytest-8/test_run_shell_is_concurrency_0/other
2026-07-31 17:52:02,577 - pyiron_log - INFO - shell is in /tmp/pytest-of-hmai/pytest-8/test_run_shell_is_concurrency_0/other
2026-07-31 17:52:02,581 - pyiron_log - INFO - shell is in /tmp/pytest-of-hmai/pytest-8/test_run_shell_is_concurrency_0/other
2026-07-31 17:52:02,585 - pyiron_log - INFO - shell is in /tmp/pytest-of-hmai/pytest-8/test_run_shell_is_concurrency_0/other
2026-07-31 17:52:02,589 - pyiron_log - INFO - shell is in /tmp/pytest-of-hmai/pytest-8/test_run_shell_is_concurrency_0/other
2026-07-31 17:52:02,594 - pyiron_log - INFO - shell is in /tmp/pytest-of-hmai/pytest-8/test_run_shell_is_concurrency_0/other
2026-07-31 17:52:02,596 - pyiron_log - INFO - shell is in /tmp/pytest-of-hmai/pytest-8/test_run_shell_is_concurrency_0/other
2026-07-31 17:52:02,603 - pyiron_log - INFO - shell is in /tmp/pytest-of-hmai/pytest-8/test_run_shell_is_concurrency_0/other
2026-07-31 17:52:02,607 - pyiron_log - INFO - shell is in /tmp/pytest-of-hmai/pytest-8/test_run_shell_is_concurrency_0/other
2026-07-31 17:52:02,613 - pyiron_log - INFO - shell is in /tmp/pytest-of-hmai/pytest-8/test_run_shell_is_concurrency_0/other
2026-07-31 17:52:02,616 - pyiron_log - INFO - shell is in /tmp/pytest-of-hmai/pytest-8/test_run_shell_is_concurrency_0/other
2026-07-31 17:52:06,222 - pyiron_log - INFO - shell is in /tmp/pytest-of-hmai/pytest-9/test_run_shell_is_concurrency_0/calc
2026-07-31 17:52:06,225 - pyiron_log - INFO - shell is in /tmp/pytest-of-hmai/pytest-9/test_run_shell_is_concurrency_0/calc
2026-07-31 17:52:06,234 - pyiron_log - INFO - shell is in /tmp/pytest-of-hmai/pytest-9/test_run_shell_is_concurrency_0/calc
2026-07-31 17:52:06,236 - pyiron_log - INFO - shell is in /tmp/pytest-of-hmai/pytest-9/test_run_shell_is_concurrency_0/calc
2026-07-31 17:52:06,240 - pyiron_log - INFO - shell is in /tmp/pytest-of-hmai/pytest-9/test_run_shell_is_concurrency_0/calc
2026-07-31 17:52:06,244 - pyiron_log - INFO - shell is in /tmp/pytest-of-hmai/pytest-9/test_run_shell_is_concurrency_0/calc
2026-07-31 17:52:06,247 - pyiron_log - INFO - shell is in /tmp/pytest-of-hmai/pytest-9/test_run_shell_is_concurrency_0/calc
2026-07-31 17:52:06,253 - pyiron_log - INFO - shell is in /tmp/pytest-of-hmai/pytest-9/test_run_shell_is_concurrency_0/calc
2026-07-31 17:52:06,257 - pyiron_log - INFO - shell is in /tmp/pytest-of-hmai/pytest-9/test_run_shell_is_concurrency_0/calc
2026-07-31 17:52:06,260 - pyiron_log - INFO - shell is in /tmp/pytest-of-hmai/pytest-9/test_run_shell_is_concurrency_0/calc
2026-07-31 17:52:06,264 - pyiron_log - INFO - shell is in /tmp/pytest-of-hmai/pytest-9/test_run_shell_is_concurrency_0/calc
2026-07-31 17:52:06,268 - pyiron_log - INFO - shell is in /tmp/pytest-of-hmai/pytest-9/test_run_shell_is_concurrency_0/calc
2026-07-31 17:52:06,270 - pyiron_log - INFO - shell is in /tmp/pytest-of-hmai/pytest-9/test_run_shell_is_concurrency_0/calc
2026-07-31 17:52:06,276 - pyiron_log - INFO - shell is in /tmp/pytest-of-hmai/pytest-9/test_run_shell_is_concurrency_0/calc
2026-07-31 17:52:06,278 - pyiron_log - INFO - shell is in /tmp/pytest-of-hmai/pytest-9/test_run_shell_is_concurrency_0/calc
2026-07-31 17:52:06,284 - pyiron_log - INFO - shell is in /tmp/pytest-of-hmai/pytest-9/test_run_shell_is_concurrency_0/calc
2026-07-31 17:52:06,287 - pyiron_log - INFO - shell is in /tmp/pytest-of-hmai/pytest-9/test_run_shell_is_concurrency_0/calc
2026-07-31 17:52:06,291 - pyiron_log - INFO - shell is in /tmp/pytest-of-hmai/pytest-9/test_run_shell_is_concurrency_0/calc
2026-07-31 17:52:06,295 - pyiron_log - INFO - shell is in /tmp/pytest-of-hmai/pytest-9/test_run_shell_is_concurrency_0/calc
2026-07-31 17:52:06,301 - pyiron_log - INFO - shell is in /tmp/pytest-of-hmai/pytest-9/test_run_shell_is_concurrency_0/calc
2026-07-31 17:52:06,304 - pyiron_log - INFO - shell is in /tmp/pytest-of-hmai/pytest-9/test_run_shell_is_concurrency_0/other
2026-07-31 17:52:06,308 - pyiron_log - INFO - shell is in /tmp/pytest-of-hmai/pytest-9/test_run_shell_is_concurrency_0/other
2026-07-31 17:52:06,313 - pyiron_log - INFO - shell is in /tmp/pytest-of-hmai/pytest-9/test_run_shell_is_concurrency_0/other
2026-07-31 17:52:06,316 - pyiron_log - INFO - shell is in /tmp/pytest-of-hmai/pytest-9/test_run_shell_is_concurrency_0/other
2026-07-31 17:52:06,320 - pyiron_log - INFO - shell is in /tmp/pytest-of-hmai/pytest-9/test_run_shell_is_concurrency_0/other
2026-07-31 17:52:06,324 - pyiron_log - INFO - shell is in /tmp/pytest-of-hmai/pytest-9/test_run_shell_is_concurrency_0/other
2026-07-31 17:52:06,328 - pyiron_log - INFO - shell is in /tmp/pytest-of-hmai/pytest-9/test_run_shell_is_concurrency_0/other
2026-07-31 17:52:06,333 - pyiron_log - INFO - shell is in /tmp/pytest-of-hmai/pytest-9/test_run_shell_is_concurrency_0/other
2026-07-31 17:52:06,336 - pyiron_log - INFO - shell is in /tmp/pytest-of-hmai/pytest-9/test_run_shell_is_concurrency_0/other
2026-07-31 17:52:06,341 - pyiron_log - INFO - shell is in /tmp/pytest-of-hmai/pytest-9/test_run_shell_is_concurrency_0/other
2026-07-31 17:52:06,344 - pyiron_log - INFO - shell is in /tmp/pytest-of-hmai/pytest-9/test_run_shell_is_concurrency_0/other
2026-07-31 17:52:06,348 - pyiron_log - INFO - shell is in /tmp/pytest-of-hmai/pytest-9/test_run_shell_is_concurrency_0/other
2026-07-31 17:52:06,352 - pyiron_log - INFO - shell is in /tmp/pytest-of-hmai/pytest-9/test_run_shell_is_concurrency_0/other
2026-07-31 17:52:06,356 - pyiron_log - INFO - shell is in /tmp/pytest-of-hmai/pytest-9/test_run_shell_is_concurrency_0/other
2026-07-31 17:52:06,360 - pyiron_log - INFO - shell is in /tmp/pytest-of-hmai/pytest-9/test_run_shell_is_concurrency_0/other
2026-07-31 17:52:06,364 - pyiron_log - INFO - shell is in /tmp/pytest-of-hmai/pytest-9/test_run_shell_is_concurrency_0/other
2026-07-31 17:52:06,368 - pyiron_log - INFO - shell is in /tmp/pytest-of-hmai/pytest-9/test_run_shell_is_concurrency_0/other
2026-07-31 17:52:06,373 - pyiron_log - INFO - shell is in /tmp/pytest-of-hmai/pytest-9/test_run_shell_is_concurrency_0/other
2026-07-31 17:52:06,376 - pyiron_log - INFO - shell is in /tmp/pytest-of-hmai/pytest-9/test_run_shell_is_concurrency_0/other
2026-07-31 17:52:06,381 - pyiron_log - INFO - shell is in /tmp/pytest-of-hmai/pytest-9/test_run_shell_is_concurrency_0/other
2026-07-31 17:52:09,952 - pyiron_log - INFO - shell is in /tmp/pytest-of-hmai/pytest-10/test_run_shell_is_concurrency_0/calc
2026-07-31 17:52:09,952 - pyiron_log - INFO - shell is in /tmp/pytest-of-hmai/pytest-10/test_run_shell_is_concurrency_0/calc
2026-07-31 17:52:09,960 - pyiron_log - INFO - shell is in /tmp/pytest-of-hmai/pytest-10/test_run_shell_is_concurrency_0/calc
2026-07-31 17:52:09,963 - pyiron_log - INFO - shell is in /tmp/pytest-of-hmai/pytest-10/test_run_shell_is_concurrency_0/calc
2026-07-31 17:52:09,967 - pyiron_log - INFO - shell is in /tmp/pytest-of-hmai/pytest-10/test_run_shell_is_concurrency_0/calc
2026-07-31 17:52:09,971 - pyiron_log - INFO - shell is in /tmp/pytest-of-hmai/pytest-10/test_run_shell_is_concurrency_0/calc
2026-07-31 17:52:09,975 - pyiron_log - INFO - shell is in /tmp/pytest-of-hmai/pytest-10/test_run_shell_is_concurrency_0/calc
2026-07-31 17:52:09,980 - pyiron_log - INFO - shell is in /tmp/pytest-of-hmai/pytest-10/test_run_shell_is_concurrency_0/calc
2026-07-31 17:52:09,983 - pyiron_log - INFO - shell is in /tmp/pytest-of-hmai/pytest-10/test_run_shell_is_concurrency_0/calc
2026-07-31 17:52:09,987 - pyiron_log - INFO - shell is in /tmp/pytest-of-hmai/pytest-10/test_run_shell_is_concurrency_0/calc
2026-07-31 17:52:09,990 - pyiron_log - INFO - shell is in /tmp/pytest-of-hmai/pytest-10/test_run_shell_is_concurrency_0/calc
2026-07-31 17:52:09,995 - pyiron_log - INFO - shell is in /tmp/pytest-of-hmai/pytest-10/test_run_shell_is_concurrency_0/calc
2026-07-31 17:52:09,998 - pyiron_log - INFO - shell is in /tmp/pytest-of-hmai/pytest-10/test_run_shell_is_concurrency_0/calc
2026-07-31 17:52:10,003 - pyiron_log - INFO - shell is in /tmp/pytest-of-hmai/pytest-10/test_run_shell_is_concurrency_0/calc
2026-07-31 17:52:10,006 - pyiron_log - INFO - shell is in /tmp/pytest-of-hmai/pytest-10/test_run_shell_is_concurrency_0/calc
2026-07-31 17:52:10,011 - pyiron_log - INFO - shell is in /tmp/pytest-of-hmai/pytest-10/test_run_shell_is_concurrency_0/calc
2026-07-31 17:52:10,015 - pyiron_log - INFO - shell is in /tmp/pytest-of-hmai/pytest-10/test_run_shell_is_concurrency_0/calc
2026-07-31 17:52:10,019 - pyiron_log - INFO - shell is in /tmp/pytest-of-hmai/pytest-10/test_run_shell_is_concurrency_0/calc
2026-07-31 17:52:10,023 - pyiron_log - INFO - shell is in /tmp/pytest-of-hmai/pytest-10/test_run_shell_is_concurrency_0/calc
2026-07-31 17:52:10,028 - pyiron_log - INFO - shell is in /tmp/pytest-of-hmai/pytest-10/test_run_shell_is_concurrency_0/calc
2026-07-31 17:52:10,031 - pyiron_log - INFO - shell is in /tmp/pytest-of-hmai/pytest-10/test_run_shell_is_concurrency_0/other
2026-07-31 17:52:10,039 - pyiron_log - INFO - shell is in /tmp/pytest-of-hmai/pytest-10/test_run_shell_is_concurrency_0/other
2026-07-31 17:52:10,042 - pyiron_log - INFO - shell is in /tmp/pytest-of-hmai/pytest-10/test_run_shell_is_concurrency_0/other
2026-07-31 17:52:10,049 - pyiron_log - INFO - shell is in /tmp/pytest-of-hmai/pytest-10/test_run_shell_is_concurrency_0/other
2026-07-31 17:52:10,052 - pyiron_log - INFO - shell is in /tmp/pytest-of-hmai/pytest-10/test_run_shell_is_concurrency_0/other
2026-07-31 17:52:10,059 - pyiron_log - INFO - shell is in /tmp/pytest-of-hmai/pytest-10/test_run_shell_is_concurrency_0/other
2026-07-31 17:52:10,062 - pyiron_log - INFO - shell is in /tmp/pytest-of-hmai/pytest-10/test_run_shell_is_concurrency_0/other
2026-07-31 17:52:10,070 - pyiron_log - INFO - shell is in /tmp/pytest-of-hmai/pytest-10/test_run_shell_is_concurrency_0/other
2026-07-31 17:52:10,073 - pyiron_log - INFO - shell is in /tmp/pytest-of-hmai/pytest-10/test_run_shell_is_concurrency_0/other
2026-07-31 17:52:10,078 - pyiron_log - INFO - shell is in /tmp/pytest-of-hmai/pytest-10/test_run_shell_is_concurrency_0/other
2026-07-31 17:52:10,082 - pyiron_log - INFO - shell is in /tmp/pytest-of-hmai/pytest-10/test_run_shell_is_concurrency_0/other
2026-07-31 17:52:10,086 - pyiron_log - INFO - shell is in /tmp/pytest-of-hmai/pytest-10/test_run_shell_is_concurrency_0/other
2026-07-31 17:52:10,090 - pyiron_log - INFO - shell is in /tmp/pytest-of-hmai/pytest-10/test_run_shell_is_concurrency_0/other
2026-07-31 17:52:10,095 - pyiron_log - INFO - shell is in /tmp/pytest-of-hmai/pytest-10/test_run_shell_is_concurrency_0/other
2026-07-31 17:52:10,097 - pyiron_log - INFO - shell is in /tmp/pytest-of-hmai/pytest-10/test_run_shell_is_concurrency_0/other
2026-07-31 17:52:10,105 - pyiron_log - INFO - shell is in /tmp/pytest-of-hmai/pytest-10/test_run_shell_is_concurrency_0/other
2026-07-31 17:52:10,108 - pyiron_log - INFO - shell is in /tmp/pytest-of-hmai/pytest-10/test_run_shell_is_concurrency_0/other
2026-07-31 17:52:10,116 - pyiron_log - INFO - shell is in /tmp/pytest-of-hmai/pytest-10/test_run_shell_is_concurrency_0/other
2026-07-31 17:52:10,119 - pyiron_log - INFO - shell is in /tmp/pytest-of-hmai/pytest-10/test_run_shell_is_concurrency_0/other
2026-07-31 17:52:10,127 - pyiron_log - INFO - shell is in /tmp/pytest-of-hmai/pytest-10/test_run_shell_is_concurrency_0/other
2026-07-31 17:52:13,756 - pyiron_log - INFO - shell is in /tmp/pytest-of-hmai/pytest-11/test_run_shell_is_concurrency_0/calc
2026-07-31 17:52:13,759 - pyiron_log - INFO - shell is in /tmp/pytest-of-hmai/pytest-11/test_run_shell_is_concurrency_0/calc
2026-07-31 17:52:13,768 - pyiron_log - INFO - shell is in /tmp/pytest-of-hmai/pytest-11/test_run_shell_is_concurrency_0/calc
2026-07-31 17:52:13,772 - pyiron_log - INFO - shell is in /tmp/pytest-of-hmai/pytest-11/test_run_shell_is_concurrency_0/calc
2026-07-31 17:52:13,776 - pyiron_log - INFO - shell is in /tmp/pytest-of-hmai/pytest-11/test_run_shell_is_concurrency_0/calc
2026-07-31 17:52:13,779 - pyiron_log - INFO - shell is in /tmp/pytest-of-hmai/pytest-11/test_run_shell_is_concurrency_0/calc
2026-07-31 17:52:13,783 - pyiron_log - INFO - shell is in /tmp/pytest-of-hmai/pytest-11/test_run_shell_is_concurrency_0/calc
2026-07-31 17:52:13,785 - pyiron_log - INFO - shell is in /tmp/pytest-of-hmai/pytest-11/test_run_shell_is_concurrency_0/calc
2026-07-31 17:52:13,787 - pyiron_log - INFO - shell is in /tmp/pytest-of-hmai/pytest-11/test_run_shell_is_concurrency_0/calc
2026-07-31 17:52:13,793 - pyiron_log - INFO - shell is in /tmp/pytest-of-hmai/pytest-11/test_run_shell_is_concurrency_0/calc
2026-07-31 17:52:13,795 - pyiron_log - INFO - shell is in /tmp/pytest-of-hmai/pytest-11/test_run_shell_is_concurrency_0/calc
2026-07-31 17:52:13,802 - pyiron_log - INFO - shell is in /tmp/pytest-of-hmai/pytest-11/test_run_shell_is_concurrency_0/calc
2026-07-31 17:52:13,804 - pyiron_log - INFO - shell is in /tmp/pytest-of-hmai/pytest-11/test_run_shell_is_concurrency_0/calc
2026-07-31 17:52:13,813 - pyiron_log - INFO - shell is in /tmp/pytest-of-hmai/pytest-11/test_run_shell_is_concurrency_0/calc
2026-07-31 17:52:13,815 - pyiron_log - INFO - shell is in /tmp/pytest-of-hmai/pytest-11/test_run_shell_is_concurrency_0/calc
2026-07-31 17:52:13,824 - pyiron_log - INFO - shell is in /tmp/pytest-of-hmai/pytest-11/test_run_shell_is_concurrency_0/calc
2026-07-31 17:52:13,827 - pyiron_log - INFO - shell is in /tmp/pytest-of-hmai/pytest-11/test_run_shell_is_concurrency_0/calc
2026-07-31 17:52:13,833 - pyiron_log - INFO - shell is in /tmp/pytest-of-hmai/pytest-11/test_run_shell_is_concurrency_0/calc
2026-07-31 17:52:13,836 - pyiron_log - INFO - shell is in /tmp/pytest-of-hmai/pytest-11/test_run_shell_is_concurrency_0/calc
2026-07-31 17:52:13,843 - pyiron_log - INFO - shell is in /tmp/pytest-of-hmai/pytest-11/test_run_shell_is_concurrency_0/calc
2026-07-31 17:52:13,847 - pyiron_log - INFO - shell is in /tmp/pytest-of-hmai/pytest-11/test_run_shell_is_concurrency_0/other
2026-07-31 17:52:13,851 - pyiron_log - INFO - shell is in /tmp/pytest-of-hmai/pytest-11/test_run_shell_is_concurrency_0/other
2026-07-31 17:52:13,855 - pyiron_log - INFO - shell is in /tmp/pytest-of-hmai/pytest-11/test_run_shell_is_concurrency_0/other
2026-07-31 17:52:13,859 - pyiron_log - INFO - shell is in /tmp/pytest-of-hmai/pytest-11/test_run_shell_is_concurrency_0/other
2026-07-31 17:52:13,863 - pyiron_log - INFO - shell is in /tmp/pytest-of-hmai/pytest-11/test_run_shell_is_concurrency_0/other
2026-07-31 17:52:13,866 - pyiron_log - INFO - shell is in /tmp/pytest-of-hmai/pytest-11/test_run_shell_is_concurrency_0/other
2026-07-31 17:52:13,871 - pyiron_log - INFO - shell is in /tmp/pytest-of-hmai/pytest-11/test_run_shell_is_concurrency_0/other
2026-07-31 17:52:13,874 - pyiron_log - INFO - shell is in /tmp/pytest-of-hmai/pytest-11/test_run_shell_is_concurrency_0/other
2026-07-31 17:52:13,881 - pyiron_log - INFO - shell is in /tmp/pytest-of-hmai/pytest-11/test_run_shell_is_concurrency_0/other
2026-07-31 17:52:13,884 - pyiron_log - INFO - shell is in /tmp/pytest-of-hmai/pytest-11/test_run_shell_is_concurrency_0/other
2026-07-31 17:52:13,892 - pyiron_log - INFO - shell is in /tmp/pytest-of-hmai/pytest-11/test_run_shell_is_concurrency_0/other
2026-07-31 17:52:13,894 - pyiron_log - INFO - shell is in /tmp/pytest-of-hmai/pytest-11/test_run_shell_is_concurrency_0/other
2026-07-31 17:52:13,902 - pyiron_log - INFO - shell is in /tmp/pytest-of-hmai/pytest-11/test_run_shell_is_concurrency_0/other
2026-07-31 17:52:13,905 - pyiron_log - INFO - shell is in /tmp/pytest-of-hmai/pytest-11/test_run_shell_is_concurrency_0/other
2026-07-31 17:52:13,913 - pyiron_log - INFO - shell is in /tmp/pytest-of-hmai/pytest-11/test_run_shell_is_concurrency_0/other
2026-07-31 17:52:13,916 - pyiron_log - INFO - shell is in /tmp/pytest-of-hmai/pytest-11/test_run_shell_is_concurrency_0/other
2026-07-31 17:52:13,923 - pyiron_log - INFO - shell is in /tmp/pytest-of-hmai/pytest-11/test_run_shell_is_concurrency_0/other
2026-07-31 17:52:13,926 - pyiron_log - INFO - shell is in /tmp/pytest-of-hmai/pytest-11/test_run_shell_is_concurrency_0/other
2026-07-31 17:52:13,934 - pyiron_log - INFO - shell is in /tmp/pytest-of-hmai/pytest-11/test_run_shell_is_concurrency_0/other
2026-07-31 17:52:13,937 - pyiron_log - INFO - shell is in /tmp/pytest-of-hmai/pytest-11/test_run_shell_is_concurrency_0/other
2026-07-31 17:52:42,967 - pyiron_log - INFO - Deleted: /tmp/pytest-of-hmai/pytest-12/test_delete_files_recursively_0/vaspcalc/CHGCAR
2026-07-31 17:52:42,967 - pyiron_log - INFO - Deleted: /tmp/pytest-of-hmai/pytest-12/test_delete_files_recursively_0/vaspcalc/WAVECAR
2026-07-31 17:52:42,968 - pyiron_log - INFO - Error: /tmp/pytest-of-hmai/pytest-12/test_delete_files_recursively_1/nope is not a valid directory.
2026-07-31 17:53:24,042 - pyiron_log - INFO - Deleted: /tmp/pytest-of-hmai/pytest-13/test_delete_files_recursively_0/vaspcalc/CHGCAR
2026-07-31 17:53:24,042 - pyiron_log - INFO - Deleted: /tmp/pytest-of-hmai/pytest-13/test_delete_files_recursively_0/vaspcalc/WAVECAR
2026-07-31 17:53:24,043 - pyiron_log - INFO - Error: /tmp/pytest-of-hmai/pytest-13/test_delete_files_recursively_1/nope is not a valid directory.
2026-07-31 17:54:50,757 - pyiron_log - INFO - Deleted: /tmp/pytest-of-hmai/pytest-14/test_delete_files_recursively_0/vaspcalc/CHGCAR
2026-07-31 17:54:50,757 - pyiron_log - INFO - Deleted: /tmp/pytest-of-hmai/pytest-14/test_delete_files_recursively_0/vaspcalc/WAVECAR
2026-07-31 17:54:50,759 - pyiron_log - INFO - Error: /tmp/pytest-of-hmai/pytest-14/test_delete_files_recursively_1/nope is not a valid directory.
2026-07-31 17:56:22,363 - pyiron_log - INFO - Deleted: /tmp/pytest-of-hmai/pytest-15/test_delete_files_recursively_0/vaspcalc/CHGCAR
2026-07-31 17:56:22,363 - pyiron_log - INFO - Deleted: /tmp/pytest-of-hmai/pytest-15/test_delete_files_recursively_0/vaspcalc/WAVECAR
2026-07-31 17:56:22,365 - pyiron_log - INFO - Error: /tmp/pytest-of-hmai/pytest-15/test_delete_files_recursively_1/nope is not a valid directory.
2026-07-31 17:57:19,072 - pyiron_log - INFO - Deleted: /tmp/pytest-of-hmai/pytest-18/test_delete_files_recursively_0/vaspcalc/CHGCAR
2026-07-31 17:57:19,072 - pyiron_log - INFO - Deleted: /tmp/pytest-of-hmai/pytest-18/test_delete_files_recursively_0/vaspcalc/WAVECAR
2026-07-31 17:57:19,074 - pyiron_log - INFO - Error: /tmp/pytest-of-hmai/pytest-18/test_delete_files_recursively_1/nope is not a valid directory.
2026-07-31 17:58:46,936 - pyiron_log - INFO - Deleted: /tmp/pytest-of-hmai/pytest-19/test_delete_files_recursively_0/vaspcalc/CHGCAR
2026-07-31 17:58:46,936 - pyiron_log - INFO - Deleted: /tmp/pytest-of-hmai/pytest-19/test_delete_files_recursively_0/vaspcalc/WAVECAR
2026-07-31 17:58:46,938 - pyiron_log - INFO - Error: /tmp/pytest-of-hmai/pytest-19/test_delete_files_recursively_1/nope is not a valid directory.
2026-07-31 18:00:17,511 - pyiron_log - INFO - Deleted: /tmp/pytest-of-hmai/pytest-20/test_delete_files_recursively_0/vaspcalc/CHGCAR
2026-07-31 18:00:17,511 - pyiron_log - INFO - Deleted: /tmp/pytest-of-hmai/pytest-20/test_delete_files_recursively_0/vaspcalc/WAVECAR
2026-07-31 18:00:17,513 - pyiron_log - INFO - Error: /tmp/pytest-of-hmai/pytest-20/test_delete_files_recursively_1/nope is not a valid directory.
2026-07-31 18:00:59,778 - pyiron_log - INFO - Deleted: /tmp/pytest-of-hmai/pytest-24/test_delete_files_recursively_0/vaspcalc/CHGCAR
2026-07-31 18:00:59,778 - pyiron_log - INFO - Deleted: /tmp/pytest-of-hmai/pytest-24/test_delete_files_recursively_0/vaspcalc/WAVECAR
2026-07-31 18:00:59,779 - pyiron_log - INFO - Error: /tmp/pytest-of-hmai/pytest-24/test_delete_files_recursively_1/nope is not a valid directory.
2026-07-31 18:04:51,443 - pyiron_log - INFO - made directory '/tmp/pytest-of-hmai/pytest-25/test_create_working_directory_0/fresh'
2026-07-31 18:05:01,162 - pyiron_log - INFO - made directory '/tmp/pytest-of-hmai/pytest-26/test_vasp_job_runs_end_to_end0/calc'
2026-07-31 18:05:01,455 - pyiron_log - INFO - made directory '/tmp/pytest-of-hmai/pytest-26/test_vasp_job_removes_calc_dir0/calc2'
2026-07-31 18:06:33,882 - pyiron_log - INFO - made directory '/tmp/pytest-of-hmai/pytest-27/test_vasp_job_runs_end_to_end0/calc'
2026-07-31 18:06:33,921 - pyiron_log - INFO - Deleted: /tmp/pytest-of-hmai/pytest-27/test_vasp_job_runs_end_to_end0/calc/CHGCAR
2026-07-31 18:06:33,936 - pyiron_log - INFO - made directory '/tmp/pytest-of-hmai/pytest-27/test_vasp_job_removes_calc_dir0/calc2'
2026-07-31 18:06:53,826 - pyiron_log - INFO - Deleted: /tmp/pytest-of-hmai/pytest-28/test_delete_files_recursively_0/vaspcalc/CHGCAR
2026-07-31 18:06:53,827 - pyiron_log - INFO - Deleted: /tmp/pytest-of-hmai/pytest-28/test_delete_files_recursively_0/vaspcalc/WAVECAR
2026-07-31 18:06:53,828 - pyiron_log - INFO - Error: /tmp/pytest-of-hmai/pytest-28/test_delete_files_recursively_1/nope is not a valid directory.
2026-07-31 18:06:54,419 - pyiron_log - INFO - made directory '/tmp/pytest-of-hmai/pytest-28/test_vasp_job_runs_end_to_end0/calc'
2026-07-31 18:06:54,443 - pyiron_log - INFO - Deleted: /tmp/pytest-of-hmai/pytest-28/test_vasp_job_runs_end_to_end0/calc/CHGCAR
2026-07-31 18:06:54,454 - pyiron_log - INFO - made directory '/tmp/pytest-of-hmai/pytest-28/test_vasp_job_removes_calc_dir0/calc2'
2026-07-31 18:06:54,478 - pyiron_log - INFO - made directory '/tmp/pytest-of-hmai/pytest-28/test_create_working_directory_0/fresh'
2026-07-31 18:11:59,856 - pyiron_log - INFO - made directory '/tmp/pytest-of-hmai/pytest-29/test_vasp_job_runs_end_to_end0/calc'
2026-07-31 18:11:59,880 - pyiron_log - INFO - Deleted: /tmp/pytest-of-hmai/pytest-29/test_vasp_job_runs_end_to_end0/calc/CHGCAR
2026-07-31 18:11:59,891 - pyiron_log - INFO - made directory '/tmp/pytest-of-hmai/pytest-29/test_vasp_job_removes_calc_dir0/calc2'
2026-07-31 18:12:18,320 - pyiron_log - INFO - Deleted: /tmp/pytest-of-hmai/pytest-30/test_delete_files_recursively_0/vaspcalc/CHGCAR
2026-07-31 18:12:18,321 - pyiron_log - INFO - Deleted: /tmp/pytest-of-hmai/pytest-30/test_delete_files_recursively_0/vaspcalc/WAVECAR
2026-07-31 18:12:18,322 - pyiron_log - INFO - Error: /tmp/pytest-of-hmai/pytest-30/test_delete_files_recursively_1/nope is not a valid directory.
2026-07-31 18:12:18,917 - pyiron_log - INFO - made directory '/tmp/pytest-of-hmai/pytest-30/test_vasp_job_runs_end_to_end0/calc'
2026-07-31 18:12:18,941 - pyiron_log - INFO - Deleted: /tmp/pytest-of-hmai/pytest-30/test_vasp_job_runs_end_to_end0/calc/CHGCAR
2026-07-31 18:12:18,951 - pyiron_log - INFO - made directory '/tmp/pytest-of-hmai/pytest-30/test_vasp_job_removes_calc_dir0/calc2'
2026-07-31 18:12:18,976 - pyiron_log - INFO - made directory '/tmp/pytest-of-hmai/pytest-30/test_create_working_directory_0/fresh'
2026-07-31 18:12:47,717 - pyiron_log - INFO - Deleted: /tmp/pytest-of-hmai/pytest-31/test_delete_files_recursively_0/vaspcalc/CHGCAR
2026-07-31 18:12:47,717 - pyiron_log - INFO - Deleted: /tmp/pytest-of-hmai/pytest-31/test_delete_files_recursively_0/vaspcalc/WAVECAR
2026-07-31 18:12:47,719 - pyiron_log - INFO - Error: /tmp/pytest-of-hmai/pytest-31/test_delete_files_recursively_1/nope is not a valid directory.
2026-07-31 18:12:48,336 - pyiron_log - INFO - made directory '/tmp/pytest-of-hmai/pytest-31/test_vasp_job_runs_end_to_end0/calc'
2026-07-31 18:12:48,359 - pyiron_log - INFO - Deleted: /tmp/pytest-of-hmai/pytest-31/test_vasp_job_runs_end_to_end0/calc/CHGCAR
2026-07-31 18:12:48,368 - pyiron_log - INFO - made directory '/tmp/pytest-of-hmai/pytest-31/test_vasp_job_removes_calc_dir0/calc2'
2026-07-31 18:12:48,395 - pyiron_log - INFO - made directory '/tmp/pytest-of-hmai/pytest-31/test_create_working_directory_0/fresh'
2026-07-31 18:14:04,228 - pyiron_log - INFO - Deleted: /tmp/pytest-of-hmai/pytest-32/test_delete_files_recursively_0/vaspcalc/CHGCAR
2026-07-31 18:14:04,229 - pyiron_log - INFO - Deleted: /tmp/pytest-of-hmai/pytest-32/test_delete_files_recursively_0/vaspcalc/WAVECAR
2026-07-31 18:14:04,230 - pyiron_log - INFO - Error: /tmp/pytest-of-hmai/pytest-32/test_delete_files_recursively_1/nope is not a valid directory.
2026-07-31 18:14:04,828 - pyiron_log - INFO - made directory '/tmp/pytest-of-hmai/pytest-32/test_vasp_job_runs_end_to_end0/calc'
2026-07-31 18:14:04,852 - pyiron_log - INFO - Deleted: /tmp/pytest-of-hmai/pytest-32/test_vasp_job_runs_end_to_end0/calc/CHGCAR
2026-07-31 18:14:04,861 - pyiron_log - INFO - made directory '/tmp/pytest-of-hmai/pytest-32/test_vasp_job_removes_calc_dir0/calc2'
2026-07-31 18:14:04,887 - pyiron_log - INFO - made directory '/tmp/pytest-of-hmai/pytest-32/test_create_working_directory_0/fresh'
2026-07-31 18:15:32,795 - pyiron_log - INFO - Deleted: /tmp/pytest-of-hmai/pytest-33/test_delete_files_recursively_0/vaspcalc/CHGCAR
2026-07-31 18:15:32,795 - pyiron_log - INFO - Deleted: /tmp/pytest-of-hmai/pytest-33/test_delete_files_recursively_0/vaspcalc/WAVECAR
2026-07-31 18:15:32,797 - pyiron_log - INFO - Error: /tmp/pytest-of-hmai/pytest-33/test_delete_files_recursively_1/nope is not a valid directory.
2026-07-31 18:15:33,234 - pyiron_log - INFO - made directory '/tmp/pytest-of-hmai/pytest-33/test_vasp_job_runs_end_to_end0/calc'
2026-07-31 18:15:33,259 - pyiron_log - INFO - Deleted: /tmp/pytest-of-hmai/pytest-33/test_vasp_job_runs_end_to_end0/calc/CHGCAR
2026-07-31 18:15:33,269 - pyiron_log - INFO - made directory '/tmp/pytest-of-hmai/pytest-33/test_vasp_job_removes_calc_dir0/calc2'
2026-07-31 18:15:33,292 - pyiron_log - INFO - made directory '/tmp/pytest-of-hmai/pytest-33/test_create_working_directory_0/fresh'
2026-07-31 18:16:17,374 - pyiron_log - INFO - Deleted: /tmp/pytest-of-hmai/pytest-34/test_delete_files_recursively_0/vaspcalc/CHGCAR
2026-07-31 18:16:17,375 - pyiron_log - INFO - Deleted: /tmp/pytest-of-hmai/pytest-34/test_delete_files_recursively_0/vaspcalc/WAVECAR
2026-07-31 18:16:17,376 - pyiron_log - INFO - Error: /tmp/pytest-of-hmai/pytest-34/test_delete_files_recursively_1/nope is not a valid directory.
2026-07-31 18:16:17,843 - pyiron_log - INFO - made directory '/tmp/pytest-of-hmai/pytest-34/test_vasp_job_runs_end_to_end0/calc'
2026-07-31 18:16:17,869 - pyiron_log - INFO - Deleted: /tmp/pytest-of-hmai/pytest-34/test_vasp_job_runs_end_to_end0/calc/CHGCAR
2026-07-31 18:16:17,880 - pyiron_log - INFO - made directory '/tmp/pytest-of-hmai/pytest-34/test_vasp_job_removes_calc_dir0/calc2'
2026-07-31 18:16:17,908 - pyiron_log - INFO - made directory '/tmp/pytest-of-hmai/pytest-34/test_create_working_directory_0/fresh'
2026-07-31 18:17:02,948 - pyiron_log - INFO - made directory '/tmp/tmpwqyh5z_u/calc'
2026-07-31 18:17:03,171 - pyiron_log - INFO - Deleted: /tmp/tmpwqyh5z_u/calc/CHGCAR
2026-07-31 18:17:22,384 - pyiron_log - INFO - made directory '/tmp/pytest-of-hmai/pytest-35/test_vasp_job_runs_end_to_end0/calc'
2026-07-31 18:17:22,410 - pyiron_log - INFO - Deleted: /tmp/pytest-of-hmai/pytest-35/test_vasp_job_runs_end_to_end0/calc/CHGCAR
2026-07-31 18:17:22,421 - pyiron_log - INFO - made directory '/tmp/pytest-of-hmai/pytest-35/test_vasp_job_removes_calc_dir0/calc2'
2026-07-31 18:17:36,206 - pyiron_log - INFO - made directory '/tmp/tmparzd1yup/calc'
2026-07-31 18:17:36,429 - pyiron_log - INFO - Deleted: /tmp/tmparzd1yup/calc/CHGCAR
2026-07-31 18:19:37,253 - pyiron_log - INFO - Deleted: /tmp/pytest-of-hmai/pytest-36/test_delete_files_recursively_0/vaspcalc/CHGCAR
2026-07-31 18:19:37,254 - pyiron_log - INFO - Deleted: /tmp/pytest-of-hmai/pytest-36/test_delete_files_recursively_0/vaspcalc/WAVECAR
2026-07-31 18:19:37,255 - pyiron_log - INFO - Error: /tmp/pytest-of-hmai/pytest-36/test_delete_files_recursively_1/nope is not a valid directory.
2026-07-31 18:19:37,706 - pyiron_log - INFO - made directory '/tmp/pytest-of-hmai/pytest-36/test_vasp_job_runs_end_to_end0/calc'
2026-07-31 18:19:37,730 - pyiron_log - INFO - Deleted: /tmp/pytest-of-hmai/pytest-36/test_vasp_job_runs_end_to_end0/calc/CHGCAR
2026-07-31 18:19:37,743 - pyiron_log - INFO - made directory '/tmp/pytest-of-hmai/pytest-36/test_vasp_job_removes_calc_dir0/calc2'
2026-07-31 18:19:37,769 - pyiron_log - INFO - made directory '/tmp/pytest-of-hmai/pytest-36/test_create_working_directory_0/fresh'
2026-07-31 18:20:32,565 - pyiron_log - INFO - made directory '/tmp/tmpm11z_aqo/calc'
2026-07-31 18:26:31,324 - pyiron_log - INFO - made directory '/tmp/pytest-of-hmai/pytest-37/test_create_working_directory_0/fresh'
2026-07-31 18:27:01,601 - pyiron_log - INFO - made directory '/tmp/pytest-of-hmai/pytest-38/test_create_working_directory_0/fresh'
2026-07-31 18:27:25,634 - pyiron_log - INFO - made directory '/tmp/pytest-of-hmai/pytest-39/test_vasp_job_runs_end_to_end0/calc'
2026-07-31 18:27:25,658 - pyiron_log - INFO - Deleted: /tmp/pytest-of-hmai/pytest-39/test_vasp_job_runs_end_to_end0/calc/CHGCAR
2026-07-31 18:27:25,668 - pyiron_log - INFO - made directory '/tmp/pytest-of-hmai/pytest-39/test_vasp_job_removes_calc_dir0/calc2'
2026-07-31 18:27:25,699 - pyiron_log - INFO - made directory '/tmp/pytest-of-hmai/pytest-39/test_vasp_job_runs_without_fil0/calc3'
2026-07-31 18:27:42,162 - pyiron_log - INFO - made directory '/tmp/pytest-of-hmai/pytest-40/test_vasp_job_runs_end_to_end0/calc'
2026-07-31 18:27:42,186 - pyiron_log - INFO - Deleted: /tmp/pytest-of-hmai/pytest-40/test_vasp_job_runs_end_to_end0/calc/CHGCAR
2026-07-31 18:27:42,203 - pyiron_log - INFO - made directory '/tmp/pytest-of-hmai/pytest-40/test_vasp_job_removes_calc_dir0/calc2'
2026-07-31 18:27:42,224 - pyiron_log - INFO - made directory '/tmp/pytest-of-hmai/pytest-40/test_vasp_job_runs_without_fil0/calc3'
2026-07-31 18:28:56,489 - pyiron_log - INFO - Deleted: /tmp/pytest-of-hmai/pytest-41/test_delete_files_recursively_0/vaspcalc/CHGCAR
2026-07-31 18:28:56,489 - pyiron_log - INFO - Deleted: /tmp/pytest-of-hmai/pytest-41/test_delete_files_recursively_0/vaspcalc/WAVECAR
2026-07-31 18:28:56,491 - pyiron_log - INFO - Error: /tmp/pytest-of-hmai/pytest-41/test_delete_files_recursively_1/nope is not a valid directory.
2026-07-31 18:28:56,943 - pyiron_log - INFO - made directory '/tmp/pytest-of-hmai/pytest-41/test_vasp_job_runs_end_to_end0/calc'
2026-07-31 18:28:56,966 - pyiron_log - INFO - Deleted: /tmp/pytest-of-hmai/pytest-41/test_vasp_job_runs_end_to_end0/calc/CHGCAR
2026-07-31 18:28:56,979 - pyiron_log - INFO - made directory '/tmp/pytest-of-hmai/pytest-41/test_vasp_job_removes_calc_dir0/calc2'
2026-07-31 18:28:57,009 - pyiron_log - INFO - made directory '/tmp/pytest-of-hmai/pytest-41/test_vasp_job_runs_without_fil0/calc3'
2026-07-31 18:28:57,028 - pyiron_log - INFO - made directory '/tmp/pytest-of-hmai/pytest-41/test_create_working_directory_0/fresh'
2026-07-31 18:29:23,032 - pyiron_log - INFO - Deleted: /tmp/pytest-of-hmai/pytest-42/test_delete_files_recursively_0/vaspcalc/CHGCAR
2026-07-31 18:29:23,033 - pyiron_log - INFO - Deleted: /tmp/pytest-of-hmai/pytest-42/test_delete_files_recursively_0/vaspcalc/WAVECAR
2026-07-31 18:29:23,034 - pyiron_log - INFO - Error: /tmp/pytest-of-hmai/pytest-42/test_delete_files_recursively_1/nope is not a valid directory.
2026-07-31 18:29:23,502 - pyiron_log - INFO - made directory '/tmp/pytest-of-hmai/pytest-42/test_vasp_job_runs_end_to_end0/calc'
2026-07-31 18:29:23,526 - pyiron_log - INFO - Deleted: /tmp/pytest-of-hmai/pytest-42/test_vasp_job_runs_end_to_end0/calc/CHGCAR
2026-07-31 18:29:23,538 - pyiron_log - INFO - made directory '/tmp/pytest-of-hmai/pytest-42/test_vasp_job_removes_calc_dir0/calc2'
2026-07-31 18:29:23,560 - pyiron_log - INFO - made directory '/tmp/pytest-of-hmai/pytest-42/test_vasp_job_runs_without_fil0/calc3'
2026-07-31 18:29:23,579 - pyiron_log - INFO - made directory '/tmp/pytest-of-hmai/pytest-42/test_create_working_directory_0/fresh'
2026-07-31 18:30:00,837 - pyiron_log - INFO - Deleted: /tmp/pytest-of-hmai/pytest-43/test_delete_files_recursively_0/vaspcalc/CHGCAR
2026-07-31 18:30:00,837 - pyiron_log - INFO - Deleted: /tmp/pytest-of-hmai/pytest-43/test_delete_files_recursively_0/vaspcalc/WAVECAR
2026-07-31 18:30:00,839 - pyiron_log - INFO - Error: /tmp/pytest-of-hmai/pytest-43/test_delete_files_recursively_1/nope is not a valid directory.
2026-07-31 18:30:01,310 - pyiron_log - INFO - made directory '/tmp/pytest-of-hmai/pytest-43/test_vasp_job_runs_end_to_end0/calc'
2026-07-31 18:30:01,335 - pyiron_log - INFO - Deleted: /tmp/pytest-of-hmai/pytest-43/test_vasp_job_runs_end_to_end0/calc/CHGCAR
2026-07-31 18:30:01,348 - pyiron_log - INFO - made directory '/tmp/pytest-of-hmai/pytest-43/test_vasp_job_removes_calc_dir0/calc2'
2026-07-31 18:30:01,380 - pyiron_log - INFO - made directory '/tmp/pytest-of-hmai/pytest-43/test_vasp_job_runs_without_fil0/calc3'
2026-07-31 18:30:01,398 - pyiron_log - INFO - made directory '/tmp/pytest-of-hmai/pytest-43/test_create_working_directory_0/fresh'
2026-07-31 18:31:03,976 - pyiron_log - INFO - Deleted: /tmp/pytest-of-hmai/pytest-44/test_delete_files_recursively_0/vaspcalc/CHGCAR
2026-07-31 18:31:03,977 - pyiron_log - INFO - Deleted: /tmp/pytest-of-hmai/pytest-44/test_delete_files_recursively_0/vaspcalc/WAVECAR
2026-07-31 18:31:03,978 - pyiron_log - INFO - Error: /tmp/pytest-of-hmai/pytest-44/test_delete_files_recursively_1/nope is not a valid directory.
2026-07-31 18:31:04,434 - pyiron_log - INFO - made directory '/tmp/pytest-of-hmai/pytest-44/test_vasp_job_runs_end_to_end0/calc'
2026-07-31 18:31:04,458 - pyiron_log - INFO - Deleted: /tmp/pytest-of-hmai/pytest-44/test_vasp_job_runs_end_to_end0/calc/CHGCAR
2026-07-31 18:31:04,476 - pyiron_log - INFO - made directory '/tmp/pytest-of-hmai/pytest-44/test_vasp_job_removes_calc_dir0/calc2'
2026-07-31 18:31:04,508 - pyiron_log - INFO - made directory '/tmp/pytest-of-hmai/pytest-44/test_vasp_job_runs_without_fil0/calc3'
2026-07-31 18:31:04,530 - pyiron_log - INFO - made directory '/tmp/pytest-of-hmai/pytest-44/test_create_working_directory_0/fresh'
2026-07-31 18:31:35,002 - pyiron_log - INFO - Deleted: /tmp/pytest-of-hmai/pytest-45/test_delete_files_recursively_0/vaspcalc/CHGCAR
2026-07-31 18:31:35,002 - pyiron_log - INFO - Deleted: /tmp/pytest-of-hmai/pytest-45/test_delete_files_recursively_0/vaspcalc/WAVECAR
2026-07-31 18:31:35,003 - pyiron_log - INFO - Error: /tmp/pytest-of-hmai/pytest-45/test_delete_files_recursively_1/nope is not a valid directory.
2026-07-31 18:31:35,456 - pyiron_log - INFO - made directory '/tmp/pytest-of-hmai/pytest-45/test_vasp_job_runs_end_to_end0/calc'
2026-07-31 18:31:35,481 - pyiron_log - INFO - Deleted: /tmp/pytest-of-hmai/pytest-45/test_vasp_job_runs_end_to_end0/calc/CHGCAR
2026-07-31 18:31:35,492 - pyiron_log - INFO - made directory '/tmp/pytest-of-hmai/pytest-45/test_vasp_job_removes_calc_dir0/calc2'
2026-07-31 18:31:35,525 - pyiron_log - INFO - made directory '/tmp/pytest-of-hmai/pytest-45/test_vasp_job_runs_without_fil0/calc3'
2026-07-31 18:31:35,543 - pyiron_log - INFO - made directory '/tmp/pytest-of-hmai/pytest-45/test_create_working_directory_0/fresh'
2026-07-31 18:33:34,346 - pyiron_log - INFO - Deleted: /tmp/pytest-of-hmai/pytest-46/test_delete_files_recursively_0/vaspcalc/CHGCAR
2026-07-31 18:33:34,347 - pyiron_log - INFO - Deleted: /tmp/pytest-of-hmai/pytest-46/test_delete_files_recursively_0/vaspcalc/WAVECAR
2026-07-31 18:33:34,348 - pyiron_log - INFO - Error: /tmp/pytest-of-hmai/pytest-46/test_delete_files_recursively_1/nope is not a valid directory.
2026-07-31 18:33:34,796 - pyiron_log - INFO - made directory '/tmp/pytest-of-hmai/pytest-46/test_vasp_job_runs_end_to_end0/calc'
2026-07-31 18:33:34,820 - pyiron_log - INFO - Deleted: /tmp/pytest-of-hmai/pytest-46/test_vasp_job_runs_end_to_end0/calc/CHGCAR
2026-07-31 18:33:34,832 - pyiron_log - INFO - made directory '/tmp/pytest-of-hmai/pytest-46/test_vasp_job_removes_calc_dir0/calc2'
2026-07-31 18:33:34,868 - pyiron_log - INFO - made directory '/tmp/pytest-of-hmai/pytest-46/test_vasp_job_runs_without_fil0/calc3'
2026-07-31 18:33:34,886 - pyiron_log - INFO - made directory '/tmp/pytest-of-hmai/pytest-46/test_create_working_directory_0/fresh'
2026-07-31 18:39:43,447 - pyiron_log - INFO - Deleted: /tmp/pytest-of-hmai/pytest-47/test_delete_files_recursively_0/vaspcalc/CHGCAR
2026-07-31 18:39:43,447 - pyiron_log - INFO - Deleted: /tmp/pytest-of-hmai/pytest-47/test_delete_files_recursively_0/vaspcalc/WAVECAR
2026-07-31 18:39:43,449 - pyiron_log - INFO - Error: /tmp/pytest-of-hmai/pytest-47/test_delete_files_recursively_1/nope is not a valid directory.
2026-07-31 18:39:43,898 - pyiron_log - INFO - made directory '/tmp/pytest-of-hmai/pytest-47/test_vasp_job_runs_end_to_end0/calc'
2026-07-31 18:39:43,922 - pyiron_log - INFO - Deleted: /tmp/pytest-of-hmai/pytest-47/test_vasp_job_runs_end_to_end0/calc/CHGCAR
2026-07-31 18:39:43,934 - pyiron_log - INFO - made directory '/tmp/pytest-of-hmai/pytest-47/test_vasp_job_removes_calc_dir0/calc2'
2026-07-31 18:39:43,971 - pyiron_log - INFO - made directory '/tmp/pytest-of-hmai/pytest-47/test_vasp_job_runs_without_fil0/calc3'
2026-07-31 18:39:43,991 - pyiron_log - INFO - made directory '/tmp/pytest-of-hmai/pytest-47/test_create_working_directory_0/fresh'
2026-07-31 18:44:49,985 - pyiron_log - INFO - made directory '/cmmc/ptmp/hmai/pwvasp_task10/pytest-tmp/test_single_point_bcc_fe_again0/fe_bcc'
2026-07-31 18:50:29,160 - pyiron_log - INFO - made directory '/cmmc/ptmp/hmai/pwvasp_task10/pytest-tmp/test_single_point_bcc_fe_again0/fe_bcc'
2026-07-31 18:50:33,089 - pyiron_log - INFO - Deleted: /cmmc/ptmp/hmai/pwvasp_task10/pytest-tmp/test_single_point_bcc_fe_again0/fe_bcc/CHGCAR
2026-07-31 18:50:33,089 - pyiron_log - INFO - Deleted: /cmmc/ptmp/hmai/pwvasp_task10/pytest-tmp/test_single_point_bcc_fe_again0/fe_bcc/WAVECAR
2026-07-31 18:50:33,090 - pyiron_log - INFO - Deleted: /cmmc/ptmp/hmai/pwvasp_task10/pytest-tmp/test_single_point_bcc_fe_again0/fe_bcc/CHG
2026-07-31 18:52:40,092 - pyiron_log - INFO - Deleted: /tmp/pytest-of-hmai/pytest-48/test_delete_files_recursively_0/vaspcalc/CHGCAR
2026-07-31 18:52:40,096 - pyiron_log - INFO - Deleted: /tmp/pytest-of-hmai/pytest-48/test_delete_files_recursively_0/vaspcalc/WAVECAR
2026-07-31 18:52:40,100 - pyiron_log - INFO - Error: /tmp/pytest-of-hmai/pytest-48/test_delete_files_recursively_1/nope is not a valid directory.
2026-07-31 18:52:40,724 - pyiron_log - INFO - made directory '/tmp/pytest-of-hmai/pytest-48/test_vasp_job_runs_end_to_end0/calc'
2026-07-31 18:52:40,811 - pyiron_log - INFO - Deleted: /tmp/pytest-of-hmai/pytest-48/test_vasp_job_runs_end_to_end0/calc/CHGCAR
2026-07-31 18:52:40,830 - pyiron_log - INFO - made directory '/tmp/pytest-of-hmai/pytest-48/test_vasp_job_removes_calc_dir0/calc2'
2026-07-31 18:52:40,864 - pyiron_log - INFO - made directory '/tmp/pytest-of-hmai/pytest-48/test_vasp_job_runs_without_fil0/calc3'
2026-07-31 18:52:40,883 - pyiron_log - INFO - made directory '/tmp/pytest-of-hmai/pytest-48/test_create_working_directory_0/fresh'
2026-07-31 19:04:59,760 - pyiron_log - INFO - Deleted: /tmp/pytest-of-hmai/pytest-49/test_delete_files_recursively_0/vaspcalc/CHGCAR
2026-07-31 19:04:59,780 - pyiron_log - INFO - Deleted: /tmp/pytest-of-hmai/pytest-49/test_delete_files_recursively_0/vaspcalc/WAVECAR
2026-07-31 19:04:59,786 - pyiron_log - INFO - Error: /tmp/pytest-of-hmai/pytest-49/test_delete_files_recursively_1/nope is not a valid directory.
2026-07-31 19:05:00,336 - pyiron_log - INFO - made directory '/tmp/pytest-of-hmai/pytest-49/test_vasp_job_runs_end_to_end0/calc'
2026-07-31 19:05:00,468 - pyiron_log - INFO - Deleted: /tmp/pytest-of-hmai/pytest-49/test_vasp_job_runs_end_to_end0/calc/CHGCAR
2026-07-31 19:05:00,487 - pyiron_log - INFO - made directory '/tmp/pytest-of-hmai/pytest-49/test_vasp_job_removes_calc_dir0/calc2'
2026-07-31 19:05:00,520 - pyiron_log - INFO - made directory '/tmp/pytest-of-hmai/pytest-49/test_vasp_job_runs_without_fil0/calc3'
2026-07-31 19:05:00,539 - pyiron_log - INFO - made directory '/tmp/pytest-of-hmai/pytest-49/test_create_working_directory_0/fresh'
2026-07-31 19:05:45,094 - pyiron_log - INFO - Deleted: /tmp/pytest-of-hmai/pytest-52/test_delete_files_recursively_0/vaspcalc/CHGCAR
2026-07-31 19:05:45,095 - pyiron_log - INFO - Deleted: /tmp/pytest-of-hmai/pytest-52/test_delete_files_recursively_0/vaspcalc/WAVECAR
2026-07-31 19:05:45,097 - pyiron_log - INFO - Error: /tmp/pytest-of-hmai/pytest-52/test_delete_files_recursively_1/nope is not a valid directory.
2026-07-31 19:05:45,487 - pyiron_log - INFO - made directory '/tmp/pytest-of-hmai/pytest-52/test_vasp_job_runs_end_to_end0/calc'
2026-07-31 19:05:45,520 - pyiron_log - INFO - Deleted: /tmp/pytest-of-hmai/pytest-52/test_vasp_job_runs_end_to_end0/calc/CHGCAR
2026-07-31 19:05:45,535 - pyiron_log - INFO - made directory '/tmp/pytest-of-hmai/pytest-52/test_vasp_job_removes_calc_dir0/calc2'
2026-07-31 19:05:45,558 - pyiron_log - INFO - made directory '/tmp/pytest-of-hmai/pytest-52/test_vasp_job_runs_without_fil0/calc3'
2026-07-31 19:05:45,576 - pyiron_log - INFO - made directory '/tmp/pytest-of-hmai/pytest-52/test_create_working_directory_0/fresh'
2026-07-31 19:08:13,883 - pyiron_log - INFO - Deleted: /tmp/pytest-of-hmai/pytest-53/test_delete_files_recursively_0/vaspcalc/CHGCAR
2026-07-31 19:08:13,884 - pyiron_log - INFO - Deleted: /tmp/pytest-of-hmai/pytest-53/test_delete_files_recursively_0/vaspcalc/WAVECAR
2026-07-31 19:08:13,886 - pyiron_log - INFO - Error: /tmp/pytest-of-hmai/pytest-53/test_delete_files_recursively_1/nope is not a valid directory.
2026-07-31 19:08:14,468 - pyiron_log - INFO - made directory '/tmp/pytest-of-hmai/pytest-53/test_vasp_job_runs_end_to_end0/calc'
2026-07-31 19:08:14,507 - pyiron_log - INFO - Deleted: /tmp/pytest-of-hmai/pytest-53/test_vasp_job_runs_end_to_end0/calc/CHGCAR
2026-07-31 19:08:14,520 - pyiron_log - INFO - made directory '/tmp/pytest-of-hmai/pytest-53/test_vasp_job_removes_calc_dir0/calc2'
2026-07-31 19:08:14,548 - pyiron_log - INFO - made directory '/tmp/pytest-of-hmai/pytest-53/test_vasp_job_runs_without_fil0/calc3'
2026-07-31 19:08:14,567 - pyiron_log - INFO - made directory '/tmp/pytest-of-hmai/pytest-53/test_create_working_directory_0/fresh'
2026-07-31 19:11:02,915 - pyiron_log - INFO - made directory '/tmp/pytest-of-hmai/pytest-0/test_single_point_bcc_fe_again0/fe_bcc'
2026-07-31 19:11:07,880 - pyiron_log - INFO - Deleted: /tmp/pytest-of-hmai/pytest-0/test_single_point_bcc_fe_again0/fe_bcc/CHGCAR
2026-07-31 19:11:07,880 - pyiron_log - INFO - Deleted: /tmp/pytest-of-hmai/pytest-0/test_single_point_bcc_fe_again0/fe_bcc/WAVECAR
2026-07-31 19:11:07,880 - pyiron_log - INFO - Deleted: /tmp/pytest-of-hmai/pytest-0/test_single_point_bcc_fe_again0/fe_bcc/CHG
2026-07-31 19:11:55,998 - pyiron_log - INFO - made directory '/tmp/pytest-of-hmai/pytest-0/test_single_point_bcc_fe_again0/fe_bcc'
2026-07-31 19:11:57,899 - pyiron_log - INFO - Deleted: /tmp/pytest-of-hmai/pytest-0/test_single_point_bcc_fe_again0/fe_bcc/CHGCAR
2026-07-31 19:11:57,899 - pyiron_log - INFO - Deleted: /tmp/pytest-of-hmai/pytest-0/test_single_point_bcc_fe_again0/fe_bcc/WAVECAR
2026-07-31 19:11:57,899 - pyiron_log - INFO - Deleted: /tmp/pytest-of-hmai/pytest-0/test_single_point_bcc_fe_again0/fe_bcc/CHG
2026-07-31 19:13:27,302 - pyiron_log - INFO - Deleted: /tmp/pytest-of-hmai/pytest-54/test_delete_files_recursively_0/vaspcalc/CHGCAR
2026-07-31 19:13:27,321 - pyiron_log - INFO - Deleted: /tmp/pytest-of-hmai/pytest-54/test_delete_files_recursively_0/vaspcalc/WAVECAR
2026-07-31 19:13:27,325 - pyiron_log - INFO - Error: /tmp/pytest-of-hmai/pytest-54/test_delete_files_recursively_1/nope is not a valid directory.
2026-07-31 19:13:27,935 - pyiron_log - INFO - made directory '/tmp/pytest-of-hmai/pytest-54/test_vasp_job_runs_end_to_end0/calc'
2026-07-31 19:13:28,008 - pyiron_log - INFO - Deleted: /tmp/pytest-of-hmai/pytest-54/test_vasp_job_runs_end_to_end0/calc/CHGCAR
2026-07-31 19:13:28,024 - pyiron_log - INFO - made directory '/tmp/pytest-of-hmai/pytest-54/test_vasp_job_removes_calc_dir0/calc2'
2026-07-31 19:13:28,058 - pyiron_log - INFO - made directory '/tmp/pytest-of-hmai/pytest-54/test_vasp_job_runs_without_fil0/calc3'
2026-07-31 19:13:28,083 - pyiron_log - INFO - made directory '/tmp/pytest-of-hmai/pytest-54/test_create_working_directory_0/fresh'
2026-07-31 19:15:33,440 - pyiron_log - INFO - Deleted: /tmp/pytest-of-hmai/pytest-55/test_delete_files_recursively_0/vaspcalc/CHGCAR
2026-07-31 19:15:33,442 - pyiron_log - INFO - Deleted: /tmp/pytest-of-hmai/pytest-55/test_delete_files_recursively_0/vaspcalc/WAVECAR
2026-07-31 19:15:33,447 - pyiron_log - INFO - Error: /tmp/pytest-of-hmai/pytest-55/test_delete_files_recursively_1/nope is not a valid directory.
2026-07-31 19:15:33,959 - pyiron_log - INFO - made directory '/tmp/pytest-of-hmai/pytest-55/test_vasp_job_runs_end_to_end0/calc'
2026-07-31 19:15:33,997 - pyiron_log - INFO - Deleted: /tmp/pytest-of-hmai/pytest-55/test_vasp_job_runs_end_to_end0/calc/CHGCAR
2026-07-31 19:15:34,013 - pyiron_log - INFO - made directory '/tmp/pytest-of-hmai/pytest-55/test_vasp_job_removes_calc_dir0/calc2'
2026-07-31 19:15:34,045 - pyiron_log - INFO - made directory '/tmp/pytest-of-hmai/pytest-55/test_vasp_job_runs_without_fil0/calc3'
2026-07-31 19:15:34,065 - pyiron_log - INFO - made directory '/tmp/pytest-of-hmai/pytest-55/test_create_working_directory_0/fresh'
2026-07-31 19:17:39,976 - pyiron_log - INFO - made directory '/tmp/tmpeu2ry40e/c'
2026-07-31 19:17:40,014 - pyiron_log - INFO - Deleted: /tmp/tmpeu2ry40e/c/vasp.log
2026-07-31 19:17:40,014 - pyiron_log - INFO - Deleted: /tmp/tmpeu2ry40e/c/OUTCAR
2026-07-31 19:17:40,031 - pyiron_log - INFO - made directory '/tmp/tmpgyzkk_if/c'
2026-07-31 19:17:40,047 - pyiron_log - INFO - Deleted: /tmp/tmpgyzkk_if/c/vasp.log
2026-07-31 19:17:40,047 - pyiron_log - INFO - Deleted: /tmp/tmpgyzkk_if/c/OUTCAR
2026-07-31 19:17:40,060 - pyiron_log - INFO - made directory '/tmp/tmp9sljgjbw/c'
2026-07-31 19:17:40,076 - pyiron_log - INFO - Deleted: /tmp/tmp9sljgjbw/c/vasp.log
2026-07-31 19:17:40,077 - pyiron_log - INFO - Deleted: /tmp/tmp9sljgjbw/c/OUTCAR
2026-07-31 19:17:40,091 - pyiron_log - INFO - made directory '/tmp/tmp340iki6g/c'
2026-07-31 19:17:40,107 - pyiron_log - INFO - Deleted: /tmp/tmp340iki6g/c/vasp.log
2026-07-31 19:17:40,107 - pyiron_log - INFO - Deleted: /tmp/tmp340iki6g/c/OUTCAR
2026-07-31 19:17:40,120 - pyiron_log - INFO - made directory '/tmp/tmp6zsask5i/c'
2026-07-31 19:17:40,130 - pyiron_log - INFO - Deleted: /tmp/tmp6zsask5i/c/vasp.log
2026-07-31 19:17:40,130 - pyiron_log - INFO - Deleted: /tmp/tmp6zsask5i/c/OUTCAR
2026-07-31 19:17:40,144 - pyiron_log - INFO - made directory '/tmp/tmp6r1fj_bd/c'
2026-07-31 19:17:40,160 - pyiron_log - INFO - Deleted: /tmp/tmp6r1fj_bd/c/vasp.log
2026-07-31 19:17:40,160 - pyiron_log - INFO - Deleted: /tmp/tmp6r1fj_bd/c/OUTCAR
2026-07-31 19:17:40,174 - pyiron_log - INFO - made directory '/tmp/tmphyryccft/c'
2026-07-31 19:17:40,190 - pyiron_log - INFO - Deleted: /tmp/tmphyryccft/c/vasp.log
2026-07-31 19:17:40,190 - pyiron_log - INFO - Deleted: /tmp/tmphyryccft/c/OUTCAR
2026-07-31 19:17:40,204 - pyiron_log - INFO - made directory '/tmp/tmp5af06uc4/c'
2026-07-31 19:17:40,218 - pyiron_log - INFO - Deleted: /tmp/tmp5af06uc4/c/vasp.log
2026-07-31 19:17:40,218 - pyiron_log - INFO - Deleted: /tmp/tmp5af06uc4/c/OUTCAR
2026-07-31 19:17:40,232 - pyiron_log - INFO - made directory '/tmp/tmpuuwhk_ul/c'
2026-07-31 19:17:40,245 - pyiron_log - INFO - Deleted: /tmp/tmpuuwhk_ul/c/vasp.log
2026-07-31 19:17:40,246 - pyiron_log - INFO - Deleted: /tmp/tmpuuwhk_ul/c/OUTCAR
2026-07-31 19:17:40,259 - pyiron_log - INFO - made directory '/tmp/tmpchoi96ai/c'
2026-07-31 19:17:40,275 - pyiron_log - INFO - Deleted: /tmp/tmpchoi96ai/c/vasp.log
2026-07-31 19:17:40,275 - pyiron_log - INFO - Deleted: /tmp/tmpchoi96ai/c/OUTCAR
2026-07-31 19:17:40,290 - pyiron_log - INFO - made directory '/tmp/tmpow6p53ps/c'
2026-07-31 19:17:40,305 - pyiron_log - INFO - Deleted: /tmp/tmpow6p53ps/c/vasp.log
2026-07-31 19:17:40,305 - pyiron_log - INFO - Deleted: /tmp/tmpow6p53ps/c/OUTCAR
2026-07-31 19:17:40,319 - pyiron_log - INFO - made directory '/tmp/tmpr26va_bj/c'
2026-07-31 19:17:40,334 - pyiron_log - INFO - Deleted: /tmp/tmpr26va_bj/c/vasp.log
2026-07-31 19:17:40,334 - pyiron_log - INFO - Deleted: /tmp/tmpr26va_bj/c/OUTCAR
2026-07-31 19:17:40,350 - pyiron_log - INFO - made directory '/tmp/tmpcry5mon7/c'
2026-07-31 19:17:40,361 - pyiron_log - INFO - Deleted: /tmp/tmpcry5mon7/c/vasp.log
2026-07-31 19:17:40,361 - pyiron_log - INFO - Deleted: /tmp/tmpcry5mon7/c/OUTCAR
2026-07-31 19:17:40,374 - pyiron_log - INFO - made directory '/tmp/tmpucduz950/c'
2026-07-31 19:17:40,390 - pyiron_log - INFO - Deleted: /tmp/tmpucduz950/c/vasp.log
2026-07-31 19:17:40,390 - pyiron_log - INFO - Deleted: /tmp/tmpucduz950/c/OUTCAR
2026-07-31 19:17:40,402 - pyiron_log - INFO - made directory '/tmp/tmpzapgx6qa/c'
2026-07-31 19:17:40,418 - pyiron_log - INFO - Deleted: /tmp/tmpzapgx6qa/c/vasp.log
2026-07-31 19:17:40,418 - pyiron_log - INFO - Deleted: /tmp/tmpzapgx6qa/c/OUTCAR
2026-07-31 19:17:40,434 - pyiron_log - INFO - made directory '/tmp/tmpu3q0_gdz/c'
2026-07-31 19:17:40,451 - pyiron_log - INFO - Deleted: /tmp/tmpu3q0_gdz/c/vasp.log
2026-07-31 19:17:40,452 - pyiron_log - INFO - Deleted: /tmp/tmpu3q0_gdz/c/OUTCAR
2026-07-31 19:17:40,467 - pyiron_log - INFO - made directory '/tmp/tmpa2ckb1rl/c'
2026-07-31 19:17:40,483 - pyiron_log - INFO - Deleted: /tmp/tmpa2ckb1rl/c/vasp.log
2026-07-31 19:17:40,483 - pyiron_log - INFO - Deleted: /tmp/tmpa2ckb1rl/c/OUTCAR
2026-07-31 19:17:40,492 - pyiron_log - INFO - made directory '/tmp/tmp8k7dkm8h/c'
2026-07-31 19:17:40,508 - pyiron_log - INFO - Deleted: /tmp/tmp8k7dkm8h/c/vasp.log
2026-07-31 19:17:40,509 - pyiron_log - INFO - Deleted: /tmp/tmp8k7dkm8h/c/OUTCAR
2026-07-31 19:17:40,524 - pyiron_log - INFO - made directory '/tmp/tmpcrqo26qv/c'
2026-07-31 19:17:40,539 - pyiron_log - INFO - Deleted: /tmp/tmpcrqo26qv/c/vasp.log
2026-07-31 19:17:40,539 - pyiron_log - INFO - Deleted: /tmp/tmpcrqo26qv/c/OUTCAR
2026-07-31 19:17:40,555 - pyiron_log - INFO - made directory '/tmp/tmp2u7oxan_/c'
2026-07-31 19:17:40,569 - pyiron_log - INFO - Deleted: /tmp/tmp2u7oxan_/c/vasp.log
2026-07-31 19:17:40,569 - pyiron_log - INFO - Deleted: /tmp/tmp2u7oxan_/c/OUTCAR
2026-07-31 19:17:40,577 - pyiron_log - INFO - made directory '/tmp/tmp87rbcfp5/c'
2026-07-31 19:17:40,592 - pyiron_log - INFO - Deleted: /tmp/tmp87rbcfp5/c/vasp.log
2026-07-31 19:17:40,593 - pyiron_log - INFO - Deleted: /tmp/tmp87rbcfp5/c/OUTCAR
2026-07-31 19:17:40,601 - pyiron_log - INFO - made directory '/tmp/tmpbn1q9ctr/c'
2026-07-31 19:17:40,617 - pyiron_log - INFO - Deleted: /tmp/tmpbn1q9ctr/c/vasp.log
2026-07-31 19:17:40,618 - pyiron_log - INFO - Deleted: /tmp/tmpbn1q9ctr/c/OUTCAR
2026-07-31 19:17:40,633 - pyiron_log - INFO - made directory '/tmp/tmp29ldqfzd/c'
2026-07-31 19:17:40,648 - pyiron_log - INFO - Deleted: /tmp/tmp29ldqfzd/c/vasp.log
2026-07-31 19:17:40,649 - pyiron_log - INFO - Deleted: /tmp/tmp29ldqfzd/c/OUTCAR
2026-07-31 19:17:40,663 - pyiron_log - INFO - made directory '/tmp/tmptumh7nsk/c'
2026-07-31 19:17:40,679 - pyiron_log - INFO - Deleted: /tmp/tmptumh7nsk/c/vasp.log
2026-07-31 19:17:40,679 - pyiron_log - INFO - Deleted: /tmp/tmptumh7nsk/c/OUTCAR
2026-07-31 19:17:40,692 - pyiron_log - INFO - made directory '/tmp/tmpdqe4krvd/c'
2026-07-31 19:17:40,708 - pyiron_log - INFO - Deleted: /tmp/tmpdqe4krvd/c/vasp.log
2026-07-31 19:17:40,708 - pyiron_log - INFO - Deleted: /tmp/tmpdqe4krvd/c/OUTCAR
2026-07-31 19:17:40,717 - pyiron_log - INFO - made directory '/tmp/tmp7i1m3wvt/c'
2026-07-31 19:17:40,733 - pyiron_log - INFO - Deleted: /tmp/tmp7i1m3wvt/c/vasp.log
2026-07-31 19:17:40,734 - pyiron_log - INFO - Deleted: /tmp/tmp7i1m3wvt/c/OUTCAR
2026-07-31 19:17:40,745 - pyiron_log - INFO - made directory '/tmp/tmpuvmcqfga/c'
2026-07-31 19:17:40,761 - pyiron_log - INFO - Deleted: /tmp/tmpuvmcqfga/c/vasp.log
2026-07-31 19:17:40,761 - pyiron_log - INFO - Deleted: /tmp/tmpuvmcqfga/c/OUTCAR
2026-07-31 19:17:40,774 - pyiron_log - INFO - made directory '/tmp/tmpynitaxva/c'
2026-07-31 19:17:40,790 - pyiron_log - INFO - Deleted: /tmp/tmpynitaxva/c/vasp.log
2026-07-31 19:17:40,790 - pyiron_log - INFO - Deleted: /tmp/tmpynitaxva/c/OUTCAR
2026-07-31 19:17:40,804 - pyiron_log - INFO - made directory '/tmp/tmpmn_c4lzg/c'
2026-07-31 19:17:40,821 - pyiron_log - INFO - Deleted: /tmp/tmpmn_c4lzg/c/vasp.log
2026-07-31 19:17:40,821 - pyiron_log - INFO - Deleted: /tmp/tmpmn_c4lzg/c/OUTCAR
2026-07-31 19:17:40,833 - pyiron_log - INFO - made directory '/tmp/tmppsh4mx5_/c'
2026-07-31 19:17:40,848 - pyiron_log - INFO - Deleted: /tmp/tmppsh4mx5_/c/vasp.log
2026-07-31 19:17:40,848 - pyiron_log - INFO - Deleted: /tmp/tmppsh4mx5_/c/OUTCAR
2026-07-31 19:17:49,093 - pyiron_log - INFO - made directory '/tmp/pytest-of-hmai/pytest-56/test_create_working_directory_0/fresh'
2026-07-31 19:21:07,007 - pyiron_log - INFO - Deleted: /tmp/pytest-of-hmai/pytest-57/test_delete_files_recursively_0/vaspcalc/CHGCAR
2026-07-31 19:21:07,009 - pyiron_log - INFO - Deleted: /tmp/pytest-of-hmai/pytest-57/test_delete_files_recursively_0/vaspcalc/WAVECAR
2026-07-31 19:21:07,016 - pyiron_log - INFO - Error: /tmp/pytest-of-hmai/pytest-57/test_delete_files_recursively_1/nope is not a valid directory.
2026-07-31 19:21:07,504 - pyiron_log - INFO - made directory '/tmp/pytest-of-hmai/pytest-57/test_vasp_job_runs_end_to_end0/calc'
2026-07-31 19:21:07,542 - pyiron_log - INFO - Deleted: /tmp/pytest-of-hmai/pytest-57/test_vasp_job_runs_end_to_end0/calc/CHGCAR
2026-07-31 19:21:07,558 - pyiron_log - INFO - made directory '/tmp/pytest-of-hmai/pytest-57/test_vasp_job_removes_calc_dir0/calc2'
2026-07-31 19:21:07,589 - pyiron_log - INFO - made directory '/tmp/pytest-of-hmai/pytest-57/test_vasp_job_runs_without_fil0/calc3'
2026-07-31 19:21:07,612 - pyiron_log - INFO - made directory '/tmp/pytest-of-hmai/pytest-57/test_create_working_directory_0/fresh'
2026-07-31 19:26:51,237 - pyiron_log - INFO - Deleted: /tmp/pytest-of-hmai/pytest-58/test_delete_files_recursively_0/vaspcalc/CHGCAR
2026-07-31 19:26:51,259 - pyiron_log - INFO - Deleted: /tmp/pytest-of-hmai/pytest-58/test_delete_files_recursively_0/vaspcalc/WAVECAR
2026-07-31 19:26:51,263 - pyiron_log - INFO - Error: /tmp/pytest-of-hmai/pytest-58/test_delete_files_recursively_1/nope is not a valid directory.
2026-07-31 19:26:51,728 - pyiron_log - INFO - made directory '/tmp/pytest-of-hmai/pytest-58/test_vasp_job_runs_end_to_end0/calc'
2026-07-31 19:26:51,822 - pyiron_log - INFO - Deleted: /tmp/pytest-of-hmai/pytest-58/test_vasp_job_runs_end_to_end0/calc/CHGCAR
2026-07-31 19:26:51,836 - pyiron_log - INFO - made directory '/tmp/pytest-of-hmai/pytest-58/test_vasp_job_removes_calc_dir0/calc2'
2026-07-31 19:26:51,864 - pyiron_log - INFO - made directory '/tmp/pytest-of-hmai/pytest-58/test_vasp_job_runs_without_fil0/calc3'
2026-07-31 19:26:51,881 - pyiron_log - INFO - made directory '/tmp/pytest-of-hmai/pytest-58/test_create_working_directory_0/fresh'
2026-07-31 19:27:53,033 - pyiron_log - INFO - Deleted: /tmp/pytest-of-hmai/pytest-59/test_delete_files_recursively_0/vaspcalc/CHGCAR
2026-07-31 19:27:53,034 - pyiron_log - INFO - Deleted: /tmp/pytest-of-hmai/pytest-59/test_delete_files_recursively_0/vaspcalc/WAVECAR
2026-07-31 19:27:53,039 - pyiron_log - INFO - Error: /tmp/pytest-of-hmai/pytest-59/test_delete_files_recursively_1/nope is not a valid directory.
2026-07-31 19:27:53,503 - pyiron_log - INFO - made directory '/tmp/pytest-of-hmai/pytest-59/test_vasp_job_runs_end_to_end0/calc'
2026-07-31 19:27:53,541 - pyiron_log - INFO - Deleted: /tmp/pytest-of-hmai/pytest-59/test_vasp_job_runs_end_to_end0/calc/CHGCAR
2026-07-31 19:27:53,558 - pyiron_log - INFO - made directory '/tmp/pytest-of-hmai/pytest-59/test_vasp_job_removes_calc_dir0/calc2'
2026-07-31 19:27:53,593 - pyiron_log - INFO - made directory '/tmp/pytest-of-hmai/pytest-59/test_vasp_job_runs_without_fil0/calc3'
2026-07-31 19:27:53,612 - pyiron_log - INFO - made directory '/tmp/pytest-of-hmai/pytest-59/test_create_working_directory_0/fresh'
2026-07-31 19:29:35,315 - pyiron_log - INFO - Deleted: /tmp/pytest-of-hmai/pytest-60/test_delete_files_recursively_0/vaspcalc/CHGCAR
2026-07-31 19:29:35,317 - pyiron_log - INFO - Deleted: /tmp/pytest-of-hmai/pytest-60/test_delete_files_recursively_0/vaspcalc/WAVECAR
2026-07-31 19:29:35,323 - pyiron_log - INFO - Error: /tmp/pytest-of-hmai/pytest-60/test_delete_files_recursively_1/nope is not a valid directory.
2026-07-31 19:29:35,900 - pyiron_log - INFO - made directory '/tmp/pytest-of-hmai/pytest-60/test_vasp_job_runs_end_to_end0/calc'
2026-07-31 19:29:35,938 - pyiron_log - INFO - Deleted: /tmp/pytest-of-hmai/pytest-60/test_vasp_job_runs_end_to_end0/calc/CHGCAR
2026-07-31 19:29:35,953 - pyiron_log - INFO - made directory '/tmp/pytest-of-hmai/pytest-60/test_vasp_job_removes_calc_dir0/calc2'
2026-07-31 19:29:35,985 - pyiron_log - INFO - made directory '/tmp/pytest-of-hmai/pytest-60/test_vasp_job_runs_without_fil0/calc3'
2026-07-31 19:29:36,007 - pyiron_log - INFO - made directory '/tmp/pytest-of-hmai/pytest-60/test_create_working_directory_0/fresh'
2026-07-31 19:30:59,008 - pyiron_log - INFO - Deleted: /tmp/pytest-of-hmai/pytest-61/test_delete_files_recursively_0/vaspcalc/CHGCAR
2026-07-31 19:30:59,010 - pyiron_log - INFO - Deleted: /tmp/pytest-of-hmai/pytest-61/test_delete_files_recursively_0/vaspcalc/WAVECAR
2026-07-31 19:30:59,012 - pyiron_log - INFO - Error: /tmp/pytest-of-hmai/pytest-61/test_delete_files_recursively_1/nope is not a valid directory.
2026-07-31 19:30:59,518 - pyiron_log - INFO - made directory '/tmp/pytest-of-hmai/pytest-61/test_vasp_job_runs_end_to_end0/calc'
2026-07-31 19:30:59,558 - pyiron_log - INFO - Deleted: /tmp/pytest-of-hmai/pytest-61/test_vasp_job_runs_end_to_end0/calc/CHGCAR
2026-07-31 19:30:59,576 - pyiron_log - INFO - made directory '/tmp/pytest-of-hmai/pytest-61/test_vasp_job_removes_calc_dir0/calc2'
2026-07-31 19:30:59,609 - pyiron_log - INFO - made directory '/tmp/pytest-of-hmai/pytest-61/test_vasp_job_runs_without_fil0/calc3'
2026-07-31 19:30:59,629 - pyiron_log - INFO - made directory '/tmp/pytest-of-hmai/pytest-61/test_create_working_directory_0/fresh'
2026-07-31 19:31:51,187 - pyiron_log - INFO - Deleted: /tmp/pytest-of-hmai/pytest-62/test_delete_files_recursively_0/vaspcalc/CHGCAR
2026-07-31 19:31:51,189 - pyiron_log - INFO - Deleted: /tmp/pytest-of-hmai/pytest-62/test_delete_files_recursively_0/vaspcalc/WAVECAR
2026-07-31 19:31:51,192 - pyiron_log - INFO - Error: /tmp/pytest-of-hmai/pytest-62/test_delete_files_recursively_1/nope is not a valid directory.
2026-07-31 19:31:51,532 - pyiron_log - INFO - made directory '/tmp/pytest-of-hmai/pytest-62/test_vasp_job_runs_end_to_end0/calc'
2026-07-31 19:31:51,567 - pyiron_log - INFO - Deleted: /tmp/pytest-of-hmai/pytest-62/test_vasp_job_runs_end_to_end0/calc/CHGCAR
2026-07-31 19:31:51,579 - pyiron_log - INFO - made directory '/tmp/pytest-of-hmai/pytest-62/test_vasp_job_removes_calc_dir0/calc2'
2026-07-31 19:31:51,607 - pyiron_log - INFO - made directory '/tmp/pytest-of-hmai/pytest-62/test_vasp_job_runs_without_fil0/calc3'
2026-07-31 19:31:51,624 - pyiron_log - INFO - made directory '/tmp/pytest-of-hmai/pytest-62/test_create_working_directory_0/fresh'
2026-07-31 19:34:30,820 - pyiron_log - INFO - Deleted: /tmp/pytest-of-hmai/pytest-63/test_delete_files_recursively_0/vaspcalc/CHGCAR
2026-07-31 19:34:30,830 - pyiron_log - INFO - Deleted: /tmp/pytest-of-hmai/pytest-63/test_delete_files_recursively_0/vaspcalc/WAVECAR
2026-07-31 19:34:30,833 - pyiron_log - INFO - Error: /tmp/pytest-of-hmai/pytest-63/test_delete_files_recursively_1/nope is not a valid directory.
2026-07-31 19:34:31,392 - pyiron_log - INFO - made directory '/tmp/pytest-of-hmai/pytest-63/test_vasp_job_runs_end_to_end0/calc'
2026-07-31 19:34:31,514 - pyiron_log - INFO - Deleted: /tmp/pytest-of-hmai/pytest-63/test_vasp_job_runs_end_to_end0/calc/CHGCAR
2026-07-31 19:34:31,532 - pyiron_log - INFO - made directory '/tmp/pytest-of-hmai/pytest-63/test_vasp_job_removes_calc_dir0/calc2'
2026-07-31 19:34:31,562 - pyiron_log - INFO - made directory '/tmp/pytest-of-hmai/pytest-63/test_vasp_job_runs_without_fil0/calc3'
2026-07-31 19:34:31,584 - pyiron_log - INFO - made directory '/tmp/pytest-of-hmai/pytest-63/test_create_working_directory_0/fresh'
2026-07-31 19:35:48,163 - pyiron_log - INFO - Deleted: /tmp/pytest-of-hmai/pytest-64/test_delete_files_recursively_0/vaspcalc/CHGCAR
2026-07-31 19:35:48,164 - pyiron_log - INFO - Deleted: /tmp/pytest-of-hmai/pytest-64/test_delete_files_recursively_0/vaspcalc/WAVECAR
2026-07-31 19:35:48,166 - pyiron_log - INFO - Error: /tmp/pytest-of-hmai/pytest-64/test_delete_files_recursively_1/nope is not a valid directory.
2026-07-31 19:35:48,701 - pyiron_log - INFO - made directory '/tmp/pytest-of-hmai/pytest-64/test_vasp_job_runs_end_to_end0/calc'
2026-07-31 19:35:48,735 - pyiron_log - INFO - Deleted: /tmp/pytest-of-hmai/pytest-64/test_vasp_job_runs_end_to_end0/calc/CHGCAR
2026-07-31 19:35:48,752 - pyiron_log - INFO - made directory '/tmp/pytest-of-hmai/pytest-64/test_vasp_job_removes_calc_dir0/calc2'
2026-07-31 19:35:48,791 - pyiron_log - INFO - made directory '/tmp/pytest-of-hmai/pytest-64/test_vasp_job_runs_without_fil0/calc3'
2026-07-31 19:35:48,812 - pyiron_log - INFO - made directory '/tmp/pytest-of-hmai/pytest-64/test_create_working_directory_0/fresh'
2026-08-01 15:01:44,065 - pyiron_log - INFO - run_shell: workdir=/tmp
2026-08-01 15:01:57,575 - pyiron_log - INFO - Deleted: /tmp/pytest-of-hmai/pytest-149/test_delete_files_recursively_0/vaspcalc/CHGCAR
2026-08-01 15:01:57,575 - pyiron_log - INFO - Deleted: /tmp/pytest-of-hmai/pytest-149/test_delete_files_recursively_0/vaspcalc/WAVECAR
2026-08-01 15:01:57,578 - pyiron_log - INFO - Error: /tmp/pytest-of-hmai/pytest-149/test_delete_files_recursively_1/nope is not a valid directory.
2026-08-01 15:01:57,589 - pyiron_log - INFO - compress_directory: compressed directory at /tmp/pytest-of-hmai/pytest-149/test_compress_directory_create0/vaspcalc
2026-08-01 15:01:57,729 - pyiron_log - INFO - compress_directory: compressed directory at /tmp/pytest-of-hmai/pytest-149/test_compress_directory_member0/vaspcalc
2026-08-01 15:01:57,734 - pyiron_log - INFO - compress_directory: compressed directory at /tmp/pytest-of-hmai/pytest-149/test_compress_directory_exclud0/vaspcalc
2026-08-01 15:01:57,755 - pyiron_log - INFO - run_shell: workdir=/tmp/pytest-of-hmai/pytest-149/test_run_shell_executes_in_wor0/calc
2026-08-01 15:01:57,763 - pyiron_log - INFO - run_shell: workdir=/tmp/pytest-of-hmai/pytest-149/test_run_shell_does_not_mutate0/calc
2026-08-01 15:01:57,769 - pyiron_log - INFO - run_shell: workdir=/tmp/pytest-of-hmai/pytest-149/test_run_shell_captures_failur0/calc
2026-08-01 15:01:57,776 - pyiron_log - INFO - run_shell: workdir=/tmp/pytest-of-hmai/pytest-149/test_run_shell_preserves_argum0/calc
2026-08-01 15:01:57,786 - pyiron_log - INFO - run_shell: workdir=/tmp/pytest-of-hmai/pytest-149/test_run_shell_concurrent_call0/work_0
2026-08-01 15:01:57,788 - pyiron_log - INFO - run_shell: workdir=/tmp/pytest-of-hmai/pytest-149/test_run_shell_concurrent_call0/work_1
2026-08-01 15:01:57,791 - pyiron_log - INFO - run_shell: workdir=/tmp/pytest-of-hmai/pytest-149/test_run_shell_concurrent_call0/work_2
2026-08-01 15:01:57,795 - pyiron_log - INFO - run_shell: workdir=/tmp/pytest-of-hmai/pytest-149/test_run_shell_concurrent_call0/work_3
2026-08-01 15:01:57,800 - pyiron_log - INFO - run_shell: workdir=/tmp/pytest-of-hmai/pytest-149/test_run_shell_concurrent_call0/work_0
2026-08-01 15:01:57,803 - pyiron_log - INFO - run_shell: workdir=/tmp/pytest-of-hmai/pytest-149/test_run_shell_concurrent_call0/work_1
2026-08-01 15:01:57,807 - pyiron_log - INFO - run_shell: workdir=/tmp/pytest-of-hmai/pytest-149/test_run_shell_concurrent_call0/work_2
2026-08-01 15:01:57,810 - pyiron_log - INFO - run_shell: workdir=/tmp/pytest-of-hmai/pytest-149/test_run_shell_concurrent_call0/work_3
2026-08-01 15:01:57,814 - pyiron_log - INFO - run_shell: workdir=/tmp/pytest-of-hmai/pytest-149/test_run_shell_concurrent_call0/work_0
2026-08-01 15:01:57,817 - pyiron_log - INFO - run_shell: workdir=/tmp/pytest-of-hmai/pytest-149/test_run_shell_concurrent_call0/work_1
2026-08-01 15:01:57,820 - pyiron_log - INFO - run_shell: workdir=/tmp/pytest-of-hmai/pytest-149/test_run_shell_concurrent_call0/work_2
2026-08-01 15:01:57,825 - pyiron_log - INFO - run_shell: workdir=/tmp/pytest-of-hmai/pytest-149/test_run_shell_concurrent_call0/work_3
2026-08-01 15:01:57,827 - pyiron_log - INFO - run_shell: workdir=/tmp/pytest-of-hmai/pytest-149/test_run_shell_concurrent_call0/work_0
2026-08-01 15:01:57,831 - pyiron_log - INFO - run_shell: workdir=/tmp/pytest-of-hmai/pytest-149/test_run_shell_concurrent_call0/work_1
2026-08-01 15:01:57,834 - pyiron_log - INFO - run_shell: workdir=/tmp/pytest-of-hmai/pytest-149/test_run_shell_concurrent_call0/work_2
2026-08-01 15:01:57,839 - pyiron_log - INFO - run_shell: workdir=/tmp/pytest-of-hmai/pytest-149/test_run_shell_concurrent_call0/work_3
2026-08-01 15:01:57,843 - pyiron_log - INFO - run_shell: workdir=/tmp/pytest-of-hmai/pytest-149/test_run_shell_concurrent_call0/work_0
2026-08-01 15:01:57,845 - pyiron_log - INFO - run_shell: workdir=/tmp/pytest-of-hmai/pytest-149/test_run_shell_concurrent_call0/work_1
2026-08-01 15:01:57,849 - pyiron_log - INFO - run_shell: workdir=/tmp/pytest-of-hmai/pytest-149/test_run_shell_concurrent_call0/work_2
2026-08-01 15:01:57,851 - pyiron_log - INFO - run_shell: workdir=/tmp/pytest-of-hmai/pytest-149/test_run_shell_concurrent_call0/work_3
2026-08-01 15:01:57,855 - pyiron_log - INFO - run_shell: workdir=/tmp/pytest-of-hmai/pytest-149/test_run_shell_concurrent_call0/work_0
2026-08-01 15:01:57,860 - pyiron_log - INFO - run_shell: workdir=/tmp/pytest-of-hmai/pytest-149/test_run_shell_concurrent_call0/work_1
2026-08-01 15:01:57,863 - pyiron_log - INFO - run_shell: workdir=/tmp/pytest-of-hmai/pytest-149/test_run_shell_concurrent_call0/work_2
2026-08-01 15:01:57,867 - pyiron_log - INFO - run_shell: workdir=/tmp/pytest-of-hmai/pytest-149/test_run_shell_concurrent_call0/work_3
2026-08-01 15:01:57,877 - pyiron_log - INFO - run_shell: workdir=/tmp/pytest-of-hmai/pytest-149/test_run_shell_concurrent_call0/work_0
2026-08-01 15:01:57,879 - pyiron_log - INFO - run_shell: workdir=/tmp/pytest-of-hmai/pytest-149/test_run_shell_concurrent_call0/work_1
2026-08-01 15:01:57,882 - pyiron_log - INFO - run_shell: workdir=/tmp/pytest-of-hmai/pytest-149/test_run_shell_concurrent_call0/work_2
2026-08-01 15:01:57,886 - pyiron_log - INFO - run_shell: workdir=/tmp/pytest-of-hmai/pytest-149/test_run_shell_concurrent_call0/work_3
2026-08-01 15:01:57,892 - pyiron_log - INFO - run_shell: workdir=/tmp/pytest-of-hmai/pytest-149/test_run_shell_concurrent_call0/work_0
2026-08-01 15:01:57,894 - pyiron_log - INFO - run_shell: workdir=/tmp/pytest-of-hmai/pytest-149/test_run_shell_concurrent_call0/work_1
2026-08-01 15:01:57,898 - pyiron_log - INFO - run_shell: workdir=/tmp/pytest-of-hmai/pytest-149/test_run_shell_concurrent_call0/work_2
2026-08-01 15:01:57,901 - pyiron_log - INFO - run_shell: workdir=/tmp/pytest-of-hmai/pytest-149/test_run_shell_concurrent_call0/work_3
2026-08-01 15:01:57,905 - pyiron_log - INFO - run_shell: workdir=/tmp/pytest-of-hmai/pytest-149/test_run_shell_concurrent_call0/work_0
2026-08-01 15:01:57,909 - pyiron_log - INFO - run_shell: workdir=/tmp/pytest-of-hmai/pytest-149/test_run_shell_concurrent_call0/work_1
2026-08-01 15:01:57,912 - pyiron_log - INFO - run_shell: workdir=/tmp/pytest-of-hmai/pytest-149/test_run_shell_concurrent_call0/work_2
2026-08-01 15:01:57,916 - pyiron_log - INFO - run_shell: workdir=/tmp/pytest-of-hmai/pytest-149/test_run_shell_concurrent_call0/work_3
2026-08-01 15:01:57,919 - pyiron_log - INFO - run_shell: workdir=/tmp/pytest-of-hmai/pytest-149/test_run_shell_concurrent_call0/work_0
2026-08-01 15:01:57,922 - pyiron_log - INFO - run_shell: workdir=/tmp/pytest-of-hmai/pytest-149/test_run_shell_concurrent_call0/work_1
2026-08-01 15:01:57,925 - pyiron_log - INFO - run_shell: workdir=/tmp/pytest-of-hmai/pytest-149/test_run_shell_concurrent_call0/work_2
2026-08-01 15:01:57,929 - pyiron_log - INFO - run_shell: workdir=/tmp/pytest-of-hmai/pytest-149/test_run_shell_concurrent_call0/work_3
2026-08-01 15:01:57,933 - pyiron_log - INFO - run_shell: workdir=/tmp/pytest-of-hmai/pytest-149/test_run_shell_concurrent_call0/work_0
2026-08-01 15:01:57,937 - pyiron_log - INFO - run_shell: workdir=/tmp/pytest-of-hmai/pytest-149/test_run_shell_concurrent_call0/work_1
2026-08-01 15:01:57,940 - pyiron_log - INFO - run_shell: workdir=/tmp/pytest-of-hmai/pytest-149/test_run_shell_concurrent_call0/work_2
2026-08-01 15:01:57,943 - pyiron_log - INFO - run_shell: workdir=/tmp/pytest-of-hmai/pytest-149/test_run_shell_concurrent_call0/work_3
2026-08-01 15:01:57,948 - pyiron_log - INFO - run_shell: workdir=/tmp/pytest-of-hmai/pytest-149/test_run_shell_concurrent_call0/work_0
2026-08-01 15:01:57,951 - pyiron_log - INFO - run_shell: workdir=/tmp/pytest-of-hmai/pytest-149/test_run_shell_concurrent_call0/work_1
2026-08-01 15:01:57,954 - pyiron_log - INFO - run_shell: workdir=/tmp/pytest-of-hmai/pytest-149/test_run_shell_concurrent_call0/work_2
2026-08-01 15:01:57,957 - pyiron_log - INFO - run_shell: workdir=/tmp/pytest-of-hmai/pytest-149/test_run_shell_concurrent_call0/work_3
2026-08-01 15:01:57,968 - pyiron_log - INFO - run_shell: workdir=/tmp/pytest-of-hmai/pytest-149/test_run_shell_concurrent_call0/work_0
2026-08-01 15:01:57,971 - pyiron_log - INFO - run_shell: workdir=/tmp/pytest-of-hmai/pytest-149/test_run_shell_concurrent_call0/work_1
2026-08-01 15:01:57,974 - pyiron_log - INFO - run_shell: workdir=/tmp/pytest-of-hmai/pytest-149/test_run_shell_concurrent_call0/work_2
2026-08-01 15:01:57,977 - pyiron_log - INFO - run_shell: workdir=/tmp/pytest-of-hmai/pytest-149/test_run_shell_concurrent_call0/work_3
2026-08-01 15:01:57,982 - pyiron_log - INFO - run_shell: workdir=/tmp/pytest-of-hmai/pytest-149/test_run_shell_concurrent_call0/work_0
2026-08-01 15:01:57,985 - pyiron_log - INFO - run_shell: workdir=/tmp/pytest-of-hmai/pytest-149/test_run_shell_concurrent_call0/work_1
2026-08-01 15:01:57,988 - pyiron_log - INFO - run_shell: workdir=/tmp/pytest-of-hmai/pytest-149/test_run_shell_concurrent_call0/work_2
2026-08-01 15:01:57,992 - pyiron_log - INFO - run_shell: workdir=/tmp/pytest-of-hmai/pytest-149/test_run_shell_concurrent_call0/work_3
2026-08-01 15:01:57,997 - pyiron_log - INFO - run_shell: workdir=/tmp/pytest-of-hmai/pytest-149/test_run_shell_concurrent_call0/work_0
2026-08-01 15:01:57,999 - pyiron_log - INFO - run_shell: workdir=/tmp/pytest-of-hmai/pytest-149/test_run_shell_concurrent_call0/work_1
2026-08-01 15:01:58,003 - pyiron_log - INFO - run_shell: workdir=/tmp/pytest-of-hmai/pytest-149/test_run_shell_concurrent_call0/work_2
2026-08-01 15:01:58,005 - pyiron_log - INFO - run_shell: workdir=/tmp/pytest-of-hmai/pytest-149/test_run_shell_concurrent_call0/work_3
2026-08-01 15:01:58,010 - pyiron_log - INFO - run_shell: workdir=/tmp/pytest-of-hmai/pytest-149/test_run_shell_concurrent_call0/work_0
2026-08-01 15:01:58,014 - pyiron_log - INFO - run_shell: workdir=/tmp/pytest-of-hmai/pytest-149/test_run_shell_concurrent_call0/work_1
2026-08-01 15:01:58,018 - pyiron_log - INFO - run_shell: workdir=/tmp/pytest-of-hmai/pytest-149/test_run_shell_concurrent_call0/work_2
2026-08-01 15:01:58,020 - pyiron_log - INFO - run_shell: workdir=/tmp/pytest-of-hmai/pytest-149/test_run_shell_concurrent_call0/work_3
2026-08-01 15:01:58,024 - pyiron_log - INFO - run_shell: workdir=/tmp/pytest-of-hmai/pytest-149/test_run_shell_concurrent_call0/work_0
2026-08-01 15:01:58,027 - pyiron_log - INFO - run_shell: workdir=/tmp/pytest-of-hmai/pytest-149/test_run_shell_concurrent_call0/work_1
2026-08-01 15:01:58,032 - pyiron_log - INFO - run_shell: workdir=/tmp/pytest-of-hmai/pytest-149/test_run_shell_concurrent_call0/work_2
2026-08-01 15:01:58,036 - pyiron_log - INFO - run_shell: workdir=/tmp/pytest-of-hmai/pytest-149/test_run_shell_concurrent_call0/work_3
2026-08-01 15:01:58,038 - pyiron_log - INFO - run_shell: workdir=/tmp/pytest-of-hmai/pytest-149/test_run_shell_concurrent_call0/work_0
2026-08-01 15:01:58,041 - pyiron_log - INFO - run_shell: workdir=/tmp/pytest-of-hmai/pytest-149/test_run_shell_concurrent_call0/work_1
2026-08-01 15:01:58,044 - pyiron_log - INFO - run_shell: workdir=/tmp/pytest-of-hmai/pytest-149/test_run_shell_concurrent_call0/work_2
2026-08-01 15:01:58,052 - pyiron_log - INFO - run_shell: workdir=/tmp/pytest-of-hmai/pytest-149/test_run_shell_concurrent_call0/work_3
2026-08-01 15:01:58,061 - pyiron_log - INFO - run_shell: workdir=/tmp/pytest-of-hmai/pytest-149/test_run_shell_concurrent_call0/work_0
2026-08-01 15:01:58,064 - pyiron_log - INFO - run_shell: workdir=/tmp/pytest-of-hmai/pytest-149/test_run_shell_concurrent_call0/work_1
2026-08-01 15:01:58,068 - pyiron_log - INFO - run_shell: workdir=/tmp/pytest-of-hmai/pytest-149/test_run_shell_concurrent_call0/work_2
2026-08-01 15:01:58,071 - pyiron_log - INFO - run_shell: workdir=/tmp/pytest-of-hmai/pytest-149/test_run_shell_concurrent_call0/work_3
2026-08-01 15:01:58,077 - pyiron_log - INFO - run_shell: workdir=/tmp/pytest-of-hmai/pytest-149/test_run_shell_concurrent_call0/work_0
2026-08-01 15:01:58,079 - pyiron_log - INFO - run_shell: workdir=/tmp/pytest-of-hmai/pytest-149/test_run_shell_concurrent_call0/work_1
2026-08-01 15:01:58,084 - pyiron_log - INFO - run_shell: workdir=/tmp/pytest-of-hmai/pytest-149/test_run_shell_concurrent_call0/work_2
2026-08-01 15:01:58,086 - pyiron_log - INFO - run_shell: workdir=/tmp/pytest-of-hmai/pytest-149/test_run_shell_concurrent_call0/work_3
2026-08-01 15:01:58,090 - pyiron_log - INFO - run_shell: workdir=/tmp/pytest-of-hmai/pytest-149/test_run_shell_concurrent_call0/work_0
2026-08-01 15:01:58,092 - pyiron_log - INFO - run_shell: workdir=/tmp/pytest-of-hmai/pytest-149/test_run_shell_concurrent_call0/work_1
2026-08-01 15:01:58,100 - pyiron_log - INFO - run_shell: workdir=/tmp/pytest-of-hmai/pytest-149/test_run_shell_concurrent_call0/work_2
2026-08-01 15:01:58,103 - pyiron_log - INFO - run_shell: workdir=/tmp/pytest-of-hmai/pytest-149/test_run_shell_concurrent_call0/work_3
2026-08-01 15:01:58,106 - pyiron_log - INFO - run_shell: workdir=/tmp/pytest-of-hmai/pytest-149/test_run_shell_concurrent_call0/work_0
2026-08-01 15:01:58,109 - pyiron_log - INFO - run_shell: workdir=/tmp/pytest-of-hmai/pytest-149/test_run_shell_concurrent_call0/work_1
2026-08-01 15:01:58,111 - pyiron_log - INFO - run_shell: workdir=/tmp/pytest-of-hmai/pytest-149/test_run_shell_concurrent_call0/work_2
2026-08-01 15:01:58,120 - pyiron_log - INFO - run_shell: workdir=/tmp/pytest-of-hmai/pytest-149/test_run_shell_concurrent_call0/work_3
2026-08-01 15:01:58,123 - pyiron_log - INFO - run_shell: workdir=/tmp/pytest-of-hmai/pytest-149/test_run_shell_concurrent_call0/work_0
2026-08-01 15:01:58,125 - pyiron_log - INFO - run_shell: workdir=/tmp/pytest-of-hmai/pytest-149/test_run_shell_concurrent_call0/work_1
2026-08-01 15:01:58,130 - pyiron_log - INFO - run_shell: workdir=/tmp/pytest-of-hmai/pytest-149/test_run_shell_concurrent_call0/work_2
2026-08-01 15:01:58,134 - pyiron_log - INFO - run_shell: workdir=/tmp/pytest-of-hmai/pytest-149/test_run_shell_concurrent_call0/work_3
2026-08-01 15:01:58,137 - pyiron_log - INFO - run_shell: workdir=/tmp/pytest-of-hmai/pytest-149/test_run_shell_concurrent_call0/work_0
2026-08-01 15:01:58,140 - pyiron_log - INFO - run_shell: workdir=/tmp/pytest-of-hmai/pytest-149/test_run_shell_concurrent_call0/work_1
2026-08-01 15:01:58,143 - pyiron_log - INFO - run_shell: workdir=/tmp/pytest-of-hmai/pytest-149/test_run_shell_concurrent_call0/work_2
2026-08-01 15:01:58,147 - pyiron_log - INFO - run_shell: workdir=/tmp/pytest-of-hmai/pytest-149/test_run_shell_concurrent_call0/work_3
2026-08-01 15:01:58,157 - pyiron_log - INFO - run_shell: workdir=/tmp/pytest-of-hmai/pytest-149/test_run_shell_concurrent_call0/work_0
2026-08-01 15:01:58,160 - pyiron_log - INFO - run_shell: workdir=/tmp/pytest-of-hmai/pytest-149/test_run_shell_concurrent_call0/work_1
2026-08-01 15:01:58,162 - pyiron_log - INFO - run_shell: workdir=/tmp/pytest-of-hmai/pytest-149/test_run_shell_concurrent_call0/work_2
2026-08-01 15:01:58,165 - pyiron_log - INFO - run_shell: workdir=/tmp/pytest-of-hmai/pytest-149/test_run_shell_concurrent_call0/work_3
2026-08-01 15:01:58,170 - pyiron_log - INFO - run_shell: workdir=/tmp/pytest-of-hmai/pytest-149/test_run_shell_concurrent_call0/work_0
2026-08-01 15:01:58,187 - pyiron_log - INFO - run_shell: workdir=/tmp/pytest-of-hmai/pytest-149/test_run_shell_concurrent_call0/work_1
2026-08-01 15:01:58,191 - pyiron_log - INFO - run_shell: workdir=/tmp/pytest-of-hmai/pytest-149/test_run_shell_concurrent_call0/work_2
2026-08-01 15:01:58,194 - pyiron_log - INFO - run_shell: workdir=/tmp/pytest-of-hmai/pytest-149/test_run_shell_concurrent_call0/work_3
2026-08-01 15:01:58,196 - pyiron_log - INFO - run_shell: workdir=/tmp/pytest-of-hmai/pytest-149/test_run_shell_concurrent_call0/work_0
2026-08-01 15:01:58,200 - pyiron_log - INFO - run_shell: workdir=/tmp/pytest-of-hmai/pytest-149/test_run_shell_concurrent_call0/work_1
2026-08-01 15:01:58,205 - pyiron_log - INFO - run_shell: workdir=/tmp/pytest-of-hmai/pytest-149/test_run_shell_concurrent_call0/work_2
2026-08-01 15:01:58,209 - pyiron_log - INFO - run_shell: workdir=/tmp/pytest-of-hmai/pytest-149/test_run_shell_concurrent_call0/work_3
2026-08-01 15:01:58,211 - pyiron_log - INFO - run_shell: workdir=/tmp/pytest-of-hmai/pytest-149/test_run_shell_concurrent_call0/work_0
2026-08-01 15:01:58,216 - pyiron_log - INFO - run_shell: workdir=/tmp/pytest-of-hmai/pytest-149/test_run_shell_concurrent_call0/work_1
2026-08-01 15:01:58,218 - pyiron_log - INFO - run_shell: workdir=/tmp/pytest-of-hmai/pytest-149/test_run_shell_concurrent_call0/work_2
2026-08-01 15:01:58,223 - pyiron_log - INFO - run_shell: workdir=/tmp/pytest-of-hmai/pytest-149/test_run_shell_concurrent_call0/work_3
2026-08-01 15:01:58,225 - pyiron_log - INFO - run_shell: workdir=/tmp/pytest-of-hmai/pytest-149/test_run_shell_concurrent_call0/work_0
2026-08-01 15:01:58,229 - pyiron_log - INFO - run_shell: workdir=/tmp/pytest-of-hmai/pytest-149/test_run_shell_concurrent_call0/work_1
2026-08-01 15:01:58,233 - pyiron_log - INFO - run_shell: workdir=/tmp/pytest-of-hmai/pytest-149/test_run_shell_concurrent_call0/work_2
2026-08-01 15:01:58,236 - pyiron_log - INFO - run_shell: workdir=/tmp/pytest-of-hmai/pytest-149/test_run_shell_concurrent_call0/work_3
2026-08-01 15:01:58,240 - pyiron_log - INFO - run_shell: workdir=/tmp/pytest-of-hmai/pytest-149/test_run_shell_concurrent_call0/work_0
2026-08-01 15:01:58,244 - pyiron_log - INFO - run_shell: workdir=/tmp/pytest-of-hmai/pytest-149/test_run_shell_concurrent_call0/work_1
2026-08-01 15:01:58,247 - pyiron_log - INFO - run_shell: workdir=/tmp/pytest-of-hmai/pytest-149/test_run_shell_concurrent_call0/work_2
2026-08-01 15:01:58,250 - pyiron_log - INFO - run_shell: workdir=/tmp/pytest-of-hmai/pytest-149/test_run_shell_concurrent_call0/work_3
2026-08-01 15:01:58,444 - pyiron_log - INFO - File '/tmp/pytest-of-hmai/pytest-149/test_is_line_in_file_missing_f0/no_such_file' not found.
2026-08-01 15:01:58,446 - pyiron_log - INFO - run_shell: workdir=/tmp/pytest-of-hmai/pytest-149/test_run_shell_propagates_subp0
2026-08-01 15:01:58,675 - pyiron_log - INFO - made directory '/tmp/pytest-of-hmai/pytest-149/test_create_working_directory_0/fresh'
2026-08-01 15:03:27,128 - pyiron_log - INFO - Deleted: /tmp/pytest-of-hmai/pytest-150/test_delete_files_recursively_0/vaspcalc/CHGCAR
2026-08-01 15:03:27,128 - pyiron_log - INFO - Deleted: /tmp/pytest-of-hmai/pytest-150/test_delete_files_recursively_0/vaspcalc/WAVECAR
2026-08-01 15:03:27,130 - pyiron_log - INFO - Error: /tmp/pytest-of-hmai/pytest-150/test_delete_files_recursively_1/nope is not a valid directory.
2026-08-01 15:03:27,135 - pyiron_log - INFO - compress_directory: compressed directory at /tmp/pytest-of-hmai/pytest-150/test_compress_directory_create0/vaspcalc
2026-08-01 15:03:27,138 - pyiron_log - INFO - compress_directory: compressed directory at /tmp/pytest-of-hmai/pytest-150/test_compress_directory_member0/vaspcalc
2026-08-01 15:03:27,143 - pyiron_log - INFO - compress_directory: compressed directory at /tmp/pytest-of-hmai/pytest-150/test_compress_directory_exclud0/vaspcalc
2026-08-01 15:03:27,151 - pyiron_log - INFO - run_shell: workdir=/tmp/pytest-of-hmai/pytest-150/test_run_shell_executes_in_wor0/calc
2026-08-01 15:03:27,158 - pyiron_log - INFO - run_shell: workdir=/tmp/pytest-of-hmai/pytest-150/test_run_shell_does_not_mutate0/calc
2026-08-01 15:03:27,165 - pyiron_log - INFO - run_shell: workdir=/tmp/pytest-of-hmai/pytest-150/test_run_shell_captures_failur0/calc
2026-08-01 15:03:27,171 - pyiron_log - INFO - run_shell: workdir=/tmp/pytest-of-hmai/pytest-150/test_run_shell_preserves_argum0/calc
2026-08-01 15:03:27,180 - pyiron_log - INFO - run_shell: workdir=/tmp/pytest-of-hmai/pytest-150/test_run_shell_concurrent_call0/work_0
2026-08-01 15:03:27,183 - pyiron_log - INFO - run_shell: workdir=/tmp/pytest-of-hmai/pytest-150/test_run_shell_concurrent_call0/work_1
2026-08-01 15:03:27,186 - pyiron_log - INFO - run_shell: workdir=/tmp/pytest-of-hmai/pytest-150/test_run_shell_concurrent_call0/work_2
2026-08-01 15:03:27,190 - pyiron_log - INFO - run_shell: workdir=/tmp/pytest-of-hmai/pytest-150/test_run_shell_concurrent_call0/work_3
2026-08-01 15:03:27,196 - pyiron_log - INFO - run_shell: workdir=/tmp/pytest-of-hmai/pytest-150/test_run_shell_concurrent_call0/work_0
2026-08-01 15:03:27,200 - pyiron_log - INFO - run_shell: workdir=/tmp/pytest-of-hmai/pytest-150/test_run_shell_concurrent_call0/work_1
2026-08-01 15:03:27,202 - pyiron_log - INFO - run_shell: workdir=/tmp/pytest-of-hmai/pytest-150/test_run_shell_concurrent_call0/work_2
2026-08-01 15:03:27,206 - pyiron_log - INFO - run_shell: workdir=/tmp/pytest-of-hmai/pytest-150/test_run_shell_concurrent_call0/work_3
2026-08-01 15:03:27,209 - pyiron_log - INFO - run_shell: workdir=/tmp/pytest-of-hmai/pytest-150/test_run_shell_concurrent_call0/work_0
2026-08-01 15:03:27,213 - pyiron_log - INFO - run_shell: workdir=/tmp/pytest-of-hmai/pytest-150/test_run_shell_concurrent_call0/work_1
2026-08-01 15:03:27,217 - pyiron_log - INFO - run_shell: workdir=/tmp/pytest-of-hmai/pytest-150/test_run_shell_concurrent_call0/work_2
2026-08-01 15:03:27,220 - pyiron_log - INFO - run_shell: workdir=/tmp/pytest-of-hmai/pytest-150/test_run_shell_concurrent_call0/work_3
2026-08-01 15:03:27,223 - pyiron_log - INFO - run_shell: workdir=/tmp/pytest-of-hmai/pytest-150/test_run_shell_concurrent_call0/work_0
2026-08-01 15:03:27,227 - pyiron_log - INFO - run_shell: workdir=/tmp/pytest-of-hmai/pytest-150/test_run_shell_concurrent_call0/work_1
2026-08-01 15:03:27,232 - pyiron_log - INFO - run_shell: workdir=/tmp/pytest-of-hmai/pytest-150/test_run_shell_concurrent_call0/work_2
2026-08-01 15:03:27,236 - pyiron_log - INFO - run_shell: workdir=/tmp/pytest-of-hmai/pytest-150/test_run_shell_concurrent_call0/work_3
2026-08-01 15:03:27,239 - pyiron_log - INFO - run_shell: workdir=/tmp/pytest-of-hmai/pytest-150/test_run_shell_concurrent_call0/work_0
2026-08-01 15:03:27,242 - pyiron_log - INFO - run_shell: workdir=/tmp/pytest-of-hmai/pytest-150/test_run_shell_concurrent_call0/work_1
2026-08-01 15:03:27,246 - pyiron_log - INFO - run_shell: workdir=/tmp/pytest-of-hmai/pytest-150/test_run_shell_concurrent_call0/work_2
2026-08-01 15:03:27,250 - pyiron_log - INFO - run_shell: workdir=/tmp/pytest-of-hmai/pytest-150/test_run_shell_concurrent_call0/work_3
2026-08-01 15:03:27,253 - pyiron_log - INFO - run_shell: workdir=/tmp/pytest-of-hmai/pytest-150/test_run_shell_concurrent_call0/work_0
2026-08-01 15:03:27,257 - pyiron_log - INFO - run_shell: workdir=/tmp/pytest-of-hmai/pytest-150/test_run_shell_concurrent_call0/work_1
2026-08-01 15:03:27,260 - pyiron_log - INFO - run_shell: workdir=/tmp/pytest-of-hmai/pytest-150/test_run_shell_concurrent_call0/work_2
2026-08-01 15:03:27,263 - pyiron_log - INFO - run_shell: workdir=/tmp/pytest-of-hmai/pytest-150/test_run_shell_concurrent_call0/work_3
2026-08-01 15:03:27,273 - pyiron_log - INFO - run_shell: workdir=/tmp/pytest-of-hmai/pytest-150/test_run_shell_concurrent_call0/work_0
2026-08-01 15:03:27,276 - pyiron_log - INFO - run_shell: workdir=/tmp/pytest-of-hmai/pytest-150/test_run_shell_concurrent_call0/work_1
2026-08-01 15:03:27,279 - pyiron_log - INFO - run_shell: workdir=/tmp/pytest-of-hmai/pytest-150/test_run_shell_concurrent_call0/work_2
2026-08-01 15:03:27,283 - pyiron_log - INFO - run_shell: workdir=/tmp/pytest-of-hmai/pytest-150/test_run_shell_concurrent_call0/work_3
2026-08-01 15:03:27,289 - pyiron_log - INFO - run_shell: workdir=/tmp/pytest-of-hmai/pytest-150/test_run_shell_concurrent_call0/work_0
2026-08-01 15:03:27,292 - pyiron_log - INFO - run_shell: workdir=/tmp/pytest-of-hmai/pytest-150/test_run_shell_concurrent_call0/work_1
2026-08-01 15:03:27,295 - pyiron_log - INFO - run_shell: workdir=/tmp/pytest-of-hmai/pytest-150/test_run_shell_concurrent_call0/work_2
2026-08-01 15:03:27,299 - pyiron_log - INFO - run_shell: workdir=/tmp/pytest-of-hmai/pytest-150/test_run_shell_concurrent_call0/work_3
2026-08-01 15:03:27,302 - pyiron_log - INFO - run_shell: workdir=/tmp/pytest-of-hmai/pytest-150/test_run_shell_concurrent_call0/work_0
2026-08-01 15:03:27,306 - pyiron_log - INFO - run_shell: workdir=/tmp/pytest-of-hmai/pytest-150/test_run_shell_concurrent_call0/work_1
2026-08-01 15:03:27,310 - pyiron_log - INFO - run_shell: workdir=/tmp/pytest-of-hmai/pytest-150/test_run_shell_concurrent_call0/work_2
2026-08-01 15:03:27,313 - pyiron_log - INFO - run_shell: workdir=/tmp/pytest-of-hmai/pytest-150/test_run_shell_concurrent_call0/work_3
2026-08-01 15:03:27,316 - pyiron_log - INFO - run_shell: workdir=/tmp/pytest-of-hmai/pytest-150/test_run_shell_concurrent_call0/work_0
2026-08-01 15:03:27,319 - pyiron_log - INFO - run_shell: workdir=/tmp/pytest-of-hmai/pytest-150/test_run_shell_concurrent_call0/work_1
2026-08-01 15:03:27,322 - pyiron_log - INFO - run_shell: workdir=/tmp/pytest-of-hmai/pytest-150/test_run_shell_concurrent_call0/work_2
2026-08-01 15:03:27,327 - pyiron_log - INFO - run_shell: workdir=/tmp/pytest-of-hmai/pytest-150/test_run_shell_concurrent_call0/work_3
2026-08-01 15:03:27,331 - pyiron_log - INFO - run_shell: workdir=/tmp/pytest-of-hmai/pytest-150/test_run_shell_concurrent_call0/work_0
2026-08-01 15:03:27,334 - pyiron_log - INFO - run_shell: workdir=/tmp/pytest-of-hmai/pytest-150/test_run_shell_concurrent_call0/work_1
2026-08-01 15:03:27,336 - pyiron_log - INFO - run_shell: workdir=/tmp/pytest-of-hmai/pytest-150/test_run_shell_concurrent_call0/work_2
2026-08-01 15:03:27,339 - pyiron_log - INFO - run_shell: workdir=/tmp/pytest-of-hmai/pytest-150/test_run_shell_concurrent_call0/work_3
2026-08-01 15:03:27,348 - pyiron_log - INFO - run_shell: workdir=/tmp/pytest-of-hmai/pytest-150/test_run_shell_concurrent_call0/work_0
2026-08-01 15:03:27,351 - pyiron_log - INFO - run_shell: workdir=/tmp/pytest-of-hmai/pytest-150/test_run_shell_concurrent_call0/work_1
2026-08-01 15:03:27,354 - pyiron_log - INFO - run_shell: workdir=/tmp/pytest-of-hmai/pytest-150/test_run_shell_concurrent_call0/work_2
2026-08-01 15:03:27,357 - pyiron_log - INFO - run_shell: workdir=/tmp/pytest-of-hmai/pytest-150/test_run_shell_concurrent_call0/work_3
2026-08-01 15:03:27,367 - pyiron_log - INFO - run_shell: workdir=/tmp/pytest-of-hmai/pytest-150/test_run_shell_concurrent_call0/work_0
2026-08-01 15:03:27,370 - pyiron_log - INFO - run_shell: workdir=/tmp/pytest-of-hmai/pytest-150/test_run_shell_concurrent_call0/work_1
2026-08-01 15:03:27,373 - pyiron_log - INFO - run_shell: workdir=/tmp/pytest-of-hmai/pytest-150/test_run_shell_concurrent_call0/work_2
2026-08-01 15:03:27,376 - pyiron_log - INFO - run_shell: workdir=/tmp/pytest-of-hmai/pytest-150/test_run_shell_concurrent_call0/work_3
2026-08-01 15:03:27,384 - pyiron_log - INFO - run_shell: workdir=/tmp/pytest-of-hmai/pytest-150/test_run_shell_concurrent_call0/work_0
2026-08-01 15:03:27,387 - pyiron_log - INFO - run_shell: workdir=/tmp/pytest-of-hmai/pytest-150/test_run_shell_concurrent_call0/work_1
2026-08-01 15:03:27,390 - pyiron_log - INFO - run_shell: workdir=/tmp/pytest-of-hmai/pytest-150/test_run_shell_concurrent_call0/work_2
2026-08-01 15:03:27,393 - pyiron_log - INFO - run_shell: workdir=/tmp/pytest-of-hmai/pytest-150/test_run_shell_concurrent_call0/work_3
2026-08-01 15:03:27,397 - pyiron_log - INFO - run_shell: workdir=/tmp/pytest-of-hmai/pytest-150/test_run_shell_concurrent_call0/work_0
2026-08-01 15:03:27,402 - pyiron_log - INFO - run_shell: workdir=/tmp/pytest-of-hmai/pytest-150/test_run_shell_concurrent_call0/work_1
2026-08-01 15:03:27,406 - pyiron_log - INFO - run_shell: workdir=/tmp/pytest-of-hmai/pytest-150/test_run_shell_concurrent_call0/work_2
2026-08-01 15:03:27,408 - pyiron_log - INFO - run_shell: workdir=/tmp/pytest-of-hmai/pytest-150/test_run_shell_concurrent_call0/work_3
2026-08-01 15:03:27,412 - pyiron_log - INFO - run_shell: workdir=/tmp/pytest-of-hmai/pytest-150/test_run_shell_concurrent_call0/work_0
2026-08-01 15:03:27,415 - pyiron_log - INFO - run_shell: workdir=/tmp/pytest-of-hmai/pytest-150/test_run_shell_concurrent_call0/work_1
2026-08-01 15:03:27,419 - pyiron_log - INFO - run_shell: workdir=/tmp/pytest-of-hmai/pytest-150/test_run_shell_concurrent_call0/work_2
2026-08-01 15:03:27,423 - pyiron_log - INFO - run_shell: workdir=/tmp/pytest-of-hmai/pytest-150/test_run_shell_concurrent_call0/work_3
2026-08-01 15:03:27,427 - pyiron_log - INFO - run_shell: workdir=/tmp/pytest-of-hmai/pytest-150/test_run_shell_concurrent_call0/work_0
2026-08-01 15:03:27,431 - pyiron_log - INFO - run_shell: workdir=/tmp/pytest-of-hmai/pytest-150/test_run_shell_concurrent_call0/work_1
2026-08-01 15:03:27,434 - pyiron_log - INFO - run_shell: workdir=/tmp/pytest-of-hmai/pytest-150/test_run_shell_concurrent_call0/work_2
2026-08-01 15:03:27,437 - pyiron_log - INFO - run_shell: workdir=/tmp/pytest-of-hmai/pytest-150/test_run_shell_concurrent_call0/work_3
2026-08-01 15:03:27,440 - pyiron_log - INFO - run_shell: workdir=/tmp/pytest-of-hmai/pytest-150/test_run_shell_concurrent_call0/work_0
2026-08-01 15:03:27,444 - pyiron_log - INFO - run_shell: workdir=/tmp/pytest-of-hmai/pytest-150/test_run_shell_concurrent_call0/work_1
2026-08-01 15:03:27,447 - pyiron_log - INFO - run_shell: workdir=/tmp/pytest-of-hmai/pytest-150/test_run_shell_concurrent_call0/work_2
2026-08-01 15:03:27,451 - pyiron_log - INFO - run_shell: workdir=/tmp/pytest-of-hmai/pytest-150/test_run_shell_concurrent_call0/work_3
2026-08-01 15:03:27,461 - pyiron_log - INFO - run_shell: workdir=/tmp/pytest-of-hmai/pytest-150/test_run_shell_concurrent_call0/work_0
2026-08-01 15:03:27,464 - pyiron_log - INFO - run_shell: workdir=/tmp/pytest-of-hmai/pytest-150/test_run_shell_concurrent_call0/work_1
2026-08-01 15:03:27,467 - pyiron_log - INFO - run_shell: workdir=/tmp/pytest-of-hmai/pytest-150/test_run_shell_concurrent_call0/work_2
2026-08-01 15:03:27,471 - pyiron_log - INFO - run_shell: workdir=/tmp/pytest-of-hmai/pytest-150/test_run_shell_concurrent_call0/work_3
2026-08-01 15:03:27,476 - pyiron_log - INFO - run_shell: workdir=/tmp/pytest-of-hmai/pytest-150/test_run_shell_concurrent_call0/work_0
2026-08-01 15:03:27,479 - pyiron_log - INFO - run_shell: workdir=/tmp/pytest-of-hmai/pytest-150/test_run_shell_concurrent_call0/work_1
2026-08-01 15:03:27,483 - pyiron_log - INFO - run_shell: workdir=/tmp/pytest-of-hmai/pytest-150/test_run_shell_concurrent_call0/work_2
2026-08-01 15:03:27,486 - pyiron_log - INFO - run_shell: workdir=/tmp/pytest-of-hmai/pytest-150/test_run_shell_concurrent_call0/work_3
2026-08-01 15:03:27,489 - pyiron_log - INFO - run_shell: workdir=/tmp/pytest-of-hmai/pytest-150/test_run_shell_concurrent_call0/work_0
2026-08-01 15:03:27,493 - pyiron_log - INFO - run_shell: workdir=/tmp/pytest-of-hmai/pytest-150/test_run_shell_concurrent_call0/work_1
2026-08-01 15:03:27,497 - pyiron_log - INFO - run_shell: workdir=/tmp/pytest-of-hmai/pytest-150/test_run_shell_concurrent_call0/work_2
2026-08-01 15:03:27,500 - pyiron_log - INFO - run_shell: workdir=/tmp/pytest-of-hmai/pytest-150/test_run_shell_concurrent_call0/work_3
2026-08-01 15:03:27,504 - pyiron_log - INFO - run_shell: workdir=/tmp/pytest-of-hmai/pytest-150/test_run_shell_concurrent_call0/work_0
2026-08-01 15:03:27,506 - pyiron_log - INFO - run_shell: workdir=/tmp/pytest-of-hmai/pytest-150/test_run_shell_concurrent_call0/work_1
2026-08-01 15:03:27,509 - pyiron_log - INFO - run_shell: workdir=/tmp/pytest-of-hmai/pytest-150/test_run_shell_concurrent_call0/work_2
2026-08-01 15:03:27,512 - pyiron_log - INFO - run_shell: workdir=/tmp/pytest-of-hmai/pytest-150/test_run_shell_concurrent_call0/work_3
2026-08-01 15:03:27,517 - pyiron_log - INFO - run_shell: workdir=/tmp/pytest-of-hmai/pytest-150/test_run_shell_concurrent_call0/work_0
2026-08-01 15:03:27,536 - pyiron_log - INFO - run_shell: workdir=/tmp/pytest-of-hmai/pytest-150/test_run_shell_concurrent_call0/work_1
2026-08-01 15:03:27,540 - pyiron_log - INFO - run_shell: workdir=/tmp/pytest-of-hmai/pytest-150/test_run_shell_concurrent_call0/work_2
2026-08-01 15:03:27,542 - pyiron_log - INFO - run_shell: workdir=/tmp/pytest-of-hmai/pytest-150/test_run_shell_concurrent_call0/work_3
2026-08-01 15:03:27,545 - pyiron_log - INFO - run_shell: workdir=/tmp/pytest-of-hmai/pytest-150/test_run_shell_concurrent_call0/work_0
2026-08-01 15:03:27,549 - pyiron_log - INFO - run_shell: workdir=/tmp/pytest-of-hmai/pytest-150/test_run_shell_concurrent_call0/work_1
2026-08-01 15:03:27,554 - pyiron_log - INFO - run_shell: workdir=/tmp/pytest-of-hmai/pytest-150/test_run_shell_concurrent_call0/work_2
2026-08-01 15:03:27,558 - pyiron_log - INFO - run_shell: workdir=/tmp/pytest-of-hmai/pytest-150/test_run_shell_concurrent_call0/work_3
2026-08-01 15:03:27,567 - pyiron_log - INFO - run_shell: workdir=/tmp/pytest-of-hmai/pytest-150/test_run_shell_concurrent_call0/work_0
2026-08-01 15:03:27,570 - pyiron_log - INFO - run_shell: workdir=/tmp/pytest-of-hmai/pytest-150/test_run_shell_concurrent_call0/work_1
2026-08-01 15:03:27,573 - pyiron_log - INFO - run_shell: workdir=/tmp/pytest-of-hmai/pytest-150/test_run_shell_concurrent_call0/work_2
2026-08-01 15:03:27,576 - pyiron_log - INFO - run_shell: workdir=/tmp/pytest-of-hmai/pytest-150/test_run_shell_concurrent_call0/work_3
2026-08-01 15:03:27,582 - pyiron_log - INFO - run_shell: workdir=/tmp/pytest-of-hmai/pytest-150/test_run_shell_concurrent_call0/work_0
2026-08-01 15:03:27,586 - pyiron_log - INFO - run_shell: workdir=/tmp/pytest-of-hmai/pytest-150/test_run_shell_concurrent_call0/work_1
2026-08-01 15:03:27,588 - pyiron_log - INFO - run_shell: workdir=/tmp/pytest-of-hmai/pytest-150/test_run_shell_concurrent_call0/work_2
2026-08-01 15:03:27,592 - pyiron_log - INFO - run_shell: workdir=/tmp/pytest-of-hmai/pytest-150/test_run_shell_concurrent_call0/work_3
2026-08-01 15:03:27,595 - pyiron_log - INFO - run_shell: workdir=/tmp/pytest-of-hmai/pytest-150/test_run_shell_concurrent_call0/work_0
2026-08-01 15:03:27,600 - pyiron_log - INFO - run_shell: workdir=/tmp/pytest-of-hmai/pytest-150/test_run_shell_concurrent_call0/work_1
2026-08-01 15:03:27,603 - pyiron_log - INFO - run_shell: workdir=/tmp/pytest-of-hmai/pytest-150/test_run_shell_concurrent_call0/work_2
2026-08-01 15:03:27,606 - pyiron_log - INFO - run_shell: workdir=/tmp/pytest-of-hmai/pytest-150/test_run_shell_concurrent_call0/work_3
2026-08-01 15:03:27,610 - pyiron_log - INFO - run_shell: workdir=/tmp/pytest-of-hmai/pytest-150/test_run_shell_concurrent_call0/work_0
2026-08-01 15:03:27,613 - pyiron_log - INFO - run_shell: workdir=/tmp/pytest-of-hmai/pytest-150/test_run_shell_concurrent_call0/work_1
2026-08-01 15:03:27,617 - pyiron_log - INFO - run_shell: workdir=/tmp/pytest-of-hmai/pytest-150/test_run_shell_concurrent_call0/work_2
2026-08-01 15:03:27,621 - pyiron_log - INFO - run_shell: workdir=/tmp/pytest-of-hmai/pytest-150/test_run_shell_concurrent_call0/work_3
2026-08-01 15:03:27,624 - pyiron_log - INFO - run_shell: workdir=/tmp/pytest-of-hmai/pytest-150/test_run_shell_concurrent_call0/work_0
2026-08-01 15:03:27,628 - pyiron_log - INFO - run_shell: workdir=/tmp/pytest-of-hmai/pytest-150/test_run_shell_concurrent_call0/work_1
2026-08-01 15:03:27,631 - pyiron_log - INFO - run_shell: workdir=/tmp/pytest-of-hmai/pytest-150/test_run_shell_concurrent_call0/work_2
2026-08-01 15:03:27,635 - pyiron_log - INFO - run_shell: workdir=/tmp/pytest-of-hmai/pytest-150/test_run_shell_concurrent_call0/work_3
2026-08-01 15:03:27,639 - pyiron_log - INFO - run_shell: workdir=/tmp/pytest-of-hmai/pytest-150/test_run_shell_concurrent_call0/work_0
2026-08-01 15:03:27,642 - pyiron_log - INFO - run_shell: workdir=/tmp/pytest-of-hmai/pytest-150/test_run_shell_concurrent_call0/work_1
2026-08-01 15:03:27,645 - pyiron_log - INFO - run_shell: workdir=/tmp/pytest-of-hmai/pytest-150/test_run_shell_concurrent_call0/work_2
2026-08-01 15:03:27,648 - pyiron_log - INFO - run_shell: workdir=/tmp/pytest-of-hmai/pytest-150/test_run_shell_concurrent_call0/work_3
2026-08-01 15:03:27,743 - pyiron_log - INFO - File '/tmp/pytest-of-hmai/pytest-150/test_is_line_in_file_missing_f0/no_such_file' not found.
2026-08-01 15:03:27,744 - pyiron_log - INFO - run_shell: workdir=/tmp/pytest-of-hmai/pytest-150/test_run_shell_propagates_subp0
2026-08-01 15:03:27,751 - pyiron_log - INFO - made directory '/tmp/pytest-of-hmai/pytest-150/test_vasp_job_runs_end_to_end0/calc'
2026-08-01 15:03:27,849 - pyiron_log - INFO - run_shell: workdir=/tmp/pytest-of-hmai/pytest-150/test_vasp_job_runs_end_to_end0/calc
2026-08-01 15:03:27,859 - pyiron_log - INFO - Deleted: /tmp/pytest-of-hmai/pytest-150/test_vasp_job_runs_end_to_end0/calc/CHGCAR
2026-08-01 15:03:27,875 - pyiron_log - INFO - made directory '/tmp/pytest-of-hmai/pytest-150/test_vasp_job_removes_calc_dir0/calc2'
2026-08-01 15:03:27,878 - pyiron_log - INFO - run_shell: workdir=/tmp/pytest-of-hmai/pytest-150/test_vasp_job_removes_calc_dir0/calc2
2026-08-01 15:03:27,910 - pyiron_log - INFO - made directory '/tmp/pytest-of-hmai/pytest-150/test_vasp_job_runs_without_fil0/calc3'
2026-08-01 15:03:27,913 - pyiron_log - INFO - run_shell: workdir=/tmp/pytest-of-hmai/pytest-150/test_vasp_job_runs_without_fil0/calc3
2026-08-01 15:03:27,927 - pyiron_log - INFO - made directory '/tmp/pytest-of-hmai/pytest-150/test_create_working_directory_0/fresh'
2026-08-01 15:03:43,916 - pyiron_log - INFO - Deleted: /tmp/pytest-of-hmai/pytest-151/test_delete_files_recursively_0/vaspcalc/CHGCAR
2026-08-01 15:03:43,916 - pyiron_log - INFO - Deleted: /tmp/pytest-of-hmai/pytest-151/test_delete_files_recursively_0/vaspcalc/WAVECAR
2026-08-01 15:03:43,919 - pyiron_log - INFO - Error: /tmp/pytest-of-hmai/pytest-151/test_delete_files_recursively_1/nope is not a valid directory.
2026-08-01 15:03:43,928 - pyiron_log - INFO - compress_directory: compressed directory at /tmp/pytest-of-hmai/pytest-151/test_compress_directory_create0/vaspcalc
2026-08-01 15:03:43,935 - pyiron_log - INFO - compress_directory: compressed directory at /tmp/pytest-of-hmai/pytest-151/test_compress_directory_member0/vaspcalc
2026-08-01 15:03:43,940 - pyiron_log - INFO - compress_directory: compressed directory at /tmp/pytest-of-hmai/pytest-151/test_compress_directory_exclud0/vaspcalc
2026-08-01 15:03:43,956 - pyiron_log - INFO - run_shell: workdir=/tmp/pytest-of-hmai/pytest-151/test_run_shell_executes_in_wor0/calc
2026-08-01 15:03:43,965 - pyiron_log - INFO - run_shell: workdir=/tmp/pytest-of-hmai/pytest-151/test_run_shell_does_not_mutate0/calc
2026-08-01 15:03:43,973 - pyiron_log - INFO - run_shell: workdir=/tmp/pytest-of-hmai/pytest-151/test_run_shell_captures_failur0/calc
2026-08-01 15:03:43,982 - pyiron_log - INFO - run_shell: workdir=/tmp/pytest-of-hmai/pytest-151/test_run_shell_preserves_argum0/calc
2026-08-01 15:03:43,996 - pyiron_log - INFO - run_shell: workdir=/tmp/pytest-of-hmai/pytest-151/test_run_shell_concurrent_call0/work_0
2026-08-01 15:03:44,001 - pyiron_log - INFO - run_shell: workdir=/tmp/pytest-of-hmai/pytest-151/test_run_shell_concurrent_call0/work_1
2026-08-01 15:03:44,006 - pyiron_log - INFO - run_shell: workdir=/tmp/pytest-of-hmai/pytest-151/test_run_shell_concurrent_call0/work_2
2026-08-01 15:03:44,014 - pyiron_log - INFO - run_shell: workdir=/tmp/pytest-of-hmai/pytest-151/test_run_shell_concurrent_call0/work_3
2026-08-01 15:03:44,023 - pyiron_log - INFO - run_shell: workdir=/tmp/pytest-of-hmai/pytest-151/test_run_shell_concurrent_call0/work_0
2026-08-01 15:03:44,028 - pyiron_log - INFO - run_shell: workdir=/tmp/pytest-of-hmai/pytest-151/test_run_shell_concurrent_call0/work_1
2026-08-01 15:03:44,037 - pyiron_log - INFO - run_shell: workdir=/tmp/pytest-of-hmai/pytest-151/test_run_shell_concurrent_call0/work_2
2026-08-01 15:03:44,041 - pyiron_log - INFO - run_shell: workdir=/tmp/pytest-of-hmai/pytest-151/test_run_shell_concurrent_call0/work_3
2026-08-01 15:03:44,048 - pyiron_log - INFO - run_shell: workdir=/tmp/pytest-of-hmai/pytest-151/test_run_shell_concurrent_call0/work_0
2026-08-01 15:03:44,056 - pyiron_log - INFO - run_shell: workdir=/tmp/pytest-of-hmai/pytest-151/test_run_shell_concurrent_call0/work_1
2026-08-01 15:03:44,063 - pyiron_log - INFO - run_shell: workdir=/tmp/pytest-of-hmai/pytest-151/test_run_shell_concurrent_call0/work_2
2026-08-01 15:03:44,067 - pyiron_log - INFO - run_shell: workdir=/tmp/pytest-of-hmai/pytest-151/test_run_shell_concurrent_call0/work_3
2026-08-01 15:03:44,074 - pyiron_log - INFO - run_shell: workdir=/tmp/pytest-of-hmai/pytest-151/test_run_shell_concurrent_call0/work_0
2026-08-01 15:03:44,080 - pyiron_log - INFO - run_shell: workdir=/tmp/pytest-of-hmai/pytest-151/test_run_shell_concurrent_call0/work_1
2026-08-01 15:03:44,089 - pyiron_log - INFO - run_shell: workdir=/tmp/pytest-of-hmai/pytest-151/test_run_shell_concurrent_call0/work_2
2026-08-01 15:03:44,094 - pyiron_log - INFO - run_shell: workdir=/tmp/pytest-of-hmai/pytest-151/test_run_shell_concurrent_call0/work_3
2026-08-01 15:03:44,098 - pyiron_log - INFO - run_shell: workdir=/tmp/pytest-of-hmai/pytest-151/test_run_shell_concurrent_call0/work_0
2026-08-01 15:03:44,107 - pyiron_log - INFO - run_shell: workdir=/tmp/pytest-of-hmai/pytest-151/test_run_shell_concurrent_call0/work_1
2026-08-01 15:03:44,113 - pyiron_log - INFO - run_shell: workdir=/tmp/pytest-of-hmai/pytest-151/test_run_shell_concurrent_call0/work_2
2026-08-01 15:03:44,117 - pyiron_log - INFO - run_shell: workdir=/tmp/pytest-of-hmai/pytest-151/test_run_shell_concurrent_call0/work_3
2026-08-01 15:03:44,123 - pyiron_log - INFO - run_shell: workdir=/tmp/pytest-of-hmai/pytest-151/test_run_shell_concurrent_call0/work_0
2026-08-01 15:03:44,128 - pyiron_log - INFO - run_shell: workdir=/tmp/pytest-of-hmai/pytest-151/test_run_shell_concurrent_call0/work_1
2026-08-01 15:03:44,137 - pyiron_log - INFO - run_shell: workdir=/tmp/pytest-of-hmai/pytest-151/test_run_shell_concurrent_call0/work_2
2026-08-01 15:03:44,144 - pyiron_log - INFO - run_shell: workdir=/tmp/pytest-of-hmai/pytest-151/test_run_shell_concurrent_call0/work_3
2026-08-01 15:03:44,158 - pyiron_log - INFO - run_shell: workdir=/tmp/pytest-of-hmai/pytest-151/test_run_shell_concurrent_call0/work_0
2026-08-01 15:03:44,163 - pyiron_log - INFO - run_shell: workdir=/tmp/pytest-of-hmai/pytest-151/test_run_shell_concurrent_call0/work_1
2026-08-01 15:03:44,168 - pyiron_log - INFO - run_shell: workdir=/tmp/pytest-of-hmai/pytest-151/test_run_shell_concurrent_call0/work_2
2026-08-01 15:03:44,175 - pyiron_log - INFO - run_shell: workdir=/tmp/pytest-of-hmai/pytest-151/test_run_shell_concurrent_call0/work_3
2026-08-01 15:03:44,187 - pyiron_log - INFO - run_shell: workdir=/tmp/pytest-of-hmai/pytest-151/test_run_shell_concurrent_call0/work_0
2026-08-01 15:03:44,192 - pyiron_log - INFO - run_shell: workdir=/tmp/pytest-of-hmai/pytest-151/test_run_shell_concurrent_call0/work_1
2026-08-01 15:03:44,199 - pyiron_log - INFO - run_shell: workdir=/tmp/pytest-of-hmai/pytest-151/test_run_shell_concurrent_call0/work_2
2026-08-01 15:03:44,206 - pyiron_log - INFO - run_shell: workdir=/tmp/pytest-of-hmai/pytest-151/test_run_shell_concurrent_call0/work_3
2026-08-01 15:03:44,211 - pyiron_log - INFO - run_shell: workdir=/tmp/pytest-of-hmai/pytest-151/test_run_shell_concurrent_call0/work_0
2026-08-01 15:03:44,218 - pyiron_log - INFO - run_shell: workdir=/tmp/pytest-of-hmai/pytest-151/test_run_shell_concurrent_call0/work_1
2026-08-01 15:03:44,223 - pyiron_log - INFO - run_shell: workdir=/tmp/pytest-of-hmai/pytest-151/test_run_shell_concurrent_call0/work_2
2026-08-01 15:03:44,232 - pyiron_log - INFO - run_shell: workdir=/tmp/pytest-of-hmai/pytest-151/test_run_shell_concurrent_call0/work_3
2026-08-01 15:03:44,237 - pyiron_log - INFO - run_shell: workdir=/tmp/pytest-of-hmai/pytest-151/test_run_shell_concurrent_call0/work_0
2026-08-01 15:03:44,243 - pyiron_log - INFO - run_shell: workdir=/tmp/pytest-of-hmai/pytest-151/test_run_shell_concurrent_call0/work_1
2026-08-01 15:03:44,248 - pyiron_log - INFO - run_shell: workdir=/tmp/pytest-of-hmai/pytest-151/test_run_shell_concurrent_call0/work_2
2026-08-01 15:03:44,257 - pyiron_log - INFO - run_shell: workdir=/tmp/pytest-of-hmai/pytest-151/test_run_shell_concurrent_call0/work_3
2026-08-01 15:03:44,264 - pyiron_log - INFO - run_shell: workdir=/tmp/pytest-of-hmai/pytest-151/test_run_shell_concurrent_call0/work_0
2026-08-01 15:03:44,268 - pyiron_log - INFO - run_shell: workdir=/tmp/pytest-of-hmai/pytest-151/test_run_shell_concurrent_call0/work_1
2026-08-01 15:03:44,273 - pyiron_log - INFO - run_shell: workdir=/tmp/pytest-of-hmai/pytest-151/test_run_shell_concurrent_call0/work_2
2026-08-01 15:03:44,287 - pyiron_log - INFO - run_shell: workdir=/tmp/pytest-of-hmai/pytest-151/test_run_shell_concurrent_call0/work_3
2026-08-01 15:03:44,291 - pyiron_log - INFO - run_shell: workdir=/tmp/pytest-of-hmai/pytest-151/test_run_shell_concurrent_call0/work_0
2026-08-01 15:03:44,296 - pyiron_log - INFO - run_shell: workdir=/tmp/pytest-of-hmai/pytest-151/test_run_shell_concurrent_call0/work_1
2026-08-01 15:03:44,304 - pyiron_log - INFO - run_shell: workdir=/tmp/pytest-of-hmai/pytest-151/test_run_shell_concurrent_call0/work_2
2026-08-01 15:03:44,310 - pyiron_log - INFO - run_shell: workdir=/tmp/pytest-of-hmai/pytest-151/test_run_shell_concurrent_call0/work_3
2026-08-01 15:03:44,323 - pyiron_log - INFO - run_shell: workdir=/tmp/pytest-of-hmai/pytest-151/test_run_shell_concurrent_call0/work_0
2026-08-01 15:03:44,329 - pyiron_log - INFO - run_shell: workdir=/tmp/pytest-of-hmai/pytest-151/test_run_shell_concurrent_call0/work_1
2026-08-01 15:03:44,335 - pyiron_log - INFO - run_shell: workdir=/tmp/pytest-of-hmai/pytest-151/test_run_shell_concurrent_call0/work_2
2026-08-01 15:03:44,340 - pyiron_log - INFO - run_shell: workdir=/tmp/pytest-of-hmai/pytest-151/test_run_shell_concurrent_call0/work_3
2026-08-01 15:03:44,349 - pyiron_log - INFO - run_shell: workdir=/tmp/pytest-of-hmai/pytest-151/test_run_shell_concurrent_call0/work_0
2026-08-01 15:03:44,357 - pyiron_log - INFO - run_shell: workdir=/tmp/pytest-of-hmai/pytest-151/test_run_shell_concurrent_call0/work_1
2026-08-01 15:03:44,362 - pyiron_log - INFO - run_shell: workdir=/tmp/pytest-of-hmai/pytest-151/test_run_shell_concurrent_call0/work_2
2026-08-01 15:03:44,370 - pyiron_log - INFO - run_shell: workdir=/tmp/pytest-of-hmai/pytest-151/test_run_shell_concurrent_call0/work_3
2026-08-01 15:03:44,374 - pyiron_log - INFO - run_shell: workdir=/tmp/pytest-of-hmai/pytest-151/test_run_shell_concurrent_call0/work_0
2026-08-01 15:03:44,383 - pyiron_log - INFO - run_shell: workdir=/tmp/pytest-of-hmai/pytest-151/test_run_shell_concurrent_call0/work_1
2026-08-01 15:03:44,388 - pyiron_log - INFO - run_shell: workdir=/tmp/pytest-of-hmai/pytest-151/test_run_shell_concurrent_call0/work_2
2026-08-01 15:03:44,395 - pyiron_log - INFO - run_shell: workdir=/tmp/pytest-of-hmai/pytest-151/test_run_shell_concurrent_call0/work_3
2026-08-01 15:03:44,399 - pyiron_log - INFO - run_shell: workdir=/tmp/pytest-of-hmai/pytest-151/test_run_shell_concurrent_call0/work_0
2026-08-01 15:03:44,408 - pyiron_log - INFO - run_shell: workdir=/tmp/pytest-of-hmai/pytest-151/test_run_shell_concurrent_call0/work_1
2026-08-01 15:03:44,416 - pyiron_log - INFO - run_shell: workdir=/tmp/pytest-of-hmai/pytest-151/test_run_shell_concurrent_call0/work_2
2026-08-01 15:03:44,421 - pyiron_log - INFO - run_shell: workdir=/tmp/pytest-of-hmai/pytest-151/test_run_shell_concurrent_call0/work_3
2026-08-01 15:03:44,430 - pyiron_log - INFO - run_shell: workdir=/tmp/pytest-of-hmai/pytest-151/test_run_shell_concurrent_call0/work_0
2026-08-01 15:03:44,434 - pyiron_log - INFO - run_shell: workdir=/tmp/pytest-of-hmai/pytest-151/test_run_shell_concurrent_call0/work_1
2026-08-01 15:03:44,442 - pyiron_log - INFO - run_shell: workdir=/tmp/pytest-of-hmai/pytest-151/test_run_shell_concurrent_call0/work_2
2026-08-01 15:03:44,447 - pyiron_log - INFO - run_shell: workdir=/tmp/pytest-of-hmai/pytest-151/test_run_shell_concurrent_call0/work_3
2026-08-01 15:03:44,453 - pyiron_log - INFO - run_shell: workdir=/tmp/pytest-of-hmai/pytest-151/test_run_shell_concurrent_call0/work_0
2026-08-01 15:03:44,459 - pyiron_log - INFO - run_shell: workdir=/tmp/pytest-of-hmai/pytest-151/test_run_shell_concurrent_call0/work_1
2026-08-01 15:03:44,465 - pyiron_log - INFO - run_shell: workdir=/tmp/pytest-of-hmai/pytest-151/test_run_shell_concurrent_call0/work_2
2026-08-01 15:03:44,471 - pyiron_log - INFO - run_shell: workdir=/tmp/pytest-of-hmai/pytest-151/test_run_shell_concurrent_call0/work_3
2026-08-01 15:03:44,484 - pyiron_log - INFO - run_shell: workdir=/tmp/pytest-of-hmai/pytest-151/test_run_shell_concurrent_call0/work_0
2026-08-01 15:03:44,490 - pyiron_log - INFO - run_shell: workdir=/tmp/pytest-of-hmai/pytest-151/test_run_shell_concurrent_call0/work_1
2026-08-01 15:03:44,495 - pyiron_log - INFO - run_shell: workdir=/tmp/pytest-of-hmai/pytest-151/test_run_shell_concurrent_call0/work_2
2026-08-01 15:03:44,501 - pyiron_log - INFO - run_shell: workdir=/tmp/pytest-of-hmai/pytest-151/test_run_shell_concurrent_call0/work_3
2026-08-01 15:03:44,513 - pyiron_log - INFO - run_shell: workdir=/tmp/pytest-of-hmai/pytest-151/test_run_shell_concurrent_call0/work_0
2026-08-01 15:03:44,519 - pyiron_log - INFO - run_shell: workdir=/tmp/pytest-of-hmai/pytest-151/test_run_shell_concurrent_call0/work_1
2026-08-01 15:03:44,524 - pyiron_log - INFO - run_shell: workdir=/tmp/pytest-of-hmai/pytest-151/test_run_shell_concurrent_call0/work_2
2026-08-01 15:03:44,531 - pyiron_log - INFO - run_shell: workdir=/tmp/pytest-of-hmai/pytest-151/test_run_shell_concurrent_call0/work_3
2026-08-01 15:03:44,538 - pyiron_log - INFO - run_shell: workdir=/tmp/pytest-of-hmai/pytest-151/test_run_shell_concurrent_call0/work_0
2026-08-01 15:03:44,543 - pyiron_log - INFO - run_shell: workdir=/tmp/pytest-of-hmai/pytest-151/test_run_shell_concurrent_call0/work_1
2026-08-01 15:03:44,552 - pyiron_log - INFO - run_shell: workdir=/tmp/pytest-of-hmai/pytest-151/test_run_shell_concurrent_call0/work_2
2026-08-01 15:03:44,559 - pyiron_log - INFO - run_shell: workdir=/tmp/pytest-of-hmai/pytest-151/test_run_shell_concurrent_call0/work_3
2026-08-01 15:03:44,564 - pyiron_log - INFO - run_shell: workdir=/tmp/pytest-of-hmai/pytest-151/test_run_shell_concurrent_call0/work_0
2026-08-01 15:03:44,571 - pyiron_log - INFO - run_shell: workdir=/tmp/pytest-of-hmai/pytest-151/test_run_shell_concurrent_call0/work_1
2026-08-01 15:03:44,578 - pyiron_log - INFO - run_shell: workdir=/tmp/pytest-of-hmai/pytest-151/test_run_shell_concurrent_call0/work_2
2026-08-01 15:03:44,586 - pyiron_log - INFO - run_shell: workdir=/tmp/pytest-of-hmai/pytest-151/test_run_shell_concurrent_call0/work_3
2026-08-01 15:03:44,590 - pyiron_log - INFO - run_shell: workdir=/tmp/pytest-of-hmai/pytest-151/test_run_shell_concurrent_call0/work_0
2026-08-01 15:03:44,596 - pyiron_log - INFO - run_shell: workdir=/tmp/pytest-of-hmai/pytest-151/test_run_shell_concurrent_call0/work_1
2026-08-01 15:03:44,601 - pyiron_log - INFO - run_shell: workdir=/tmp/pytest-of-hmai/pytest-151/test_run_shell_concurrent_call0/work_2
2026-08-01 15:03:44,612 - pyiron_log - INFO - run_shell: workdir=/tmp/pytest-of-hmai/pytest-151/test_run_shell_concurrent_call0/work_3
2026-08-01 15:03:44,619 - pyiron_log - INFO - run_shell: workdir=/tmp/pytest-of-hmai/pytest-151/test_run_shell_concurrent_call0/work_0
2026-08-01 15:03:44,623 - pyiron_log - INFO - run_shell: workdir=/tmp/pytest-of-hmai/pytest-151/test_run_shell_concurrent_call0/work_1
2026-08-01 15:03:44,628 - pyiron_log - INFO - run_shell: workdir=/tmp/pytest-of-hmai/pytest-151/test_run_shell_concurrent_call0/work_2
2026-08-01 15:03:44,637 - pyiron_log - INFO - run_shell: workdir=/tmp/pytest-of-hmai/pytest-151/test_run_shell_concurrent_call0/work_3
2026-08-01 15:03:44,651 - pyiron_log - INFO - run_shell: workdir=/tmp/pytest-of-hmai/pytest-151/test_run_shell_concurrent_call0/work_0
2026-08-01 15:03:44,655 - pyiron_log - INFO - run_shell: workdir=/tmp/pytest-of-hmai/pytest-151/test_run_shell_concurrent_call0/work_1
2026-08-01 15:03:44,661 - pyiron_log - INFO - run_shell: workdir=/tmp/pytest-of-hmai/pytest-151/test_run_shell_concurrent_call0/work_2
2026-08-01 15:03:44,666 - pyiron_log - INFO - run_shell: workdir=/tmp/pytest-of-hmai/pytest-151/test_run_shell_concurrent_call0/work_3
2026-08-01 15:03:44,678 - pyiron_log - INFO - run_shell: workdir=/tmp/pytest-of-hmai/pytest-151/test_run_shell_concurrent_call0/work_0
2026-08-01 15:03:44,684 - pyiron_log - INFO - run_shell: workdir=/tmp/pytest-of-hmai/pytest-151/test_run_shell_concurrent_call0/work_1
2026-08-01 15:03:44,689 - pyiron_log - INFO - run_shell: workdir=/tmp/pytest-of-hmai/pytest-151/test_run_shell_concurrent_call0/work_2
2026-08-01 15:03:44,693 - pyiron_log - INFO - run_shell: workdir=/tmp/pytest-of-hmai/pytest-151/test_run_shell_concurrent_call0/work_3
2026-08-01 15:03:44,705 - pyiron_log - INFO - run_shell: workdir=/tmp/pytest-of-hmai/pytest-151/test_run_shell_concurrent_call0/work_0
2026-08-01 15:03:44,710 - pyiron_log - INFO - run_shell: workdir=/tmp/pytest-of-hmai/pytest-151/test_run_shell_concurrent_call0/work_1
2026-08-01 15:03:44,716 - pyiron_log - INFO - run_shell: workdir=/tmp/pytest-of-hmai/pytest-151/test_run_shell_concurrent_call0/work_2
2026-08-01 15:03:44,722 - pyiron_log - INFO - run_shell: workdir=/tmp/pytest-of-hmai/pytest-151/test_run_shell_concurrent_call0/work_3
2026-08-01 15:03:44,731 - pyiron_log - INFO - run_shell: workdir=/tmp/pytest-of-hmai/pytest-151/test_run_shell_concurrent_call0/work_0
2026-08-01 15:03:44,738 - pyiron_log - INFO - run_shell: workdir=/tmp/pytest-of-hmai/pytest-151/test_run_shell_concurrent_call0/work_1
2026-08-01 15:03:44,742 - pyiron_log - INFO - run_shell: workdir=/tmp/pytest-of-hmai/pytest-151/test_run_shell_concurrent_call0/work_2
2026-08-01 15:03:44,747 - pyiron_log - INFO - run_shell: workdir=/tmp/pytest-of-hmai/pytest-151/test_run_shell_concurrent_call0/work_3
2026-08-01 15:03:44,755 - pyiron_log - INFO - run_shell: workdir=/tmp/pytest-of-hmai/pytest-151/test_run_shell_concurrent_call0/work_0
2026-08-01 15:03:44,763 - pyiron_log - INFO - run_shell: workdir=/tmp/pytest-of-hmai/pytest-151/test_run_shell_concurrent_call0/work_1
2026-08-01 15:03:44,768 - pyiron_log - INFO - run_shell: workdir=/tmp/pytest-of-hmai/pytest-151/test_run_shell_concurrent_call0/work_2
2026-08-01 15:03:44,775 - pyiron_log - INFO - run_shell: workdir=/tmp/pytest-of-hmai/pytest-151/test_run_shell_concurrent_call0/work_3
2026-08-01 15:03:44,782 - pyiron_log - INFO - run_shell: workdir=/tmp/pytest-of-hmai/pytest-151/test_run_shell_concurrent_call0/work_0
2026-08-01 15:03:44,788 - pyiron_log - INFO - run_shell: workdir=/tmp/pytest-of-hmai/pytest-151/test_run_shell_concurrent_call0/work_1
2026-08-01 15:03:44,793 - pyiron_log - INFO - run_shell: workdir=/tmp/pytest-of-hmai/pytest-151/test_run_shell_concurrent_call0/work_2
2026-08-01 15:03:44,803 - pyiron_log - INFO - run_shell: workdir=/tmp/pytest-of-hmai/pytest-151/test_run_shell_concurrent_call0/work_3
2026-08-01 15:03:45,011 - pyiron_log - INFO - File '/tmp/pytest-of-hmai/pytest-151/test_is_line_in_file_missing_f0/no_such_file' not found.
2026-08-01 15:03:45,013 - pyiron_log - INFO - run_shell: workdir=/tmp/pytest-of-hmai/pytest-151/test_run_shell_propagates_subp0
2026-08-01 15:03:45,023 - pyiron_log - INFO - made directory '/tmp/pytest-of-hmai/pytest-151/test_vasp_job_runs_end_to_end0/calc'
2026-08-01 15:03:45,041 - pyiron_log - INFO - run_shell: workdir=/tmp/pytest-of-hmai/pytest-151/test_vasp_job_runs_end_to_end0/calc
2026-08-01 15:03:45,051 - pyiron_log - INFO - Deleted: /tmp/pytest-of-hmai/pytest-151/test_vasp_job_runs_end_to_end0/calc/CHGCAR
2026-08-01 15:03:45,066 - pyiron_log - INFO - made directory '/tmp/pytest-of-hmai/pytest-151/test_vasp_job_removes_calc_dir0/calc2'
2026-08-01 15:03:45,072 - pyiron_log - INFO - run_shell: workdir=/tmp/pytest-of-hmai/pytest-151/test_vasp_job_removes_calc_dir0/calc2
2026-08-01 15:03:45,118 - pyiron_log - INFO - made directory '/tmp/pytest-of-hmai/pytest-151/test_vasp_job_runs_without_fil0/calc3'
2026-08-01 15:03:45,124 - pyiron_log - INFO - run_shell: workdir=/tmp/pytest-of-hmai/pytest-151/test_vasp_job_runs_without_fil0/calc3
2026-08-01 15:03:45,144 - pyiron_log - INFO - made directory '/tmp/pytest-of-hmai/pytest-151/test_create_working_directory_0/fresh'
2026-08-01 15:07:23,034 - pyiron_log - INFO - made directory '/tmp/pytest-of-hmai/pytest-152/test_vasp_job_runs_end_to_end0/calc'
2026-08-01 15:07:23,046 - pyiron_log - INFO - run_shell: workdir=/tmp/pytest-of-hmai/pytest-152/test_vasp_job_runs_end_to_end0/calc
2026-08-01 15:07:23,055 - pyiron_log - INFO - Deleted: /tmp/pytest-of-hmai/pytest-152/test_vasp_job_runs_end_to_end0/calc/CHGCAR
2026-08-01 15:07:23,073 - pyiron_log - INFO - made directory '/tmp/pytest-of-hmai/pytest-152/test_vasp_job_removes_calc_dir0/calc2'
2026-08-01 15:07:23,076 - pyiron_log - INFO - run_shell: workdir=/tmp/pytest-of-hmai/pytest-152/test_vasp_job_removes_calc_dir0/calc2
2026-08-01 15:07:23,107 - pyiron_log - INFO - made directory '/tmp/pytest-of-hmai/pytest-152/test_vasp_job_runs_without_fil0/calc3'
2026-08-01 15:07:23,111 - pyiron_log - INFO - run_shell: workdir=/tmp/pytest-of-hmai/pytest-152/test_vasp_job_runs_without_fil0/calc3
2026-08-01 15:09:07,380 - pyiron_log - INFO - run_shell: workdir=/tmp/pytest-of-hmai/pytest-159/test_run_shell_preserves_argum0/calc
2026-08-01 15:09:21,360 - pyiron_log - INFO - run_shell: workdir=/tmp/pytest-of-hmai/pytest-160/test_run_shell_preserves_argum0/calc
2026-08-01 15:09:45,947 - pyiron_log - INFO - made directory '/tmp/pytest-of-hmai/pytest-163/test_vasp_job_runs_without_fil0/calc3'
2026-08-01 15:09:45,960 - pyiron_log - INFO - run_shell: workdir=/tmp/pytest-of-hmai/pytest-163/test_vasp_job_runs_without_fil0/calc3
2026-08-01 15:10:02,341 - pyiron_log - INFO - compress_directory: compressed directory at /tmp/pytest-of-hmai/pytest-164/test_compress_directory_member0/vaspcalc
2026-08-01 15:10:15,241 - pyiron_log - INFO - compress_directory: compressed directory at /tmp/pytest-of-hmai/pytest-165/test_compress_directory_member0/vaspcalc
2026-08-01 15:10:20,324 - pyiron_log - INFO - compress_directory: compressed directory at /tmp/pytest-of-hmai/pytest-166/test_compress_directory_exclud0/vaspcalc
2026-08-01 15:10:33,524 - pyiron_log - INFO - compress_directory: compressed directory at /tmp/pytest-of-hmai/pytest-167/test_compress_directory_exclud0/vaspcalc
2026-08-01 15:11:46,613 - pyiron_log - INFO - Deleted: /tmp/pytest-of-hmai/pytest-171/test_delete_files_recursively_0/vaspcalc/CHGCAR
2026-08-01 15:11:46,613 - pyiron_log - INFO - Deleted: /tmp/pytest-of-hmai/pytest-171/test_delete_files_recursively_0/vaspcalc/WAVECAR
2026-08-01 15:11:46,616 - pyiron_log - INFO - Error: /tmp/pytest-of-hmai/pytest-171/test_delete_files_recursively_1/nope is not a valid directory.
2026-08-01 15:11:46,624 - pyiron_log - INFO - compress_directory: compressed directory at /tmp/pytest-of-hmai/pytest-171/test_compress_directory_create0/vaspcalc
2026-08-01 15:11:46,630 - pyiron_log - INFO - compress_directory: compressed directory at /tmp/pytest-of-hmai/pytest-171/test_compress_directory_member0/vaspcalc
2026-08-01 15:11:46,635 - pyiron_log - INFO - compress_directory: compressed directory at /tmp/pytest-of-hmai/pytest-171/test_compress_directory_exclud0/vaspcalc
2026-08-01 15:11:46,649 - pyiron_log - INFO - run_shell: workdir=/tmp/pytest-of-hmai/pytest-171/test_run_shell_executes_in_wor0/calc
2026-08-01 15:11:46,657 - pyiron_log - INFO - run_shell: workdir=/tmp/pytest-of-hmai/pytest-171/test_run_shell_does_not_mutate0/calc
2026-08-01 15:11:46,666 - pyiron_log - INFO - run_shell: workdir=/tmp/pytest-of-hmai/pytest-171/test_run_shell_captures_failur0/calc
2026-08-01 15:11:46,674 - pyiron_log - INFO - run_shell: workdir=/tmp/pytest-of-hmai/pytest-171/test_run_shell_preserves_argum0/calc
2026-08-01 15:11:46,686 - pyiron_log - INFO - run_shell: workdir=/tmp/pytest-of-hmai/pytest-171/test_run_shell_concurrent_call0/work_0
2026-08-01 15:11:46,691 - pyiron_log - INFO - run_shell: workdir=/tmp/pytest-of-hmai/pytest-171/test_run_shell_concurrent_call0/work_1
2026-08-01 15:11:46,696 - pyiron_log - INFO - run_shell: workdir=/tmp/pytest-of-hmai/pytest-171/test_run_shell_concurrent_call0/work_2
2026-08-01 15:11:46,703 - pyiron_log - INFO - run_shell: workdir=/tmp/pytest-of-hmai/pytest-171/test_run_shell_concurrent_call0/work_3
2026-08-01 15:11:46,711 - pyiron_log - INFO - run_shell: workdir=/tmp/pytest-of-hmai/pytest-171/test_run_shell_concurrent_call0/work_0
2026-08-01 15:11:46,719 - pyiron_log - INFO - run_shell: workdir=/tmp/pytest-of-hmai/pytest-171/test_run_shell_concurrent_call0/work_1
2026-08-01 15:11:46,723 - pyiron_log - INFO - run_shell: workdir=/tmp/pytest-of-hmai/pytest-171/test_run_shell_concurrent_call0/work_2
2026-08-01 15:11:46,730 - pyiron_log - INFO - run_shell: workdir=/tmp/pytest-of-hmai/pytest-171/test_run_shell_concurrent_call0/work_3
2026-08-01 15:11:46,735 - pyiron_log - INFO - run_shell: workdir=/tmp/pytest-of-hmai/pytest-171/test_run_shell_concurrent_call0/work_0
2026-08-01 15:11:46,739 - pyiron_log - INFO - run_shell: workdir=/tmp/pytest-of-hmai/pytest-171/test_run_shell_concurrent_call0/work_1
2026-08-01 15:11:46,745 - pyiron_log - INFO - run_shell: workdir=/tmp/pytest-of-hmai/pytest-171/test_run_shell_concurrent_call0/work_2
2026-08-01 15:11:46,756 - pyiron_log - INFO - run_shell: workdir=/tmp/pytest-of-hmai/pytest-171/test_run_shell_concurrent_call0/work_3
2026-08-01 15:11:46,763 - pyiron_log - INFO - run_shell: workdir=/tmp/pytest-of-hmai/pytest-171/test_run_shell_concurrent_call0/work_0
2026-08-01 15:11:46,767 - pyiron_log - INFO - run_shell: workdir=/tmp/pytest-of-hmai/pytest-171/test_run_shell_concurrent_call0/work_1
2026-08-01 15:11:46,772 - pyiron_log - INFO - run_shell: workdir=/tmp/pytest-of-hmai/pytest-171/test_run_shell_concurrent_call0/work_2
2026-08-01 15:11:46,781 - pyiron_log - INFO - run_shell: workdir=/tmp/pytest-of-hmai/pytest-171/test_run_shell_concurrent_call0/work_3
2026-08-01 15:11:46,786 - pyiron_log - INFO - run_shell: workdir=/tmp/pytest-of-hmai/pytest-171/test_run_shell_concurrent_call0/work_0
2026-08-01 15:11:46,791 - pyiron_log - INFO - run_shell: workdir=/tmp/pytest-of-hmai/pytest-171/test_run_shell_concurrent_call0/work_1
2026-08-01 15:11:46,800 - pyiron_log - INFO - run_shell: workdir=/tmp/pytest-of-hmai/pytest-171/test_run_shell_concurrent_call0/work_2
2026-08-01 15:11:46,807 - pyiron_log - INFO - run_shell: workdir=/tmp/pytest-of-hmai/pytest-171/test_run_shell_concurrent_call0/work_3
2026-08-01 15:11:46,811 - pyiron_log - INFO - run_shell: workdir=/tmp/pytest-of-hmai/pytest-171/test_run_shell_concurrent_call0/work_0
2026-08-01 15:11:46,815 - pyiron_log - INFO - run_shell: workdir=/tmp/pytest-of-hmai/pytest-171/test_run_shell_concurrent_call0/work_1
2026-08-01 15:11:46,823 - pyiron_log - INFO - run_shell: workdir=/tmp/pytest-of-hmai/pytest-171/test_run_shell_concurrent_call0/work_2
2026-08-01 15:11:46,832 - pyiron_log - INFO - run_shell: workdir=/tmp/pytest-of-hmai/pytest-171/test_run_shell_concurrent_call0/work_3
2026-08-01 15:11:46,843 - pyiron_log - INFO - run_shell: workdir=/tmp/pytest-of-hmai/pytest-171/test_run_shell_concurrent_call0/work_0
2026-08-01 15:11:46,848 - pyiron_log - INFO - run_shell: workdir=/tmp/pytest-of-hmai/pytest-171/test_run_shell_concurrent_call0/work_1
2026-08-01 15:11:46,855 - pyiron_log - INFO - run_shell: workdir=/tmp/pytest-of-hmai/pytest-171/test_run_shell_concurrent_call0/work_2
2026-08-01 15:11:46,863 - pyiron_log - INFO - run_shell: workdir=/tmp/pytest-of-hmai/pytest-171/test_run_shell_concurrent_call0/work_3
2026-08-01 15:11:46,872 - pyiron_log - INFO - run_shell: workdir=/tmp/pytest-of-hmai/pytest-171/test_run_shell_concurrent_call0/work_0
2026-08-01 15:11:46,878 - pyiron_log - INFO - run_shell: workdir=/tmp/pytest-of-hmai/pytest-171/test_run_shell_concurrent_call0/work_1
2026-08-01 15:11:46,883 - pyiron_log - INFO - run_shell: workdir=/tmp/pytest-of-hmai/pytest-171/test_run_shell_concurrent_call0/work_2
2026-08-01 15:11:46,887 - pyiron_log - INFO - run_shell: workdir=/tmp/pytest-of-hmai/pytest-171/test_run_shell_concurrent_call0/work_3
2026-08-01 15:11:46,897 - pyiron_log - INFO - run_shell: workdir=/tmp/pytest-of-hmai/pytest-171/test_run_shell_concurrent_call0/work_0
2026-08-01 15:11:46,901 - pyiron_log - INFO - run_shell: workdir=/tmp/pytest-of-hmai/pytest-171/test_run_shell_concurrent_call0/work_1
2026-08-01 15:11:46,906 - pyiron_log - INFO - run_shell: workdir=/tmp/pytest-of-hmai/pytest-171/test_run_shell_concurrent_call0/work_2
2026-08-01 15:11:46,911 - pyiron_log - INFO - run_shell: workdir=/tmp/pytest-of-hmai/pytest-171/test_run_shell_concurrent_call0/work_3
2026-08-01 15:11:46,919 - pyiron_log - INFO - run_shell: workdir=/tmp/pytest-of-hmai/pytest-171/test_run_shell_concurrent_call0/work_0
2026-08-01 15:11:46,924 - pyiron_log - INFO - run_shell: workdir=/tmp/pytest-of-hmai/pytest-171/test_run_shell_concurrent_call0/work_1
2026-08-01 15:11:46,932 - pyiron_log - INFO - run_shell: workdir=/tmp/pytest-of-hmai/pytest-171/test_run_shell_concurrent_call0/work_2
2026-08-01 15:11:46,939 - pyiron_log - INFO - run_shell: workdir=/tmp/pytest-of-hmai/pytest-171/test_run_shell_concurrent_call0/work_3
2026-08-01 15:11:46,943 - pyiron_log - INFO - run_shell: workdir=/tmp/pytest-of-hmai/pytest-171/test_run_shell_concurrent_call0/work_0
2026-08-01 15:11:46,949 - pyiron_log - INFO - run_shell: workdir=/tmp/pytest-of-hmai/pytest-171/test_run_shell_concurrent_call0/work_1
2026-08-01 15:11:46,956 - pyiron_log - INFO - run_shell: workdir=/tmp/pytest-of-hmai/pytest-171/test_run_shell_concurrent_call0/work_2
2026-08-01 15:11:46,961 - pyiron_log - INFO - run_shell: workdir=/tmp/pytest-of-hmai/pytest-171/test_run_shell_concurrent_call0/work_3
2026-08-01 15:11:46,968 - pyiron_log - INFO - run_shell: workdir=/tmp/pytest-of-hmai/pytest-171/test_run_shell_concurrent_call0/work_0
2026-08-01 15:11:46,973 - pyiron_log - INFO - run_shell: workdir=/tmp/pytest-of-hmai/pytest-171/test_run_shell_concurrent_call0/work_1
2026-08-01 15:11:46,978 - pyiron_log - INFO - run_shell: workdir=/tmp/pytest-of-hmai/pytest-171/test_run_shell_concurrent_call0/work_2
2026-08-01 15:11:46,982 - pyiron_log - INFO - run_shell: workdir=/tmp/pytest-of-hmai/pytest-171/test_run_shell_concurrent_call0/work_3
2026-08-01 15:11:46,997 - pyiron_log - INFO - run_shell: workdir=/tmp/pytest-of-hmai/pytest-171/test_run_shell_concurrent_call0/work_0
2026-08-01 15:11:47,002 - pyiron_log - INFO - run_shell: workdir=/tmp/pytest-of-hmai/pytest-171/test_run_shell_concurrent_call0/work_1
2026-08-01 15:11:47,006 - pyiron_log - INFO - run_shell: workdir=/tmp/pytest-of-hmai/pytest-171/test_run_shell_concurrent_call0/work_2
2026-08-01 15:11:47,012 - pyiron_log - INFO - run_shell: workdir=/tmp/pytest-of-hmai/pytest-171/test_run_shell_concurrent_call0/work_3
2026-08-01 15:11:47,023 - pyiron_log - INFO - run_shell: workdir=/tmp/pytest-of-hmai/pytest-171/test_run_shell_concurrent_call0/work_0
2026-08-01 15:11:47,028 - pyiron_log - INFO - run_shell: workdir=/tmp/pytest-of-hmai/pytest-171/test_run_shell_concurrent_call0/work_1
2026-08-01 15:11:47,036 - pyiron_log - INFO - run_shell: workdir=/tmp/pytest-of-hmai/pytest-171/test_run_shell_concurrent_call0/work_2
2026-08-01 15:11:47,040 - pyiron_log - INFO - run_shell: workdir=/tmp/pytest-of-hmai/pytest-171/test_run_shell_concurrent_call0/work_3
2026-08-01 15:11:47,046 - pyiron_log - INFO - run_shell: workdir=/tmp/pytest-of-hmai/pytest-171/test_run_shell_concurrent_call0/work_0
2026-08-01 15:11:47,051 - pyiron_log - INFO - run_shell: workdir=/tmp/pytest-of-hmai/pytest-171/test_run_shell_concurrent_call0/work_1
2026-08-01 15:11:47,058 - pyiron_log - INFO - run_shell: workdir=/tmp/pytest-of-hmai/pytest-171/test_run_shell_concurrent_call0/work_2
2026-08-01 15:11:47,065 - pyiron_log - INFO - run_shell: workdir=/tmp/pytest-of-hmai/pytest-171/test_run_shell_concurrent_call0/work_3
2026-08-01 15:11:47,073 - pyiron_log - INFO - run_shell: workdir=/tmp/pytest-of-hmai/pytest-171/test_run_shell_concurrent_call0/work_0
2026-08-01 15:11:47,077 - pyiron_log - INFO - run_shell: workdir=/tmp/pytest-of-hmai/pytest-171/test_run_shell_concurrent_call0/work_1
2026-08-01 15:11:47,082 - pyiron_log - INFO - run_shell: workdir=/tmp/pytest-of-hmai/pytest-171/test_run_shell_concurrent_call0/work_2
2026-08-01 15:11:47,087 - pyiron_log - INFO - run_shell: workdir=/tmp/pytest-of-hmai/pytest-171/test_run_shell_concurrent_call0/work_3
2026-08-01 15:11:47,098 - pyiron_log - INFO - run_shell: workdir=/tmp/pytest-of-hmai/pytest-171/test_run_shell_concurrent_call0/work_0
2026-08-01 15:11:47,103 - pyiron_log - INFO - run_shell: workdir=/tmp/pytest-of-hmai/pytest-171/test_run_shell_concurrent_call0/work_1
2026-08-01 15:11:47,109 - pyiron_log - INFO - run_shell: workdir=/tmp/pytest-of-hmai/pytest-171/test_run_shell_concurrent_call0/work_2
2026-08-01 15:11:47,116 - pyiron_log - INFO - run_shell: workdir=/tmp/pytest-of-hmai/pytest-171/test_run_shell_concurrent_call0/work_3
2026-08-01 15:11:47,122 - pyiron_log - INFO - run_shell: workdir=/tmp/pytest-of-hmai/pytest-171/test_run_shell_concurrent_call0/work_0
2026-08-01 15:11:47,128 - pyiron_log - INFO - run_shell: workdir=/tmp/pytest-of-hmai/pytest-171/test_run_shell_concurrent_call0/work_1
2026-08-01 15:11:47,133 - pyiron_log - INFO - run_shell: workdir=/tmp/pytest-of-hmai/pytest-171/test_run_shell_concurrent_call0/work_2
2026-08-01 15:11:47,139 - pyiron_log - INFO - run_shell: workdir=/tmp/pytest-of-hmai/pytest-171/test_run_shell_concurrent_call0/work_3
2026-08-01 15:11:47,154 - pyiron_log - INFO - run_shell: workdir=/tmp/pytest-of-hmai/pytest-171/test_run_shell_concurrent_call0/work_0
2026-08-01 15:11:47,159 - pyiron_log - INFO - run_shell: workdir=/tmp/pytest-of-hmai/pytest-171/test_run_shell_concurrent_call0/work_1
2026-08-01 15:11:47,164 - pyiron_log - INFO - run_shell: workdir=/tmp/pytest-of-hmai/pytest-171/test_run_shell_concurrent_call0/work_2
2026-08-01 15:11:47,170 - pyiron_log - INFO - run_shell: workdir=/tmp/pytest-of-hmai/pytest-171/test_run_shell_concurrent_call0/work_3
2026-08-01 15:11:47,181 - pyiron_log - INFO - run_shell: workdir=/tmp/pytest-of-hmai/pytest-171/test_run_shell_concurrent_call0/work_0
2026-08-01 15:11:47,187 - pyiron_log - INFO - run_shell: workdir=/tmp/pytest-of-hmai/pytest-171/test_run_shell_concurrent_call0/work_1
2026-08-01 15:11:47,192 - pyiron_log - INFO - run_shell: workdir=/tmp/pytest-of-hmai/pytest-171/test_run_shell_concurrent_call0/work_2
2026-08-01 15:11:47,197 - pyiron_log - INFO - run_shell: workdir=/tmp/pytest-of-hmai/pytest-171/test_run_shell_concurrent_call0/work_3
2026-08-01 15:11:47,203 - pyiron_log - INFO - run_shell: workdir=/tmp/pytest-of-hmai/pytest-171/test_run_shell_concurrent_call0/work_0
2026-08-01 15:11:47,211 - pyiron_log - INFO - run_shell: workdir=/tmp/pytest-of-hmai/pytest-171/test_run_shell_concurrent_call0/work_1
2026-08-01 15:11:47,217 - pyiron_log - INFO - run_shell: workdir=/tmp/pytest-of-hmai/pytest-171/test_run_shell_concurrent_call0/work_2
2026-08-01 15:11:47,222 - pyiron_log - INFO - run_shell: workdir=/tmp/pytest-of-hmai/pytest-171/test_run_shell_concurrent_call0/work_3
2026-08-01 15:11:47,229 - pyiron_log - INFO - run_shell: workdir=/tmp/pytest-of-hmai/pytest-171/test_run_shell_concurrent_call0/work_0
2026-08-01 15:11:47,236 - pyiron_log - INFO - run_shell: workdir=/tmp/pytest-of-hmai/pytest-171/test_run_shell_concurrent_call0/work_1
2026-08-01 15:11:47,242 - pyiron_log - INFO - run_shell: workdir=/tmp/pytest-of-hmai/pytest-171/test_run_shell_concurrent_call0/work_2
2026-08-01 15:11:47,247 - pyiron_log - INFO - run_shell: workdir=/tmp/pytest-of-hmai/pytest-171/test_run_shell_concurrent_call0/work_3
2026-08-01 15:11:47,254 - pyiron_log - INFO - run_shell: workdir=/tmp/pytest-of-hmai/pytest-171/test_run_shell_concurrent_call0/work_0
2026-08-01 15:11:47,260 - pyiron_log - INFO - run_shell: workdir=/tmp/pytest-of-hmai/pytest-171/test_run_shell_concurrent_call0/work_1
2026-08-01 15:11:47,268 - pyiron_log - INFO - run_shell: workdir=/tmp/pytest-of-hmai/pytest-171/test_run_shell_concurrent_call0/work_2
2026-08-01 15:11:47,272 - pyiron_log - INFO - run_shell: workdir=/tmp/pytest-of-hmai/pytest-171/test_run_shell_concurrent_call0/work_3
2026-08-01 15:11:47,281 - pyiron_log - INFO - run_shell: workdir=/tmp/pytest-of-hmai/pytest-171/test_run_shell_concurrent_call0/work_0
2026-08-01 15:11:47,286 - pyiron_log - INFO - run_shell: workdir=/tmp/pytest-of-hmai/pytest-171/test_run_shell_concurrent_call0/work_1
2026-08-01 15:11:47,291 - pyiron_log - INFO - run_shell: workdir=/tmp/pytest-of-hmai/pytest-171/test_run_shell_concurrent_call0/work_2
2026-08-01 15:11:47,295 - pyiron_log - INFO - run_shell: workdir=/tmp/pytest-of-hmai/pytest-171/test_run_shell_concurrent_call0/work_3
2026-08-01 15:11:47,311 - pyiron_log - INFO - run_shell: workdir=/tmp/pytest-of-hmai/pytest-171/test_run_shell_concurrent_call0/work_0
2026-08-01 15:11:47,316 - pyiron_log - INFO - run_shell: workdir=/tmp/pytest-of-hmai/pytest-171/test_run_shell_concurrent_call0/work_1
2026-08-01 15:11:47,322 - pyiron_log - INFO - run_shell: workdir=/tmp/pytest-of-hmai/pytest-171/test_run_shell_concurrent_call0/work_2
2026-08-01 15:11:47,326 - pyiron_log - INFO - run_shell: workdir=/tmp/pytest-of-hmai/pytest-171/test_run_shell_concurrent_call0/work_3
2026-08-01 15:11:47,337 - pyiron_log - INFO - run_shell: workdir=/tmp/pytest-of-hmai/pytest-171/test_run_shell_concurrent_call0/work_0
2026-08-01 15:11:47,344 - pyiron_log - INFO - run_shell: workdir=/tmp/pytest-of-hmai/pytest-171/test_run_shell_concurrent_call0/work_1
2026-08-01 15:11:47,349 - pyiron_log - INFO - run_shell: workdir=/tmp/pytest-of-hmai/pytest-171/test_run_shell_concurrent_call0/work_2
2026-08-01 15:11:47,355 - pyiron_log - INFO - run_shell: workdir=/tmp/pytest-of-hmai/pytest-171/test_run_shell_concurrent_call0/work_3
2026-08-01 15:11:47,361 - pyiron_log - INFO - run_shell: workdir=/tmp/pytest-of-hmai/pytest-171/test_run_shell_concurrent_call0/work_0
2026-08-01 15:11:47,368 - pyiron_log - INFO - run_shell: workdir=/tmp/pytest-of-hmai/pytest-171/test_run_shell_concurrent_call0/work_1
2026-08-01 15:11:47,375 - pyiron_log - INFO - run_shell: workdir=/tmp/pytest-of-hmai/pytest-171/test_run_shell_concurrent_call0/work_2
2026-08-01 15:11:47,381 - pyiron_log - INFO - run_shell: workdir=/tmp/pytest-of-hmai/pytest-171/test_run_shell_concurrent_call0/work_3
2026-08-01 15:11:47,388 - pyiron_log - INFO - run_shell: workdir=/tmp/pytest-of-hmai/pytest-171/test_run_shell_concurrent_call0/work_0
2026-08-01 15:11:47,393 - pyiron_log - INFO - run_shell: workdir=/tmp/pytest-of-hmai/pytest-171/test_run_shell_concurrent_call0/work_1
2026-08-01 15:11:47,400 - pyiron_log - INFO - run_shell: workdir=/tmp/pytest-of-hmai/pytest-171/test_run_shell_concurrent_call0/work_2
2026-08-01 15:11:47,405 - pyiron_log - INFO - run_shell: workdir=/tmp/pytest-of-hmai/pytest-171/test_run_shell_concurrent_call0/work_3
2026-08-01 15:11:47,412 - pyiron_log - INFO - run_shell: workdir=/tmp/pytest-of-hmai/pytest-171/test_run_shell_concurrent_call0/work_0
2026-08-01 15:11:47,418 - pyiron_log - INFO - run_shell: workdir=/tmp/pytest-of-hmai/pytest-171/test_run_shell_concurrent_call0/work_1
2026-08-01 15:11:47,423 - pyiron_log - INFO - run_shell: workdir=/tmp/pytest-of-hmai/pytest-171/test_run_shell_concurrent_call0/work_2
2026-08-01 15:11:47,428 - pyiron_log - INFO - run_shell: workdir=/tmp/pytest-of-hmai/pytest-171/test_run_shell_concurrent_call0/work_3
2026-08-01 15:11:47,436 - pyiron_log - INFO - run_shell: workdir=/tmp/pytest-of-hmai/pytest-171/test_run_shell_concurrent_call0/work_0
2026-08-01 15:11:47,443 - pyiron_log - INFO - run_shell: workdir=/tmp/pytest-of-hmai/pytest-171/test_run_shell_concurrent_call0/work_1
2026-08-01 15:11:47,447 - pyiron_log - INFO - run_shell: workdir=/tmp/pytest-of-hmai/pytest-171/test_run_shell_concurrent_call0/work_2
2026-08-01 15:11:47,452 - pyiron_log - INFO - run_shell: workdir=/tmp/pytest-of-hmai/pytest-171/test_run_shell_concurrent_call0/work_3
2026-08-01 15:11:47,653 - pyiron_log - INFO - File '/tmp/pytest-of-hmai/pytest-171/test_is_line_in_file_missing_f0/no_such_file' not found.
2026-08-01 15:11:47,655 - pyiron_log - INFO - run_shell: workdir=/tmp/pytest-of-hmai/pytest-171/test_run_shell_propagates_subp0
2026-08-01 15:11:47,664 - pyiron_log - INFO - made directory '/tmp/pytest-of-hmai/pytest-171/test_vasp_job_runs_end_to_end0/calc'
2026-08-01 15:11:47,681 - pyiron_log - INFO - run_shell: workdir=/tmp/pytest-of-hmai/pytest-171/test_vasp_job_runs_end_to_end0/calc
2026-08-01 15:11:47,692 - pyiron_log - INFO - Deleted: /tmp/pytest-of-hmai/pytest-171/test_vasp_job_runs_end_to_end0/calc/CHGCAR
2026-08-01 15:11:47,709 - pyiron_log - INFO - made directory '/tmp/pytest-of-hmai/pytest-171/test_vasp_job_removes_calc_dir0/calc2'
2026-08-01 15:11:47,714 - pyiron_log - INFO - run_shell: workdir=/tmp/pytest-of-hmai/pytest-171/test_vasp_job_removes_calc_dir0/calc2
2026-08-01 15:11:47,766 - pyiron_log - INFO - made directory '/tmp/pytest-of-hmai/pytest-171/test_vasp_job_runs_without_fil0/calc3'
2026-08-01 15:11:47,771 - pyiron_log - INFO - run_shell: workdir=/tmp/pytest-of-hmai/pytest-171/test_vasp_job_runs_without_fil0/calc3
2026-08-01 15:11:47,790 - pyiron_log - INFO - made directory '/tmp/pytest-of-hmai/pytest-171/test_create_working_directory_0/fresh'
2026-08-01 15:13:34,222 - pyiron_log - INFO - Deleted: /tmp/pytest-of-hmai/pytest-172/test_delete_files_recursively_0/vaspcalc/CHGCAR
2026-08-01 15:13:34,222 - pyiron_log - INFO - Deleted: /tmp/pytest-of-hmai/pytest-172/test_delete_files_recursively_0/vaspcalc/WAVECAR
2026-08-01 15:13:34,225 - pyiron_log - INFO - Error: /tmp/pytest-of-hmai/pytest-172/test_delete_files_recursively_1/nope is not a valid directory.
2026-08-01 15:13:34,233 - pyiron_log - INFO - compress_directory: compressed directory at /tmp/pytest-of-hmai/pytest-172/test_compress_directory_create0/vaspcalc
2026-08-01 15:13:34,239 - pyiron_log - INFO - compress_directory: compressed directory at /tmp/pytest-of-hmai/pytest-172/test_compress_directory_member0/vaspcalc
2026-08-01 15:13:34,244 - pyiron_log - INFO - compress_directory: compressed directory at /tmp/pytest-of-hmai/pytest-172/test_compress_directory_exclud0/vaspcalc
2026-08-01 15:13:34,258 - pyiron_log - INFO - run_shell: workdir=/tmp/pytest-of-hmai/pytest-172/test_run_shell_executes_in_wor0/calc
2026-08-01 15:13:34,267 - pyiron_log - INFO - run_shell: workdir=/tmp/pytest-of-hmai/pytest-172/test_run_shell_does_not_mutate0/calc
2026-08-01 15:13:34,275 - pyiron_log - INFO - run_shell: workdir=/tmp/pytest-of-hmai/pytest-172/test_run_shell_captures_failur0/calc
2026-08-01 15:13:34,283 - pyiron_log - INFO - run_shell: workdir=/tmp/pytest-of-hmai/pytest-172/test_run_shell_preserves_argum0/calc
2026-08-01 15:13:34,296 - pyiron_log - INFO - run_shell: workdir=/tmp/pytest-of-hmai/pytest-172/test_run_shell_concurrent_call0/work_0
2026-08-01 15:13:34,300 - pyiron_log - INFO - run_shell: workdir=/tmp/pytest-of-hmai/pytest-172/test_run_shell_concurrent_call0/work_1
2026-08-01 15:13:34,305 - pyiron_log - INFO - run_shell: workdir=/tmp/pytest-of-hmai/pytest-172/test_run_shell_concurrent_call0/work_2
2026-08-01 15:13:34,312 - pyiron_log - INFO - run_shell: workdir=/tmp/pytest-of-hmai/pytest-172/test_run_shell_concurrent_call0/work_3
2026-08-01 15:13:34,320 - pyiron_log - INFO - run_shell: workdir=/tmp/pytest-of-hmai/pytest-172/test_run_shell_concurrent_call0/work_0
2026-08-01 15:13:34,324 - pyiron_log - INFO - run_shell: workdir=/tmp/pytest-of-hmai/pytest-172/test_run_shell_concurrent_call0/work_1
2026-08-01 15:13:34,330 - pyiron_log - INFO - run_shell: workdir=/tmp/pytest-of-hmai/pytest-172/test_run_shell_concurrent_call0/work_2
2026-08-01 15:13:34,335 - pyiron_log - INFO - run_shell: workdir=/tmp/pytest-of-hmai/pytest-172/test_run_shell_concurrent_call0/work_3
2026-08-01 15:13:34,341 - pyiron_log - INFO - run_shell: workdir=/tmp/pytest-of-hmai/pytest-172/test_run_shell_concurrent_call0/work_0
2026-08-01 15:13:34,346 - pyiron_log - INFO - run_shell: workdir=/tmp/pytest-of-hmai/pytest-172/test_run_shell_concurrent_call0/work_1
2026-08-01 15:13:34,353 - pyiron_log - INFO - run_shell: workdir=/tmp/pytest-of-hmai/pytest-172/test_run_shell_concurrent_call0/work_2
2026-08-01 15:13:34,361 - pyiron_log - INFO - run_shell: workdir=/tmp/pytest-of-hmai/pytest-172/test_run_shell_concurrent_call0/work_3
2026-08-01 15:13:34,366 - pyiron_log - INFO - run_shell: workdir=/tmp/pytest-of-hmai/pytest-172/test_run_shell_concurrent_call0/work_0
2026-08-01 15:13:34,374 - pyiron_log - INFO - run_shell: workdir=/tmp/pytest-of-hmai/pytest-172/test_run_shell_concurrent_call0/work_1
2026-08-01 15:13:34,378 - pyiron_log - INFO - run_shell: workdir=/tmp/pytest-of-hmai/pytest-172/test_run_shell_concurrent_call0/work_2
2026-08-01 15:13:34,385 - pyiron_log - INFO - run_shell: workdir=/tmp/pytest-of-hmai/pytest-172/test_run_shell_concurrent_call0/work_3
2026-08-01 15:13:34,390 - pyiron_log - INFO - run_shell: workdir=/tmp/pytest-of-hmai/pytest-172/test_run_shell_concurrent_call0/work_0
2026-08-01 15:13:34,398 - pyiron_log - INFO - run_shell: workdir=/tmp/pytest-of-hmai/pytest-172/test_run_shell_concurrent_call0/work_1
2026-08-01 15:13:34,403 - pyiron_log - INFO - run_shell: workdir=/tmp/pytest-of-hmai/pytest-172/test_run_shell_concurrent_call0/work_2
2026-08-01 15:13:34,411 - pyiron_log - INFO - run_shell: workdir=/tmp/pytest-of-hmai/pytest-172/test_run_shell_concurrent_call0/work_3
2026-08-01 15:13:34,415 - pyiron_log - INFO - run_shell: workdir=/tmp/pytest-of-hmai/pytest-172/test_run_shell_concurrent_call0/work_0
2026-08-01 15:13:34,424 - pyiron_log - INFO - run_shell: workdir=/tmp/pytest-of-hmai/pytest-172/test_run_shell_concurrent_call0/work_1
2026-08-01 15:13:34,429 - pyiron_log - INFO - run_shell: workdir=/tmp/pytest-of-hmai/pytest-172/test_run_shell_concurrent_call0/work_2
2026-08-01 15:13:34,434 - pyiron_log - INFO - run_shell: workdir=/tmp/pytest-of-hmai/pytest-172/test_run_shell_concurrent_call0/work_3
2026-08-01 15:13:34,448 - pyiron_log - INFO - run_shell: workdir=/tmp/pytest-of-hmai/pytest-172/test_run_shell_concurrent_call0/work_0
2026-08-01 15:13:34,454 - pyiron_log - INFO - run_shell: workdir=/tmp/pytest-of-hmai/pytest-172/test_run_shell_concurrent_call0/work_1
2026-08-01 15:13:34,459 - pyiron_log - INFO - run_shell: workdir=/tmp/pytest-of-hmai/pytest-172/test_run_shell_concurrent_call0/work_2
2026-08-01 15:13:34,464 - pyiron_log - INFO - run_shell: workdir=/tmp/pytest-of-hmai/pytest-172/test_run_shell_concurrent_call0/work_3
2026-08-01 15:13:34,472 - pyiron_log - INFO - run_shell: workdir=/tmp/pytest-of-hmai/pytest-172/test_run_shell_concurrent_call0/work_0
2026-08-01 15:13:34,481 - pyiron_log - INFO - run_shell: workdir=/tmp/pytest-of-hmai/pytest-172/test_run_shell_concurrent_call0/work_1
2026-08-01 15:13:34,487 - pyiron_log - INFO - run_shell: workdir=/tmp/pytest-of-hmai/pytest-172/test_run_shell_concurrent_call0/work_2
2026-08-01 15:13:34,491 - pyiron_log - INFO - run_shell: workdir=/tmp/pytest-of-hmai/pytest-172/test_run_shell_concurrent_call0/work_3
2026-08-01 15:13:34,496 - pyiron_log - INFO - run_shell: workdir=/tmp/pytest-of-hmai/pytest-172/test_run_shell_concurrent_call0/work_0
2026-08-01 15:13:34,507 - pyiron_log - INFO - run_shell: workdir=/tmp/pytest-of-hmai/pytest-172/test_run_shell_concurrent_call0/work_1
2026-08-01 15:13:34,513 - pyiron_log - INFO - run_shell: workdir=/tmp/pytest-of-hmai/pytest-172/test_run_shell_concurrent_call0/work_2
2026-08-01 15:13:34,518 - pyiron_log - INFO - run_shell: workdir=/tmp/pytest-of-hmai/pytest-172/test_run_shell_concurrent_call0/work_3
2026-08-01 15:13:34,522 - pyiron_log - INFO - run_shell: workdir=/tmp/pytest-of-hmai/pytest-172/test_run_shell_concurrent_call0/work_0
2026-08-01 15:13:34,527 - pyiron_log - INFO - run_shell: workdir=/tmp/pytest-of-hmai/pytest-172/test_run_shell_concurrent_call0/work_1
2026-08-01 15:13:34,539 - pyiron_log - INFO - run_shell: workdir=/tmp/pytest-of-hmai/pytest-172/test_run_shell_concurrent_call0/work_2
2026-08-01 15:13:34,544 - pyiron_log - INFO - run_shell: workdir=/tmp/pytest-of-hmai/pytest-172/test_run_shell_concurrent_call0/work_3
2026-08-01 15:13:34,549 - pyiron_log - INFO - run_shell: workdir=/tmp/pytest-of-hmai/pytest-172/test_run_shell_concurrent_call0/work_0
2026-08-01 15:13:34,554 - pyiron_log - INFO - run_shell: workdir=/tmp/pytest-of-hmai/pytest-172/test_run_shell_concurrent_call0/work_1
2026-08-01 15:13:34,563 - pyiron_log - INFO - run_shell: workdir=/tmp/pytest-of-hmai/pytest-172/test_run_shell_concurrent_call0/work_2
2026-08-01 15:13:34,572 - pyiron_log - INFO - run_shell: workdir=/tmp/pytest-of-hmai/pytest-172/test_run_shell_concurrent_call0/work_3
2026-08-01 15:13:34,577 - pyiron_log - INFO - run_shell: workdir=/tmp/pytest-of-hmai/pytest-172/test_run_shell_concurrent_call0/work_0
2026-08-01 15:13:34,584 - pyiron_log - INFO - run_shell: workdir=/tmp/pytest-of-hmai/pytest-172/test_run_shell_concurrent_call0/work_1
2026-08-01 15:13:34,589 - pyiron_log - INFO - run_shell: workdir=/tmp/pytest-of-hmai/pytest-172/test_run_shell_concurrent_call0/work_2
2026-08-01 15:13:34,597 - pyiron_log - INFO - run_shell: workdir=/tmp/pytest-of-hmai/pytest-172/test_run_shell_concurrent_call0/work_3
2026-08-01 15:13:34,610 - pyiron_log - INFO - run_shell: workdir=/tmp/pytest-of-hmai/pytest-172/test_run_shell_concurrent_call0/work_0
2026-08-01 15:13:34,614 - pyiron_log - INFO - run_shell: workdir=/tmp/pytest-of-hmai/pytest-172/test_run_shell_concurrent_call0/work_1
2026-08-01 15:13:34,619 - pyiron_log - INFO - run_shell: workdir=/tmp/pytest-of-hmai/pytest-172/test_run_shell_concurrent_call0/work_2
2026-08-01 15:13:34,628 - pyiron_log - INFO - run_shell: workdir=/tmp/pytest-of-hmai/pytest-172/test_run_shell_concurrent_call0/work_3
2026-08-01 15:13:34,635 - pyiron_log - INFO - run_shell: workdir=/tmp/pytest-of-hmai/pytest-172/test_run_shell_concurrent_call0/work_0
2026-08-01 15:13:34,641 - pyiron_log - INFO - run_shell: workdir=/tmp/pytest-of-hmai/pytest-172/test_run_shell_concurrent_call0/work_1
2026-08-01 15:13:34,645 - pyiron_log - INFO - run_shell: workdir=/tmp/pytest-of-hmai/pytest-172/test_run_shell_concurrent_call0/work_2
2026-08-01 15:13:34,652 - pyiron_log - INFO - run_shell: workdir=/tmp/pytest-of-hmai/pytest-172/test_run_shell_concurrent_call0/work_3
2026-08-01 15:13:34,662 - pyiron_log - INFO - run_shell: workdir=/tmp/pytest-of-hmai/pytest-172/test_run_shell_concurrent_call0/work_0
2026-08-01 15:13:34,667 - pyiron_log - INFO - run_shell: workdir=/tmp/pytest-of-hmai/pytest-172/test_run_shell_concurrent_call0/work_1
2026-08-01 15:13:34,671 - pyiron_log - INFO - run_shell: workdir=/tmp/pytest-of-hmai/pytest-172/test_run_shell_concurrent_call0/work_2
2026-08-01 15:13:34,678 - pyiron_log - INFO - run_shell: workdir=/tmp/pytest-of-hmai/pytest-172/test_run_shell_concurrent_call0/work_3
2026-08-01 15:13:34,685 - pyiron_log - INFO - run_shell: workdir=/tmp/pytest-of-hmai/pytest-172/test_run_shell_concurrent_call0/work_0
2026-08-01 15:13:34,690 - pyiron_log - INFO - run_shell: workdir=/tmp/pytest-of-hmai/pytest-172/test_run_shell_concurrent_call0/work_1
2026-08-01 15:13:34,698 - pyiron_log - INFO - run_shell: workdir=/tmp/pytest-of-hmai/pytest-172/test_run_shell_concurrent_call0/work_2
2026-08-01 15:13:34,703 - pyiron_log - INFO - run_shell: workdir=/tmp/pytest-of-hmai/pytest-172/test_run_shell_concurrent_call0/work_3
2026-08-01 15:13:34,711 - pyiron_log - INFO - run_shell: workdir=/tmp/pytest-of-hmai/pytest-172/test_run_shell_concurrent_call0/work_0
2026-08-01 15:13:34,715 - pyiron_log - INFO - run_shell: workdir=/tmp/pytest-of-hmai/pytest-172/test_run_shell_concurrent_call0/work_1
2026-08-01 15:13:34,719 - pyiron_log - INFO - run_shell: workdir=/tmp/pytest-of-hmai/pytest-172/test_run_shell_concurrent_call0/work_2
2026-08-01 15:13:34,728 - pyiron_log - INFO - run_shell: workdir=/tmp/pytest-of-hmai/pytest-172/test_run_shell_concurrent_call0/work_3
2026-08-01 15:13:34,734 - pyiron_log - INFO - run_shell: workdir=/tmp/pytest-of-hmai/pytest-172/test_run_shell_concurrent_call0/work_0
2026-08-01 15:13:34,739 - pyiron_log - INFO - run_shell: workdir=/tmp/pytest-of-hmai/pytest-172/test_run_shell_concurrent_call0/work_1
2026-08-01 15:13:34,743 - pyiron_log - INFO - run_shell: workdir=/tmp/pytest-of-hmai/pytest-172/test_run_shell_concurrent_call0/work_2
2026-08-01 15:13:34,749 - pyiron_log - INFO - run_shell: workdir=/tmp/pytest-of-hmai/pytest-172/test_run_shell_concurrent_call0/work_3
2026-08-01 15:13:34,764 - pyiron_log - INFO - run_shell: workdir=/tmp/pytest-of-hmai/pytest-172/test_run_shell_concurrent_call0/work_0
2026-08-01 15:13:34,769 - pyiron_log - INFO - run_shell: workdir=/tmp/pytest-of-hmai/pytest-172/test_run_shell_concurrent_call0/work_1
2026-08-01 15:13:34,775 - pyiron_log - INFO - run_shell: workdir=/tmp/pytest-of-hmai/pytest-172/test_run_shell_concurrent_call0/work_2
2026-08-01 15:13:34,780 - pyiron_log - INFO - run_shell: workdir=/tmp/pytest-of-hmai/pytest-172/test_run_shell_concurrent_call0/work_3
2026-08-01 15:13:34,791 - pyiron_log - INFO - run_shell: workdir=/tmp/pytest-of-hmai/pytest-172/test_run_shell_concurrent_call0/work_0
2026-08-01 15:13:34,797 - pyiron_log - INFO - run_shell: workdir=/tmp/pytest-of-hmai/pytest-172/test_run_shell_concurrent_call0/work_1
2026-08-01 15:13:34,803 - pyiron_log - INFO - run_shell: workdir=/tmp/pytest-of-hmai/pytest-172/test_run_shell_concurrent_call0/work_2
2026-08-01 15:13:34,807 - pyiron_log - INFO - run_shell: workdir=/tmp/pytest-of-hmai/pytest-172/test_run_shell_concurrent_call0/work_3
2026-08-01 15:13:34,816 - pyiron_log - INFO - run_shell: workdir=/tmp/pytest-of-hmai/pytest-172/test_run_shell_concurrent_call0/work_0
2026-08-01 15:13:34,823 - pyiron_log - INFO - run_shell: workdir=/tmp/pytest-of-hmai/pytest-172/test_run_shell_concurrent_call0/work_1
2026-08-01 15:13:34,827 - pyiron_log - INFO - run_shell: workdir=/tmp/pytest-of-hmai/pytest-172/test_run_shell_concurrent_call0/work_2
2026-08-01 15:13:34,832 - pyiron_log - INFO - run_shell: workdir=/tmp/pytest-of-hmai/pytest-172/test_run_shell_concurrent_call0/work_3
2026-08-01 15:13:34,842 - pyiron_log - INFO - run_shell: workdir=/tmp/pytest-of-hmai/pytest-172/test_run_shell_concurrent_call0/work_0
2026-08-01 15:13:34,848 - pyiron_log - INFO - run_shell: workdir=/tmp/pytest-of-hmai/pytest-172/test_run_shell_concurrent_call0/work_1
2026-08-01 15:13:34,853 - pyiron_log - INFO - run_shell: workdir=/tmp/pytest-of-hmai/pytest-172/test_run_shell_concurrent_call0/work_2
2026-08-01 15:13:34,857 - pyiron_log - INFO - run_shell: workdir=/tmp/pytest-of-hmai/pytest-172/test_run_shell_concurrent_call0/work_3
2026-08-01 15:13:34,867 - pyiron_log - INFO - run_shell: workdir=/tmp/pytest-of-hmai/pytest-172/test_run_shell_concurrent_call0/work_0
2026-08-01 15:13:34,873 - pyiron_log - INFO - run_shell: workdir=/tmp/pytest-of-hmai/pytest-172/test_run_shell_concurrent_call0/work_1
2026-08-01 15:13:34,877 - pyiron_log - INFO - run_shell: workdir=/tmp/pytest-of-hmai/pytest-172/test_run_shell_concurrent_call0/work_2
2026-08-01 15:13:34,881 - pyiron_log - INFO - run_shell: workdir=/tmp/pytest-of-hmai/pytest-172/test_run_shell_concurrent_call0/work_3
2026-08-01 15:13:34,892 - pyiron_log - INFO - run_shell: workdir=/tmp/pytest-of-hmai/pytest-172/test_run_shell_concurrent_call0/work_0
2026-08-01 15:13:34,899 - pyiron_log - INFO - run_shell: workdir=/tmp/pytest-of-hmai/pytest-172/test_run_shell_concurrent_call0/work_1
2026-08-01 15:13:34,903 - pyiron_log - INFO - run_shell: workdir=/tmp/pytest-of-hmai/pytest-172/test_run_shell_concurrent_call0/work_2
2026-08-01 15:13:34,908 - pyiron_log - INFO - run_shell: workdir=/tmp/pytest-of-hmai/pytest-172/test_run_shell_concurrent_call0/work_3
2026-08-01 15:13:34,923 - pyiron_log - INFO - run_shell: workdir=/tmp/pytest-of-hmai/pytest-172/test_run_shell_concurrent_call0/work_0
2026-08-01 15:13:34,928 - pyiron_log - INFO - run_shell: workdir=/tmp/pytest-of-hmai/pytest-172/test_run_shell_concurrent_call0/work_1
2026-08-01 15:13:34,934 - pyiron_log - INFO - run_shell: workdir=/tmp/pytest-of-hmai/pytest-172/test_run_shell_concurrent_call0/work_2
2026-08-01 15:13:34,940 - pyiron_log - INFO - run_shell: workdir=/tmp/pytest-of-hmai/pytest-172/test_run_shell_concurrent_call0/work_3
2026-08-01 15:13:34,948 - pyiron_log - INFO - run_shell: workdir=/tmp/pytest-of-hmai/pytest-172/test_run_shell_concurrent_call0/work_0
2026-08-01 15:13:34,953 - pyiron_log - INFO - run_shell: workdir=/tmp/pytest-of-hmai/pytest-172/test_run_shell_concurrent_call0/work_1
2026-08-01 15:13:34,961 - pyiron_log - INFO - run_shell: workdir=/tmp/pytest-of-hmai/pytest-172/test_run_shell_concurrent_call0/work_2
2026-08-01 15:13:34,967 - pyiron_log - INFO - run_shell: workdir=/tmp/pytest-of-hmai/pytest-172/test_run_shell_concurrent_call0/work_3
2026-08-01 15:13:34,971 - pyiron_log - INFO - run_shell: workdir=/tmp/pytest-of-hmai/pytest-172/test_run_shell_concurrent_call0/work_0
2026-08-01 15:13:34,976 - pyiron_log - INFO - run_shell: workdir=/tmp/pytest-of-hmai/pytest-172/test_run_shell_concurrent_call0/work_1
2026-08-01 15:13:34,987 - pyiron_log - INFO - run_shell: workdir=/tmp/pytest-of-hmai/pytest-172/test_run_shell_concurrent_call0/work_2
2026-08-01 15:13:34,994 - pyiron_log - INFO - run_shell: workdir=/tmp/pytest-of-hmai/pytest-172/test_run_shell_concurrent_call0/work_3
2026-08-01 15:13:34,998 - pyiron_log - INFO - run_shell: workdir=/tmp/pytest-of-hmai/pytest-172/test_run_shell_concurrent_call0/work_0
2026-08-01 15:13:35,002 - pyiron_log - INFO - run_shell: workdir=/tmp/pytest-of-hmai/pytest-172/test_run_shell_concurrent_call0/work_1
2026-08-01 15:13:35,009 - pyiron_log - INFO - run_shell: workdir=/tmp/pytest-of-hmai/pytest-172/test_run_shell_concurrent_call0/work_2
2026-08-01 15:13:35,019 - pyiron_log - INFO - run_shell: workdir=/tmp/pytest-of-hmai/pytest-172/test_run_shell_concurrent_call0/work_3
2026-08-01 15:13:35,024 - pyiron_log - INFO - run_shell: workdir=/tmp/pytest-of-hmai/pytest-172/test_run_shell_concurrent_call0/work_0
2026-08-01 15:13:35,029 - pyiron_log - INFO - run_shell: workdir=/tmp/pytest-of-hmai/pytest-172/test_run_shell_concurrent_call0/work_1
2026-08-01 15:13:35,035 - pyiron_log - INFO - run_shell: workdir=/tmp/pytest-of-hmai/pytest-172/test_run_shell_concurrent_call0/work_2
2026-08-01 15:13:35,041 - pyiron_log - INFO - run_shell: workdir=/tmp/pytest-of-hmai/pytest-172/test_run_shell_concurrent_call0/work_3
2026-08-01 15:13:35,050 - pyiron_log - INFO - run_shell: workdir=/tmp/pytest-of-hmai/pytest-172/test_run_shell_concurrent_call0/work_0
2026-08-01 15:13:35,055 - pyiron_log - INFO - run_shell: workdir=/tmp/pytest-of-hmai/pytest-172/test_run_shell_concurrent_call0/work_1
2026-08-01 15:13:35,061 - pyiron_log - INFO - run_shell: workdir=/tmp/pytest-of-hmai/pytest-172/test_run_shell_concurrent_call0/work_2
2026-08-01 15:13:35,066 - pyiron_log - INFO - run_shell: workdir=/tmp/pytest-of-hmai/pytest-172/test_run_shell_concurrent_call0/work_3
2026-08-01 15:13:35,266 - pyiron_log - INFO - File '/tmp/pytest-of-hmai/pytest-172/test_is_line_in_file_missing_f0/no_such_file' not found.
2026-08-01 15:13:35,268 - pyiron_log - INFO - run_shell: workdir=/tmp/pytest-of-hmai/pytest-172/test_run_shell_propagates_subp0
2026-08-01 15:13:35,278 - pyiron_log - INFO - made directory '/tmp/pytest-of-hmai/pytest-172/test_vasp_job_runs_end_to_end0/calc'
2026-08-01 15:13:35,294 - pyiron_log - INFO - run_shell: workdir=/tmp/pytest-of-hmai/pytest-172/test_vasp_job_runs_end_to_end0/calc
2026-08-01 15:13:35,305 - pyiron_log - INFO - Deleted: /tmp/pytest-of-hmai/pytest-172/test_vasp_job_runs_end_to_end0/calc/CHGCAR
2026-08-01 15:13:35,321 - pyiron_log - INFO - made directory '/tmp/pytest-of-hmai/pytest-172/test_vasp_job_removes_calc_dir0/calc2'
2026-08-01 15:13:35,327 - pyiron_log - INFO - run_shell: workdir=/tmp/pytest-of-hmai/pytest-172/test_vasp_job_removes_calc_dir0/calc2
2026-08-01 15:13:35,370 - pyiron_log - INFO - made directory '/tmp/pytest-of-hmai/pytest-172/test_vasp_job_runs_without_fil0/calc3'
2026-08-01 15:13:35,375 - pyiron_log - INFO - run_shell: workdir=/tmp/pytest-of-hmai/pytest-172/test_vasp_job_runs_without_fil0/calc3
2026-08-01 15:13:35,395 - pyiron_log - INFO - made directory '/tmp/pytest-of-hmai/pytest-172/test_create_working_directory_0/fresh'
2026-08-01 15:17:15,906 - pyiron_log - INFO - Deleted: /tmp/pytest-of-hmai/pytest-173/test_delete_files_recursively_0/vaspcalc/CHGCAR
2026-08-01 15:17:15,906 - pyiron_log - INFO - Deleted: /tmp/pytest-of-hmai/pytest-173/test_delete_files_recursively_0/vaspcalc/WAVECAR
2026-08-01 15:17:15,909 - pyiron_log - INFO - Error: /tmp/pytest-of-hmai/pytest-173/test_delete_files_recursively_1/nope is not a valid directory.
2026-08-01 15:17:15,916 - pyiron_log - INFO - compress_directory: compressed directory at /tmp/pytest-of-hmai/pytest-173/test_compress_directory_create0/vaspcalc
2026-08-01 15:17:15,922 - pyiron_log - INFO - compress_directory: compressed directory at /tmp/pytest-of-hmai/pytest-173/test_compress_directory_member0/vaspcalc
2026-08-01 15:17:15,927 - pyiron_log - INFO - compress_directory: compressed directory at /tmp/pytest-of-hmai/pytest-173/test_compress_directory_exclud0/vaspcalc
2026-08-01 15:17:15,941 - pyiron_log - INFO - run_shell: workdir=/tmp/pytest-of-hmai/pytest-173/test_run_shell_executes_in_wor0/calc
2026-08-01 15:17:15,949 - pyiron_log - INFO - run_shell: workdir=/tmp/pytest-of-hmai/pytest-173/test_run_shell_does_not_mutate0/calc
2026-08-01 15:17:15,957 - pyiron_log - INFO - run_shell: workdir=/tmp/pytest-of-hmai/pytest-173/test_run_shell_captures_failur0/calc
2026-08-01 15:17:15,965 - pyiron_log - INFO - run_shell: workdir=/tmp/pytest-of-hmai/pytest-173/test_run_shell_preserves_argum0/calc
2026-08-01 15:17:15,977 - pyiron_log - INFO - run_shell: workdir=/tmp/pytest-of-hmai/pytest-173/test_run_shell_concurrent_call0/work_0
2026-08-01 15:17:15,982 - pyiron_log - INFO - run_shell: workdir=/tmp/pytest-of-hmai/pytest-173/test_run_shell_concurrent_call0/work_1
2026-08-01 15:17:15,987 - pyiron_log - INFO - run_shell: workdir=/tmp/pytest-of-hmai/pytest-173/test_run_shell_concurrent_call0/work_2
2026-08-01 15:17:15,993 - pyiron_log - INFO - run_shell: workdir=/tmp/pytest-of-hmai/pytest-173/test_run_shell_concurrent_call0/work_3
2026-08-01 15:17:16,003 - pyiron_log - INFO - run_shell: workdir=/tmp/pytest-of-hmai/pytest-173/test_run_shell_concurrent_call0/work_0
2026-08-01 15:17:16,008 - pyiron_log - INFO - run_shell: workdir=/tmp/pytest-of-hmai/pytest-173/test_run_shell_concurrent_call0/work_1
2026-08-01 15:17:16,014 - pyiron_log - INFO - run_shell: workdir=/tmp/pytest-of-hmai/pytest-173/test_run_shell_concurrent_call0/work_2
2026-08-01 15:17:16,019 - pyiron_log - INFO - run_shell: workdir=/tmp/pytest-of-hmai/pytest-173/test_run_shell_concurrent_call0/work_3
2026-08-01 15:17:16,026 - pyiron_log - INFO - run_shell: workdir=/tmp/pytest-of-hmai/pytest-173/test_run_shell_concurrent_call0/work_0
2026-08-01 15:17:16,031 - pyiron_log - INFO - run_shell: workdir=/tmp/pytest-of-hmai/pytest-173/test_run_shell_concurrent_call0/work_1
2026-08-01 15:17:16,039 - pyiron_log - INFO - run_shell: workdir=/tmp/pytest-of-hmai/pytest-173/test_run_shell_concurrent_call0/work_2
2026-08-01 15:17:16,043 - pyiron_log - INFO - run_shell: workdir=/tmp/pytest-of-hmai/pytest-173/test_run_shell_concurrent_call0/work_3
2026-08-01 15:17:16,051 - pyiron_log - INFO - run_shell: workdir=/tmp/pytest-of-hmai/pytest-173/test_run_shell_concurrent_call0/work_0
2026-08-01 15:17:16,056 - pyiron_log - INFO - run_shell: workdir=/tmp/pytest-of-hmai/pytest-173/test_run_shell_concurrent_call0/work_1
2026-08-01 15:17:16,063 - pyiron_log - INFO - run_shell: workdir=/tmp/pytest-of-hmai/pytest-173/test_run_shell_concurrent_call0/work_2
2026-08-01 15:17:16,068 - pyiron_log - INFO - run_shell: workdir=/tmp/pytest-of-hmai/pytest-173/test_run_shell_concurrent_call0/work_3
2026-08-01 15:17:16,076 - pyiron_log - INFO - run_shell: workdir=/tmp/pytest-of-hmai/pytest-173/test_run_shell_concurrent_call0/work_0
2026-08-01 15:17:16,080 - pyiron_log - INFO - run_shell: workdir=/tmp/pytest-of-hmai/pytest-173/test_run_shell_concurrent_call0/work_1
2026-08-01 15:17:16,086 - pyiron_log - INFO - run_shell: workdir=/tmp/pytest-of-hmai/pytest-173/test_run_shell_concurrent_call0/work_2
2026-08-01 15:17:16,092 - pyiron_log - INFO - run_shell: workdir=/tmp/pytest-of-hmai/pytest-173/test_run_shell_concurrent_call0/work_3
2026-08-01 15:17:16,097 - pyiron_log - INFO - run_shell: workdir=/tmp/pytest-of-hmai/pytest-173/test_run_shell_concurrent_call0/work_0
2026-08-01 15:17:16,106 - pyiron_log - INFO - run_shell: workdir=/tmp/pytest-of-hmai/pytest-173/test_run_shell_concurrent_call0/work_1
2026-08-01 15:17:16,112 - pyiron_log - INFO - run_shell: workdir=/tmp/pytest-of-hmai/pytest-173/test_run_shell_concurrent_call0/work_2
2026-08-01 15:17:16,116 - pyiron_log - INFO - run_shell: workdir=/tmp/pytest-of-hmai/pytest-173/test_run_shell_concurrent_call0/work_3
2026-08-01 15:17:16,130 - pyiron_log - INFO - run_shell: workdir=/tmp/pytest-of-hmai/pytest-173/test_run_shell_concurrent_call0/work_0
2026-08-01 15:17:16,135 - pyiron_log - INFO - run_shell: workdir=/tmp/pytest-of-hmai/pytest-173/test_run_shell_concurrent_call0/work_1
2026-08-01 15:17:16,139 - pyiron_log - INFO - run_shell: workdir=/tmp/pytest-of-hmai/pytest-173/test_run_shell_concurrent_call0/work_2
2026-08-01 15:17:16,146 - pyiron_log - INFO - run_shell: workdir=/tmp/pytest-of-hmai/pytest-173/test_run_shell_concurrent_call0/work_3
2026-08-01 15:17:16,155 - pyiron_log - INFO - run_shell: workdir=/tmp/pytest-of-hmai/pytest-173/test_run_shell_concurrent_call0/work_0
2026-08-01 15:17:16,162 - pyiron_log - INFO - run_shell: workdir=/tmp/pytest-of-hmai/pytest-173/test_run_shell_concurrent_call0/work_1
2026-08-01 15:17:16,169 - pyiron_log - INFO - run_shell: workdir=/tmp/pytest-of-hmai/pytest-173/test_run_shell_concurrent_call0/work_2
2026-08-01 15:17:16,173 - pyiron_log - INFO - run_shell: workdir=/tmp/pytest-of-hmai/pytest-173/test_run_shell_concurrent_call0/work_3
2026-08-01 15:17:16,177 - pyiron_log - INFO - run_shell: workdir=/tmp/pytest-of-hmai/pytest-173/test_run_shell_concurrent_call0/work_0
2026-08-01 15:17:16,185 - pyiron_log - INFO - run_shell: workdir=/tmp/pytest-of-hmai/pytest-173/test_run_shell_concurrent_call0/work_1
2026-08-01 15:17:16,193 - pyiron_log - INFO - run_shell: workdir=/tmp/pytest-of-hmai/pytest-173/test_run_shell_concurrent_call0/work_2
2026-08-01 15:17:16,199 - pyiron_log - INFO - run_shell: workdir=/tmp/pytest-of-hmai/pytest-173/test_run_shell_concurrent_call0/work_3
2026-08-01 15:17:16,203 - pyiron_log - INFO - run_shell: workdir=/tmp/pytest-of-hmai/pytest-173/test_run_shell_concurrent_call0/work_0
2026-08-01 15:17:16,208 - pyiron_log - INFO - run_shell: workdir=/tmp/pytest-of-hmai/pytest-173/test_run_shell_concurrent_call0/work_1
2026-08-01 15:17:16,216 - pyiron_log - INFO - run_shell: workdir=/tmp/pytest-of-hmai/pytest-173/test_run_shell_concurrent_call0/work_2
2026-08-01 15:17:16,224 - pyiron_log - INFO - run_shell: workdir=/tmp/pytest-of-hmai/pytest-173/test_run_shell_concurrent_call0/work_3
2026-08-01 15:17:16,228 - pyiron_log - INFO - run_shell: workdir=/tmp/pytest-of-hmai/pytest-173/test_run_shell_concurrent_call0/work_0
2026-08-01 15:17:16,235 - pyiron_log - INFO - run_shell: workdir=/tmp/pytest-of-hmai/pytest-173/test_run_shell_concurrent_call0/work_1
2026-08-01 15:17:16,240 - pyiron_log - INFO - run_shell: workdir=/tmp/pytest-of-hmai/pytest-173/test_run_shell_concurrent_call0/work_2
2026-08-01 15:17:16,246 - pyiron_log - INFO - run_shell: workdir=/tmp/pytest-of-hmai/pytest-173/test_run_shell_concurrent_call0/work_3
2026-08-01 15:17:16,251 - pyiron_log - INFO - run_shell: workdir=/tmp/pytest-of-hmai/pytest-173/test_run_shell_concurrent_call0/work_0
2026-08-01 15:17:16,259 - pyiron_log - INFO - run_shell: workdir=/tmp/pytest-of-hmai/pytest-173/test_run_shell_concurrent_call0/work_1
2026-08-01 15:17:16,264 - pyiron_log - INFO - run_shell: workdir=/tmp/pytest-of-hmai/pytest-173/test_run_shell_concurrent_call0/work_2
2026-08-01 15:17:16,272 - pyiron_log - INFO - run_shell: workdir=/tmp/pytest-of-hmai/pytest-173/test_run_shell_concurrent_call0/work_3
2026-08-01 15:17:16,284 - pyiron_log - INFO - run_shell: workdir=/tmp/pytest-of-hmai/pytest-173/test_run_shell_concurrent_call0/work_0
2026-08-01 15:17:16,289 - pyiron_log - INFO - run_shell: workdir=/tmp/pytest-of-hmai/pytest-173/test_run_shell_concurrent_call0/work_1
2026-08-01 15:17:16,294 - pyiron_log - INFO - run_shell: workdir=/tmp/pytest-of-hmai/pytest-173/test_run_shell_concurrent_call0/work_2
2026-08-01 15:17:16,300 - pyiron_log - INFO - run_shell: workdir=/tmp/pytest-of-hmai/pytest-173/test_run_shell_concurrent_call0/work_3
2026-08-01 15:17:16,311 - pyiron_log - INFO - run_shell: workdir=/tmp/pytest-of-hmai/pytest-173/test_run_shell_concurrent_call0/work_0
2026-08-01 15:17:16,316 - pyiron_log - INFO - run_shell: workdir=/tmp/pytest-of-hmai/pytest-173/test_run_shell_concurrent_call0/work_1
2026-08-01 15:17:16,324 - pyiron_log - INFO - run_shell: workdir=/tmp/pytest-of-hmai/pytest-173/test_run_shell_concurrent_call0/work_2
2026-08-01 15:17:16,329 - pyiron_log - INFO - run_shell: workdir=/tmp/pytest-of-hmai/pytest-173/test_run_shell_concurrent_call0/work_3
2026-08-01 15:17:16,334 - pyiron_log - INFO - run_shell: workdir=/tmp/pytest-of-hmai/pytest-173/test_run_shell_concurrent_call0/work_0
2026-08-01 15:17:16,339 - pyiron_log - INFO - run_shell: workdir=/tmp/pytest-of-hmai/pytest-173/test_run_shell_concurrent_call0/work_1
2026-08-01 15:17:16,348 - pyiron_log - INFO - run_shell: workdir=/tmp/pytest-of-hmai/pytest-173/test_run_shell_concurrent_call0/work_2
2026-08-01 15:17:16,354 - pyiron_log - INFO - run_shell: workdir=/tmp/pytest-of-hmai/pytest-173/test_run_shell_concurrent_call0/work_3
2026-08-01 15:17:16,358 - pyiron_log - INFO - run_shell: workdir=/tmp/pytest-of-hmai/pytest-173/test_run_shell_concurrent_call0/work_0
2026-08-01 15:17:16,364 - pyiron_log - INFO - run_shell: workdir=/tmp/pytest-of-hmai/pytest-173/test_run_shell_concurrent_call0/work_1
2026-08-01 15:17:16,369 - pyiron_log - INFO - run_shell: workdir=/tmp/pytest-of-hmai/pytest-173/test_run_shell_concurrent_call0/work_2
2026-08-01 15:17:16,378 - pyiron_log - INFO - run_shell: workdir=/tmp/pytest-of-hmai/pytest-173/test_run_shell_concurrent_call0/work_3
2026-08-01 15:17:16,382 - pyiron_log - INFO - run_shell: workdir=/tmp/pytest-of-hmai/pytest-173/test_run_shell_concurrent_call0/work_0
2026-08-01 15:17:16,388 - pyiron_log - INFO - run_shell: workdir=/tmp/pytest-of-hmai/pytest-173/test_run_shell_concurrent_call0/work_1
2026-08-01 15:17:16,393 - pyiron_log - INFO - run_shell: workdir=/tmp/pytest-of-hmai/pytest-173/test_run_shell_concurrent_call0/work_2
2026-08-01 15:17:16,401 - pyiron_log - INFO - run_shell: workdir=/tmp/pytest-of-hmai/pytest-173/test_run_shell_concurrent_call0/work_3
2026-08-01 15:17:16,406 - pyiron_log - INFO - run_shell: workdir=/tmp/pytest-of-hmai/pytest-173/test_run_shell_concurrent_call0/work_0
2026-08-01 15:17:16,411 - pyiron_log - INFO - run_shell: workdir=/tmp/pytest-of-hmai/pytest-173/test_run_shell_concurrent_call0/work_1
2026-08-01 15:17:16,418 - pyiron_log - INFO - run_shell: workdir=/tmp/pytest-of-hmai/pytest-173/test_run_shell_concurrent_call0/work_2
2026-08-01 15:17:16,424 - pyiron_log - INFO - run_shell: workdir=/tmp/pytest-of-hmai/pytest-173/test_run_shell_concurrent_call0/work_3
2026-08-01 15:17:16,436 - pyiron_log - INFO - run_shell: workdir=/tmp/pytest-of-hmai/pytest-173/test_run_shell_concurrent_call0/work_0
2026-08-01 15:17:16,441 - pyiron_log - INFO - run_shell: workdir=/tmp/pytest-of-hmai/pytest-173/test_run_shell_concurrent_call0/work_1
2026-08-01 15:17:16,447 - pyiron_log - INFO - run_shell: workdir=/tmp/pytest-of-hmai/pytest-173/test_run_shell_concurrent_call0/work_2
2026-08-01 15:17:16,451 - pyiron_log - INFO - run_shell: workdir=/tmp/pytest-of-hmai/pytest-173/test_run_shell_concurrent_call0/work_3
2026-08-01 15:17:16,461 - pyiron_log - INFO - run_shell: workdir=/tmp/pytest-of-hmai/pytest-173/test_run_shell_concurrent_call0/work_0
2026-08-01 15:17:16,467 - pyiron_log - INFO - run_shell: workdir=/tmp/pytest-of-hmai/pytest-173/test_run_shell_concurrent_call0/work_1
2026-08-01 15:17:16,471 - pyiron_log - INFO - run_shell: workdir=/tmp/pytest-of-hmai/pytest-173/test_run_shell_concurrent_call0/work_2
2026-08-01 15:17:16,477 - pyiron_log - INFO - run_shell: workdir=/tmp/pytest-of-hmai/pytest-173/test_run_shell_concurrent_call0/work_3
2026-08-01 15:17:16,481 - pyiron_log - INFO - run_shell: workdir=/tmp/pytest-of-hmai/pytest-173/test_run_shell_concurrent_call0/work_0
2026-08-01 15:17:16,489 - pyiron_log - INFO - run_shell: workdir=/tmp/pytest-of-hmai/pytest-173/test_run_shell_concurrent_call0/work_1
2026-08-01 15:17:16,495 - pyiron_log - INFO - run_shell: workdir=/tmp/pytest-of-hmai/pytest-173/test_run_shell_concurrent_call0/work_2
2026-08-01 15:17:16,500 - pyiron_log - INFO - run_shell: workdir=/tmp/pytest-of-hmai/pytest-173/test_run_shell_concurrent_call0/work_3
2026-08-01 15:17:16,505 - pyiron_log - INFO - run_shell: workdir=/tmp/pytest-of-hmai/pytest-173/test_run_shell_concurrent_call0/work_0
2026-08-01 15:17:16,515 - pyiron_log - INFO - run_shell: workdir=/tmp/pytest-of-hmai/pytest-173/test_run_shell_concurrent_call0/work_1
2026-08-01 15:17:16,522 - pyiron_log - INFO - run_shell: workdir=/tmp/pytest-of-hmai/pytest-173/test_run_shell_concurrent_call0/work_2
2026-08-01 15:17:16,526 - pyiron_log - INFO - run_shell: workdir=/tmp/pytest-of-hmai/pytest-173/test_run_shell_concurrent_call0/work_3
2026-08-01 15:17:16,532 - pyiron_log - INFO - run_shell: workdir=/tmp/pytest-of-hmai/pytest-173/test_run_shell_concurrent_call0/work_0
2026-08-01 15:17:16,539 - pyiron_log - INFO - run_shell: workdir=/tmp/pytest-of-hmai/pytest-173/test_run_shell_concurrent_call0/work_1
2026-08-01 15:17:16,544 - pyiron_log - INFO - run_shell: workdir=/tmp/pytest-of-hmai/pytest-173/test_run_shell_concurrent_call0/work_2
2026-08-01 15:17:16,549 - pyiron_log - INFO - run_shell: workdir=/tmp/pytest-of-hmai/pytest-173/test_run_shell_concurrent_call0/work_3
2026-08-01 15:17:16,556 - pyiron_log - INFO - run_shell: workdir=/tmp/pytest-of-hmai/pytest-173/test_run_shell_concurrent_call0/work_0
2026-08-01 15:17:16,561 - pyiron_log - INFO - run_shell: workdir=/tmp/pytest-of-hmai/pytest-173/test_run_shell_concurrent_call0/work_1
2026-08-01 15:17:16,567 - pyiron_log - INFO - run_shell: workdir=/tmp/pytest-of-hmai/pytest-173/test_run_shell_concurrent_call0/work_2
2026-08-01 15:17:16,573 - pyiron_log - INFO - run_shell: workdir=/tmp/pytest-of-hmai/pytest-173/test_run_shell_concurrent_call0/work_3
2026-08-01 15:17:16,586 - pyiron_log - INFO - run_shell: workdir=/tmp/pytest-of-hmai/pytest-173/test_run_shell_concurrent_call0/work_0
2026-08-01 15:17:16,590 - pyiron_log - INFO - run_shell: workdir=/tmp/pytest-of-hmai/pytest-173/test_run_shell_concurrent_call0/work_1
2026-08-01 15:17:16,597 - pyiron_log - INFO - run_shell: workdir=/tmp/pytest-of-hmai/pytest-173/test_run_shell_concurrent_call0/work_2
2026-08-01 15:17:16,603 - pyiron_log - INFO - run_shell: workdir=/tmp/pytest-of-hmai/pytest-173/test_run_shell_concurrent_call0/work_3
2026-08-01 15:17:16,611 - pyiron_log - INFO - run_shell: workdir=/tmp/pytest-of-hmai/pytest-173/test_run_shell_concurrent_call0/work_0
2026-08-01 15:17:16,617 - pyiron_log - INFO - run_shell: workdir=/tmp/pytest-of-hmai/pytest-173/test_run_shell_concurrent_call0/work_1
2026-08-01 15:17:16,623 - pyiron_log - INFO - run_shell: workdir=/tmp/pytest-of-hmai/pytest-173/test_run_shell_concurrent_call0/work_2
2026-08-01 15:17:16,630 - pyiron_log - INFO - run_shell: workdir=/tmp/pytest-of-hmai/pytest-173/test_run_shell_concurrent_call0/work_3
2026-08-01 15:17:16,635 - pyiron_log - INFO - run_shell: workdir=/tmp/pytest-of-hmai/pytest-173/test_run_shell_concurrent_call0/work_0
2026-08-01 15:17:16,640 - pyiron_log - INFO - run_shell: workdir=/tmp/pytest-of-hmai/pytest-173/test_run_shell_concurrent_call0/work_1
2026-08-01 15:17:16,645 - pyiron_log - INFO - run_shell: workdir=/tmp/pytest-of-hmai/pytest-173/test_run_shell_concurrent_call0/work_2
2026-08-01 15:17:16,655 - pyiron_log - INFO - run_shell: workdir=/tmp/pytest-of-hmai/pytest-173/test_run_shell_concurrent_call0/work_3
2026-08-01 15:17:16,660 - pyiron_log - INFO - run_shell: workdir=/tmp/pytest-of-hmai/pytest-173/test_run_shell_concurrent_call0/work_0
2026-08-01 15:17:16,665 - pyiron_log - INFO - run_shell: workdir=/tmp/pytest-of-hmai/pytest-173/test_run_shell_concurrent_call0/work_1
2026-08-01 15:17:16,670 - pyiron_log - INFO - run_shell: workdir=/tmp/pytest-of-hmai/pytest-173/test_run_shell_concurrent_call0/work_2
2026-08-01 15:17:16,675 - pyiron_log - INFO - run_shell: workdir=/tmp/pytest-of-hmai/pytest-173/test_run_shell_concurrent_call0/work_3
2026-08-01 15:17:16,682 - pyiron_log - INFO - run_shell: workdir=/tmp/pytest-of-hmai/pytest-173/test_run_shell_concurrent_call0/work_0
2026-08-01 15:17:16,690 - pyiron_log - INFO - run_shell: workdir=/tmp/pytest-of-hmai/pytest-173/test_run_shell_concurrent_call0/work_1
2026-08-01 15:17:16,695 - pyiron_log - INFO - run_shell: workdir=/tmp/pytest-of-hmai/pytest-173/test_run_shell_concurrent_call0/work_2
2026-08-01 15:17:16,700 - pyiron_log - INFO - run_shell: workdir=/tmp/pytest-of-hmai/pytest-173/test_run_shell_concurrent_call0/work_3
2026-08-01 15:17:16,707 - pyiron_log - INFO - run_shell: workdir=/tmp/pytest-of-hmai/pytest-173/test_run_shell_concurrent_call0/work_0
2026-08-01 15:17:16,714 - pyiron_log - INFO - run_shell: workdir=/tmp/pytest-of-hmai/pytest-173/test_run_shell_concurrent_call0/work_1
2026-08-01 15:17:16,718 - pyiron_log - INFO - run_shell: workdir=/tmp/pytest-of-hmai/pytest-173/test_run_shell_concurrent_call0/work_2
2026-08-01 15:17:16,724 - pyiron_log - INFO - run_shell: workdir=/tmp/pytest-of-hmai/pytest-173/test_run_shell_concurrent_call0/work_3
2026-08-01 15:17:16,917 - pyiron_log - INFO - File '/tmp/pytest-of-hmai/pytest-173/test_is_line_in_file_missing_f0/no_such_file' not found.
2026-08-01 15:17:16,919 - pyiron_log - INFO - run_shell: workdir=/tmp/pytest-of-hmai/pytest-173/test_run_shell_propagates_subp0
2026-08-01 15:17:16,928 - pyiron_log - INFO - made directory '/tmp/pytest-of-hmai/pytest-173/test_vasp_job_runs_end_to_end0/calc'
2026-08-01 15:17:16,944 - pyiron_log - INFO - run_shell: workdir=/tmp/pytest-of-hmai/pytest-173/test_vasp_job_runs_end_to_end0/calc
2026-08-01 15:17:16,954 - pyiron_log - INFO - Deleted: /tmp/pytest-of-hmai/pytest-173/test_vasp_job_runs_end_to_end0/calc/CHGCAR
2026-08-01 15:17:16,967 - pyiron_log - INFO - made directory '/tmp/pytest-of-hmai/pytest-173/test_vasp_job_removes_calc_dir0/calc2'
2026-08-01 15:17:16,970 - pyiron_log - INFO - run_shell: workdir=/tmp/pytest-of-hmai/pytest-173/test_vasp_job_removes_calc_dir0/calc2
2026-08-01 15:17:17,008 - pyiron_log - INFO - made directory '/tmp/pytest-of-hmai/pytest-173/test_vasp_job_runs_without_fil0/calc3'
2026-08-01 15:17:17,014 - pyiron_log - INFO - run_shell: workdir=/tmp/pytest-of-hmai/pytest-173/test_vasp_job_runs_without_fil0/calc3
2026-08-01 15:17:17,031 - pyiron_log - INFO - made directory '/tmp/pytest-of-hmai/pytest-173/test_create_working_directory_0/fresh'
2026-08-01 15:17:34,301 - pyiron_log - INFO - Deleted: /tmp/pytest-of-hmai/pytest-174/test_delete_files_recursively_0/vaspcalc/CHGCAR
2026-08-01 15:17:34,301 - pyiron_log - INFO - Deleted: /tmp/pytest-of-hmai/pytest-174/test_delete_files_recursively_0/vaspcalc/WAVECAR
2026-08-01 15:17:34,304 - pyiron_log - INFO - Error: /tmp/pytest-of-hmai/pytest-174/test_delete_files_recursively_1/nope is not a valid directory.
2026-08-01 15:17:34,314 - pyiron_log - INFO - compress_directory: compressed directory at /tmp/pytest-of-hmai/pytest-174/test_compress_directory_create0/vaspcalc
2026-08-01 15:17:34,320 - pyiron_log - INFO - compress_directory: compressed directory at /tmp/pytest-of-hmai/pytest-174/test_compress_directory_member0/vaspcalc
2026-08-01 15:17:34,325 - pyiron_log - INFO - compress_directory: compressed directory at /tmp/pytest-of-hmai/pytest-174/test_compress_directory_exclud0/vaspcalc
2026-08-01 15:17:34,339 - pyiron_log - INFO - run_shell: workdir=/tmp/pytest-of-hmai/pytest-174/test_run_shell_executes_in_wor0/calc
2026-08-01 15:17:34,347 - pyiron_log - INFO - run_shell: workdir=/tmp/pytest-of-hmai/pytest-174/test_run_shell_does_not_mutate0/calc
2026-08-01 15:17:34,355 - pyiron_log - INFO - run_shell: workdir=/tmp/pytest-of-hmai/pytest-174/test_run_shell_captures_failur0/calc
2026-08-01 15:17:34,363 - pyiron_log - INFO - run_shell: workdir=/tmp/pytest-of-hmai/pytest-174/test_run_shell_preserves_argum0/calc
2026-08-01 15:17:34,375 - pyiron_log - INFO - run_shell: workdir=/tmp/pytest-of-hmai/pytest-174/test_run_shell_concurrent_call0/work_0
2026-08-01 15:17:34,379 - pyiron_log - INFO - run_shell: workdir=/tmp/pytest-of-hmai/pytest-174/test_run_shell_concurrent_call0/work_1
2026-08-01 15:17:34,385 - pyiron_log - INFO - run_shell: workdir=/tmp/pytest-of-hmai/pytest-174/test_run_shell_concurrent_call0/work_2
2026-08-01 15:17:34,393 - pyiron_log - INFO - run_shell: workdir=/tmp/pytest-of-hmai/pytest-174/test_run_shell_concurrent_call0/work_3
2026-08-01 15:17:34,400 - pyiron_log - INFO - run_shell: workdir=/tmp/pytest-of-hmai/pytest-174/test_run_shell_concurrent_call0/work_0
2026-08-01 15:17:34,404 - pyiron_log - INFO - run_shell: workdir=/tmp/pytest-of-hmai/pytest-174/test_run_shell_concurrent_call0/work_1
2026-08-01 15:17:34,409 - pyiron_log - INFO - run_shell: workdir=/tmp/pytest-of-hmai/pytest-174/test_run_shell_concurrent_call0/work_2
2026-08-01 15:17:34,416 - pyiron_log - INFO - run_shell: workdir=/tmp/pytest-of-hmai/pytest-174/test_run_shell_concurrent_call0/work_3
2026-08-01 15:17:34,419 - pyiron_log - INFO - run_shell: workdir=/tmp/pytest-of-hmai/pytest-174/test_run_shell_concurrent_call0/work_0
2026-08-01 15:17:34,425 - pyiron_log - INFO - run_shell: workdir=/tmp/pytest-of-hmai/pytest-174/test_run_shell_concurrent_call0/work_1
2026-08-01 15:17:34,432 - pyiron_log - INFO - run_shell: workdir=/tmp/pytest-of-hmai/pytest-174/test_run_shell_concurrent_call0/work_2
2026-08-01 15:17:34,439 - pyiron_log - INFO - run_shell: workdir=/tmp/pytest-of-hmai/pytest-174/test_run_shell_concurrent_call0/work_3
2026-08-01 15:17:34,444 - pyiron_log - INFO - run_shell: workdir=/tmp/pytest-of-hmai/pytest-174/test_run_shell_concurrent_call0/work_0
2026-08-01 15:17:34,449 - pyiron_log - INFO - run_shell: workdir=/tmp/pytest-of-hmai/pytest-174/test_run_shell_concurrent_call0/work_1
2026-08-01 15:17:34,455 - pyiron_log - INFO - run_shell: workdir=/tmp/pytest-of-hmai/pytest-174/test_run_shell_concurrent_call0/work_2
2026-08-01 15:17:34,466 - pyiron_log - INFO - run_shell: workdir=/tmp/pytest-of-hmai/pytest-174/test_run_shell_concurrent_call0/work_3
2026-08-01 15:17:34,471 - pyiron_log - INFO - run_shell: workdir=/tmp/pytest-of-hmai/pytest-174/test_run_shell_concurrent_call0/work_0
2026-08-01 15:17:34,476 - pyiron_log - INFO - run_shell: workdir=/tmp/pytest-of-hmai/pytest-174/test_run_shell_concurrent_call0/work_1
2026-08-01 15:17:34,481 - pyiron_log - INFO - run_shell: workdir=/tmp/pytest-of-hmai/pytest-174/test_run_shell_concurrent_call0/work_2
2026-08-01 15:17:34,490 - pyiron_log - INFO - run_shell: workdir=/tmp/pytest-of-hmai/pytest-174/test_run_shell_concurrent_call0/work_3
2026-08-01 15:17:34,496 - pyiron_log - INFO - run_shell: workdir=/tmp/pytest-of-hmai/pytest-174/test_run_shell_concurrent_call0/work_0
2026-08-01 15:17:34,500 - pyiron_log - INFO - run_shell: workdir=/tmp/pytest-of-hmai/pytest-174/test_run_shell_concurrent_call0/work_1
2026-08-01 15:17:34,506 - pyiron_log - INFO - run_shell: workdir=/tmp/pytest-of-hmai/pytest-174/test_run_shell_concurrent_call0/work_2
2026-08-01 15:17:34,514 - pyiron_log - INFO - run_shell: workdir=/tmp/pytest-of-hmai/pytest-174/test_run_shell_concurrent_call0/work_3
2026-08-01 15:17:34,527 - pyiron_log - INFO - run_shell: workdir=/tmp/pytest-of-hmai/pytest-174/test_run_shell_concurrent_call0/work_0
2026-08-01 15:17:34,533 - pyiron_log - INFO - run_shell: workdir=/tmp/pytest-of-hmai/pytest-174/test_run_shell_concurrent_call0/work_1
2026-08-01 15:17:34,539 - pyiron_log - INFO - run_shell: workdir=/tmp/pytest-of-hmai/pytest-174/test_run_shell_concurrent_call0/work_2
2026-08-01 15:17:34,544 - pyiron_log - INFO - run_shell: workdir=/tmp/pytest-of-hmai/pytest-174/test_run_shell_concurrent_call0/work_3
2026-08-01 15:17:34,551 - pyiron_log - INFO - run_shell: workdir=/tmp/pytest-of-hmai/pytest-174/test_run_shell_concurrent_call0/work_0
2026-08-01 15:17:34,555 - pyiron_log - INFO - run_shell: workdir=/tmp/pytest-of-hmai/pytest-174/test_run_shell_concurrent_call0/work_1
2026-08-01 15:17:34,567 - pyiron_log - INFO - run_shell: workdir=/tmp/pytest-of-hmai/pytest-174/test_run_shell_concurrent_call0/work_2
2026-08-01 15:17:34,573 - pyiron_log - INFO - run_shell: workdir=/tmp/pytest-of-hmai/pytest-174/test_run_shell_concurrent_call0/work_3
2026-08-01 15:17:34,577 - pyiron_log - INFO - run_shell: workdir=/tmp/pytest-of-hmai/pytest-174/test_run_shell_concurrent_call0/work_0
2026-08-01 15:17:34,582 - pyiron_log - INFO - run_shell: workdir=/tmp/pytest-of-hmai/pytest-174/test_run_shell_concurrent_call0/work_1
2026-08-01 15:17:34,590 - pyiron_log - INFO - run_shell: workdir=/tmp/pytest-of-hmai/pytest-174/test_run_shell_concurrent_call0/work_2
2026-08-01 15:17:34,596 - pyiron_log - INFO - run_shell: workdir=/tmp/pytest-of-hmai/pytest-174/test_run_shell_concurrent_call0/work_3
2026-08-01 15:17:34,602 - pyiron_log - INFO - run_shell: workdir=/tmp/pytest-of-hmai/pytest-174/test_run_shell_concurrent_call0/work_0
2026-08-01 15:17:34,608 - pyiron_log - INFO - run_shell: workdir=/tmp/pytest-of-hmai/pytest-174/test_run_shell_concurrent_call0/work_1
2026-08-01 15:17:34,614 - pyiron_log - INFO - run_shell: workdir=/tmp/pytest-of-hmai/pytest-174/test_run_shell_concurrent_call0/work_2
2026-08-01 15:17:34,620 - pyiron_log - INFO - run_shell: workdir=/tmp/pytest-of-hmai/pytest-174/test_run_shell_concurrent_call0/work_3
2026-08-01 15:17:34,625 - pyiron_log - INFO - run_shell: workdir=/tmp/pytest-of-hmai/pytest-174/test_run_shell_concurrent_call0/work_0
2026-08-01 15:17:34,634 - pyiron_log - INFO - run_shell: workdir=/tmp/pytest-of-hmai/pytest-174/test_run_shell_concurrent_call0/work_1
2026-08-01 15:17:34,637 - pyiron_log - INFO - run_shell: workdir=/tmp/pytest-of-hmai/pytest-174/test_run_shell_concurrent_call0/work_2
2026-08-01 15:17:34,644 - pyiron_log - INFO - run_shell: workdir=/tmp/pytest-of-hmai/pytest-174/test_run_shell_concurrent_call0/work_3
2026-08-01 15:17:34,648 - pyiron_log - INFO - run_shell: workdir=/tmp/pytest-of-hmai/pytest-174/test_run_shell_concurrent_call0/work_0
2026-08-01 15:17:34,659 - pyiron_log - INFO - run_shell: workdir=/tmp/pytest-of-hmai/pytest-174/test_run_shell_concurrent_call0/work_1
2026-08-01 15:17:34,665 - pyiron_log - INFO - run_shell: workdir=/tmp/pytest-of-hmai/pytest-174/test_run_shell_concurrent_call0/work_2
2026-08-01 15:17:34,669 - pyiron_log - INFO - run_shell: workdir=/tmp/pytest-of-hmai/pytest-174/test_run_shell_concurrent_call0/work_3
2026-08-01 15:17:34,683 - pyiron_log - INFO - run_shell: workdir=/tmp/pytest-of-hmai/pytest-174/test_run_shell_concurrent_call0/work_0
2026-08-01 15:17:34,687 - pyiron_log - INFO - run_shell: workdir=/tmp/pytest-of-hmai/pytest-174/test_run_shell_concurrent_call0/work_1
2026-08-01 15:17:34,693 - pyiron_log - INFO - run_shell: workdir=/tmp/pytest-of-hmai/pytest-174/test_run_shell_concurrent_call0/work_2
2026-08-01 15:17:34,699 - pyiron_log - INFO - run_shell: workdir=/tmp/pytest-of-hmai/pytest-174/test_run_shell_concurrent_call0/work_3
2026-08-01 15:17:34,710 - pyiron_log - INFO - run_shell: workdir=/tmp/pytest-of-hmai/pytest-174/test_run_shell_concurrent_call0/work_0
2026-08-01 15:17:34,714 - pyiron_log - INFO - run_shell: workdir=/tmp/pytest-of-hmai/pytest-174/test_run_shell_concurrent_call0/work_1
2026-08-01 15:17:34,721 - pyiron_log - INFO - run_shell: workdir=/tmp/pytest-of-hmai/pytest-174/test_run_shell_concurrent_call0/work_2
2026-08-01 15:17:34,727 - pyiron_log - INFO - run_shell: workdir=/tmp/pytest-of-hmai/pytest-174/test_run_shell_concurrent_call0/work_3
2026-08-01 15:17:34,731 - pyiron_log - INFO - run_shell: workdir=/tmp/pytest-of-hmai/pytest-174/test_run_shell_concurrent_call0/work_0
2026-08-01 15:17:34,740 - pyiron_log - INFO - run_shell: workdir=/tmp/pytest-of-hmai/pytest-174/test_run_shell_concurrent_call0/work_1
2026-08-01 15:17:34,747 - pyiron_log - INFO - run_shell: workdir=/tmp/pytest-of-hmai/pytest-174/test_run_shell_concurrent_call0/work_2
2026-08-01 15:17:34,752 - pyiron_log - INFO - run_shell: workdir=/tmp/pytest-of-hmai/pytest-174/test_run_shell_concurrent_call0/work_3
2026-08-01 15:17:34,758 - pyiron_log - INFO - run_shell: workdir=/tmp/pytest-of-hmai/pytest-174/test_run_shell_concurrent_call0/work_0
2026-08-01 15:17:34,764 - pyiron_log - INFO - run_shell: workdir=/tmp/pytest-of-hmai/pytest-174/test_run_shell_concurrent_call0/work_1
2026-08-01 15:17:34,769 - pyiron_log - INFO - run_shell: workdir=/tmp/pytest-of-hmai/pytest-174/test_run_shell_concurrent_call0/work_2
2026-08-01 15:17:34,776 - pyiron_log - INFO - run_shell: workdir=/tmp/pytest-of-hmai/pytest-174/test_run_shell_concurrent_call0/work_3
2026-08-01 15:17:34,783 - pyiron_log - INFO - run_shell: workdir=/tmp/pytest-of-hmai/pytest-174/test_run_shell_concurrent_call0/work_0
2026-08-01 15:17:34,788 - pyiron_log - INFO - run_shell: workdir=/tmp/pytest-of-hmai/pytest-174/test_run_shell_concurrent_call0/work_1
2026-08-01 15:17:34,796 - pyiron_log - INFO - run_shell: workdir=/tmp/pytest-of-hmai/pytest-174/test_run_shell_concurrent_call0/work_2
2026-08-01 15:17:34,802 - pyiron_log - INFO - run_shell: workdir=/tmp/pytest-of-hmai/pytest-174/test_run_shell_concurrent_call0/work_3
2026-08-01 15:17:34,808 - pyiron_log - INFO - run_shell: workdir=/tmp/pytest-of-hmai/pytest-174/test_run_shell_concurrent_call0/work_0
2026-08-01 15:17:34,813 - pyiron_log - INFO - run_shell: workdir=/tmp/pytest-of-hmai/pytest-174/test_run_shell_concurrent_call0/work_1
2026-08-01 15:17:34,817 - pyiron_log - INFO - run_shell: workdir=/tmp/pytest-of-hmai/pytest-174/test_run_shell_concurrent_call0/work_2
2026-08-01 15:17:34,825 - pyiron_log - INFO - run_shell: workdir=/tmp/pytest-of-hmai/pytest-174/test_run_shell_concurrent_call0/work_3
2026-08-01 15:17:34,838 - pyiron_log - INFO - run_shell: workdir=/tmp/pytest-of-hmai/pytest-174/test_run_shell_concurrent_call0/work_0
2026-08-01 15:17:34,842 - pyiron_log - INFO - run_shell: workdir=/tmp/pytest-of-hmai/pytest-174/test_run_shell_concurrent_call0/work_1
2026-08-01 15:17:34,848 - pyiron_log - INFO - run_shell: workdir=/tmp/pytest-of-hmai/pytest-174/test_run_shell_concurrent_call0/work_2
2026-08-01 15:17:34,855 - pyiron_log - INFO - run_shell: workdir=/tmp/pytest-of-hmai/pytest-174/test_run_shell_concurrent_call0/work_3
2026-08-01 15:17:34,864 - pyiron_log - INFO - run_shell: workdir=/tmp/pytest-of-hmai/pytest-174/test_run_shell_concurrent_call0/work_0
2026-08-01 15:17:34,870 - pyiron_log - INFO - run_shell: workdir=/tmp/pytest-of-hmai/pytest-174/test_run_shell_concurrent_call0/work_1
2026-08-01 15:17:34,873 - pyiron_log - INFO - run_shell: workdir=/tmp/pytest-of-hmai/pytest-174/test_run_shell_concurrent_call0/work_2
2026-08-01 15:17:34,878 - pyiron_log - INFO - run_shell: workdir=/tmp/pytest-of-hmai/pytest-174/test_run_shell_concurrent_call0/work_3
2026-08-01 15:17:34,885 - pyiron_log - INFO - run_shell: workdir=/tmp/pytest-of-hmai/pytest-174/test_run_shell_concurrent_call0/work_0
2026-08-01 15:17:34,893 - pyiron_log - INFO - run_shell: workdir=/tmp/pytest-of-hmai/pytest-174/test_run_shell_concurrent_call0/work_1
2026-08-01 15:17:34,898 - pyiron_log - INFO - run_shell: workdir=/tmp/pytest-of-hmai/pytest-174/test_run_shell_concurrent_call0/work_2
2026-08-01 15:17:34,902 - pyiron_log - INFO - run_shell: workdir=/tmp/pytest-of-hmai/pytest-174/test_run_shell_concurrent_call0/work_3
2026-08-01 15:17:34,909 - pyiron_log - INFO - run_shell: workdir=/tmp/pytest-of-hmai/pytest-174/test_run_shell_concurrent_call0/work_0
2026-08-01 15:17:34,915 - pyiron_log - INFO - run_shell: workdir=/tmp/pytest-of-hmai/pytest-174/test_run_shell_concurrent_call0/work_1
2026-08-01 15:17:34,923 - pyiron_log - INFO - run_shell: workdir=/tmp/pytest-of-hmai/pytest-174/test_run_shell_concurrent_call0/work_2
2026-08-01 15:17:34,929 - pyiron_log - INFO - run_shell: workdir=/tmp/pytest-of-hmai/pytest-174/test_run_shell_concurrent_call0/work_3
2026-08-01 15:17:34,935 - pyiron_log - INFO - run_shell: workdir=/tmp/pytest-of-hmai/pytest-174/test_run_shell_concurrent_call0/work_0
2026-08-01 15:17:34,942 - pyiron_log - INFO - run_shell: workdir=/tmp/pytest-of-hmai/pytest-174/test_run_shell_concurrent_call0/work_1
2026-08-01 15:17:34,947 - pyiron_log - INFO - run_shell: workdir=/tmp/pytest-of-hmai/pytest-174/test_run_shell_concurrent_call0/work_2
2026-08-01 15:17:34,954 - pyiron_log - INFO - run_shell: workdir=/tmp/pytest-of-hmai/pytest-174/test_run_shell_concurrent_call0/work_3
2026-08-01 15:17:34,958 - pyiron_log - INFO - run_shell: workdir=/tmp/pytest-of-hmai/pytest-174/test_run_shell_concurrent_call0/work_0
2026-08-01 15:17:34,967 - pyiron_log - INFO - run_shell: workdir=/tmp/pytest-of-hmai/pytest-174/test_run_shell_concurrent_call0/work_1
2026-08-01 15:17:34,973 - pyiron_log - INFO - run_shell: workdir=/tmp/pytest-of-hmai/pytest-174/test_run_shell_concurrent_call0/work_2
2026-08-01 15:17:34,978 - pyiron_log - INFO - run_shell: workdir=/tmp/pytest-of-hmai/pytest-174/test_run_shell_concurrent_call0/work_3
2026-08-01 15:17:34,991 - pyiron_log - INFO - run_shell: workdir=/tmp/pytest-of-hmai/pytest-174/test_run_shell_concurrent_call0/work_0
2026-08-01 15:17:34,996 - pyiron_log - INFO - run_shell: workdir=/tmp/pytest-of-hmai/pytest-174/test_run_shell_concurrent_call0/work_1
2026-08-01 15:17:35,002 - pyiron_log - INFO - run_shell: workdir=/tmp/pytest-of-hmai/pytest-174/test_run_shell_concurrent_call0/work_2
2026-08-01 15:17:35,009 - pyiron_log - INFO - run_shell: workdir=/tmp/pytest-of-hmai/pytest-174/test_run_shell_concurrent_call0/work_3
2026-08-01 15:17:35,016 - pyiron_log - INFO - run_shell: workdir=/tmp/pytest-of-hmai/pytest-174/test_run_shell_concurrent_call0/work_0
2026-08-01 15:17:35,021 - pyiron_log - INFO - run_shell: workdir=/tmp/pytest-of-hmai/pytest-174/test_run_shell_concurrent_call0/work_1
2026-08-01 15:17:35,029 - pyiron_log - INFO - run_shell: workdir=/tmp/pytest-of-hmai/pytest-174/test_run_shell_concurrent_call0/work_2
2026-08-01 15:17:35,035 - pyiron_log - INFO - run_shell: workdir=/tmp/pytest-of-hmai/pytest-174/test_run_shell_concurrent_call0/work_3
2026-08-01 15:17:35,042 - pyiron_log - INFO - run_shell: workdir=/tmp/pytest-of-hmai/pytest-174/test_run_shell_concurrent_call0/work_0
2026-08-01 15:17:35,046 - pyiron_log - INFO - run_shell: workdir=/tmp/pytest-of-hmai/pytest-174/test_run_shell_concurrent_call0/work_1
2026-08-01 15:17:35,052 - pyiron_log - INFO - run_shell: workdir=/tmp/pytest-of-hmai/pytest-174/test_run_shell_concurrent_call0/work_2
2026-08-01 15:17:35,056 - pyiron_log - INFO - run_shell: workdir=/tmp/pytest-of-hmai/pytest-174/test_run_shell_concurrent_call0/work_3
2026-08-01 15:17:35,064 - pyiron_log - INFO - run_shell: workdir=/tmp/pytest-of-hmai/pytest-174/test_run_shell_concurrent_call0/work_0
2026-08-01 15:17:35,072 - pyiron_log - INFO - run_shell: workdir=/tmp/pytest-of-hmai/pytest-174/test_run_shell_concurrent_call0/work_1
2026-08-01 15:17:35,076 - pyiron_log - INFO - run_shell: workdir=/tmp/pytest-of-hmai/pytest-174/test_run_shell_concurrent_call0/work_2
2026-08-01 15:17:35,083 - pyiron_log - INFO - run_shell: workdir=/tmp/pytest-of-hmai/pytest-174/test_run_shell_concurrent_call0/work_3
2026-08-01 15:17:35,087 - pyiron_log - INFO - run_shell: workdir=/tmp/pytest-of-hmai/pytest-174/test_run_shell_concurrent_call0/work_0
2026-08-01 15:17:35,095 - pyiron_log - INFO - run_shell: workdir=/tmp/pytest-of-hmai/pytest-174/test_run_shell_concurrent_call0/work_1
2026-08-01 15:17:35,100 - pyiron_log - INFO - run_shell: workdir=/tmp/pytest-of-hmai/pytest-174/test_run_shell_concurrent_call0/work_2
2026-08-01 15:17:35,105 - pyiron_log - INFO - run_shell: workdir=/tmp/pytest-of-hmai/pytest-174/test_run_shell_concurrent_call0/work_3
2026-08-01 15:17:35,111 - pyiron_log - INFO - run_shell: workdir=/tmp/pytest-of-hmai/pytest-174/test_run_shell_concurrent_call0/work_0
2026-08-01 15:17:35,119 - pyiron_log - INFO - run_shell: workdir=/tmp/pytest-of-hmai/pytest-174/test_run_shell_concurrent_call0/work_1
2026-08-01 15:17:35,126 - pyiron_log - INFO - run_shell: workdir=/tmp/pytest-of-hmai/pytest-174/test_run_shell_concurrent_call0/work_2
2026-08-01 15:17:35,130 - pyiron_log - INFO - run_shell: workdir=/tmp/pytest-of-hmai/pytest-174/test_run_shell_concurrent_call0/work_3
2026-08-01 15:17:35,324 - pyiron_log - INFO - File '/tmp/pytest-of-hmai/pytest-174/test_is_line_in_file_missing_f0/no_such_file' not found.
2026-08-01 15:17:35,326 - pyiron_log - INFO - run_shell: workdir=/tmp/pytest-of-hmai/pytest-174/test_run_shell_propagates_subp0
2026-08-01 15:17:35,336 - pyiron_log - INFO - made directory '/tmp/pytest-of-hmai/pytest-174/test_vasp_job_runs_end_to_end0/calc'
2026-08-01 15:17:35,352 - pyiron_log - INFO - run_shell: workdir=/tmp/pytest-of-hmai/pytest-174/test_vasp_job_runs_end_to_end0/calc
2026-08-01 15:17:35,362 - pyiron_log - INFO - Deleted: /tmp/pytest-of-hmai/pytest-174/test_vasp_job_runs_end_to_end0/calc/CHGCAR
2026-08-01 15:17:35,379 - pyiron_log - INFO - made directory '/tmp/pytest-of-hmai/pytest-174/test_vasp_job_removes_calc_dir0/calc2'
2026-08-01 15:17:35,384 - pyiron_log - INFO - run_shell: workdir=/tmp/pytest-of-hmai/pytest-174/test_vasp_job_removes_calc_dir0/calc2
2026-08-01 15:17:35,426 - pyiron_log - INFO - made directory '/tmp/pytest-of-hmai/pytest-174/test_vasp_job_runs_without_fil0/calc3'
2026-08-01 15:17:35,431 - pyiron_log - INFO - run_shell: workdir=/tmp/pytest-of-hmai/pytest-174/test_vasp_job_runs_without_fil0/calc3
2026-08-01 15:17:35,448 - pyiron_log - INFO - made directory '/tmp/pytest-of-hmai/pytest-174/test_create_working_directory_0/fresh'
2026-08-01 15:17:45,627 - pyiron_log - INFO - Deleted: /tmp/pytest-of-hmai/pytest-175/test_delete_files_recursively_0/vaspcalc/CHGCAR
2026-08-01 15:17:45,627 - pyiron_log - INFO - Deleted: /tmp/pytest-of-hmai/pytest-175/test_delete_files_recursively_0/vaspcalc/WAVECAR
2026-08-01 15:17:45,629 - pyiron_log - INFO - Error: /tmp/pytest-of-hmai/pytest-175/test_delete_files_recursively_1/nope is not a valid directory.
2026-08-01 15:17:45,634 - pyiron_log - INFO - compress_directory: compressed directory at /tmp/pytest-of-hmai/pytest-175/test_compress_directory_create0/vaspcalc
2026-08-01 15:17:45,638 - pyiron_log - INFO - compress_directory: compressed directory at /tmp/pytest-of-hmai/pytest-175/test_compress_directory_member0/vaspcalc
2026-08-01 15:17:45,642 - pyiron_log - INFO - compress_directory: compressed directory at /tmp/pytest-of-hmai/pytest-175/test_compress_directory_exclud0/vaspcalc
2026-08-01 15:17:45,650 - pyiron_log - INFO - run_shell: workdir=/tmp/pytest-of-hmai/pytest-175/test_run_shell_executes_in_wor0/calc
2026-08-01 15:17:45,657 - pyiron_log - INFO - run_shell: workdir=/tmp/pytest-of-hmai/pytest-175/test_run_shell_does_not_mutate0/calc
2026-08-01 15:17:45,664 - pyiron_log - INFO - run_shell: workdir=/tmp/pytest-of-hmai/pytest-175/test_run_shell_captures_failur0/calc
2026-08-01 15:17:45,670 - pyiron_log - INFO - run_shell: workdir=/tmp/pytest-of-hmai/pytest-175/test_run_shell_preserves_argum0/calc
2026-08-01 15:17:45,680 - pyiron_log - INFO - run_shell: workdir=/tmp/pytest-of-hmai/pytest-175/test_run_shell_concurrent_call0/work_0
2026-08-01 15:17:45,682 - pyiron_log - INFO - run_shell: workdir=/tmp/pytest-of-hmai/pytest-175/test_run_shell_concurrent_call0/work_1
2026-08-01 15:17:45,685 - pyiron_log - INFO - run_shell: workdir=/tmp/pytest-of-hmai/pytest-175/test_run_shell_concurrent_call0/work_2
2026-08-01 15:17:45,690 - pyiron_log - INFO - run_shell: workdir=/tmp/pytest-of-hmai/pytest-175/test_run_shell_concurrent_call0/work_3
2026-08-01 15:17:45,694 - pyiron_log - INFO - run_shell: workdir=/tmp/pytest-of-hmai/pytest-175/test_run_shell_concurrent_call0/work_0
2026-08-01 15:17:45,698 - pyiron_log - INFO - run_shell: workdir=/tmp/pytest-of-hmai/pytest-175/test_run_shell_concurrent_call0/work_1
2026-08-01 15:17:45,700 - pyiron_log - INFO - run_shell: workdir=/tmp/pytest-of-hmai/pytest-175/test_run_shell_concurrent_call0/work_2
2026-08-01 15:17:45,704 - pyiron_log - INFO - run_shell: workdir=/tmp/pytest-of-hmai/pytest-175/test_run_shell_concurrent_call0/work_3
2026-08-01 15:17:45,707 - pyiron_log - INFO - run_shell: workdir=/tmp/pytest-of-hmai/pytest-175/test_run_shell_concurrent_call0/work_0
2026-08-01 15:17:45,712 - pyiron_log - INFO - run_shell: workdir=/tmp/pytest-of-hmai/pytest-175/test_run_shell_concurrent_call0/work_1
2026-08-01 15:17:45,716 - pyiron_log - INFO - run_shell: workdir=/tmp/pytest-of-hmai/pytest-175/test_run_shell_concurrent_call0/work_2
2026-08-01 15:17:45,719 - pyiron_log - INFO - run_shell: workdir=/tmp/pytest-of-hmai/pytest-175/test_run_shell_concurrent_call0/work_3
2026-08-01 15:17:45,722 - pyiron_log - INFO - run_shell: workdir=/tmp/pytest-of-hmai/pytest-175/test_run_shell_concurrent_call0/work_0
2026-08-01 15:17:45,725 - pyiron_log - INFO - run_shell: workdir=/tmp/pytest-of-hmai/pytest-175/test_run_shell_concurrent_call0/work_1
2026-08-01 15:17:45,728 - pyiron_log - INFO - run_shell: workdir=/tmp/pytest-of-hmai/pytest-175/test_run_shell_concurrent_call0/work_2
2026-08-01 15:17:45,733 - pyiron_log - INFO - run_shell: workdir=/tmp/pytest-of-hmai/pytest-175/test_run_shell_concurrent_call0/work_3
2026-08-01 15:17:45,737 - pyiron_log - INFO - run_shell: workdir=/tmp/pytest-of-hmai/pytest-175/test_run_shell_concurrent_call0/work_0
2026-08-01 15:17:45,740 - pyiron_log - INFO - run_shell: workdir=/tmp/pytest-of-hmai/pytest-175/test_run_shell_concurrent_call0/work_1
2026-08-01 15:17:45,743 - pyiron_log - INFO - run_shell: workdir=/tmp/pytest-of-hmai/pytest-175/test_run_shell_concurrent_call0/work_2
2026-08-01 15:17:45,746 - pyiron_log - INFO - run_shell: workdir=/tmp/pytest-of-hmai/pytest-175/test_run_shell_concurrent_call0/work_3
2026-08-01 15:17:45,750 - pyiron_log - INFO - run_shell: workdir=/tmp/pytest-of-hmai/pytest-175/test_run_shell_concurrent_call0/work_0
2026-08-01 15:17:45,753 - pyiron_log - INFO - run_shell: workdir=/tmp/pytest-of-hmai/pytest-175/test_run_shell_concurrent_call0/work_1
2026-08-01 15:17:45,756 - pyiron_log - INFO - run_shell: workdir=/tmp/pytest-of-hmai/pytest-175/test_run_shell_concurrent_call0/work_2
2026-08-01 15:17:45,760 - pyiron_log - INFO - run_shell: workdir=/tmp/pytest-of-hmai/pytest-175/test_run_shell_concurrent_call0/work_3
2026-08-01 15:17:45,770 - pyiron_log - INFO - run_shell: workdir=/tmp/pytest-of-hmai/pytest-175/test_run_shell_concurrent_call0/work_0
2026-08-01 15:17:45,773 - pyiron_log - INFO - run_shell: workdir=/tmp/pytest-of-hmai/pytest-175/test_run_shell_concurrent_call0/work_1
2026-08-01 15:17:45,776 - pyiron_log - INFO - run_shell: workdir=/tmp/pytest-of-hmai/pytest-175/test_run_shell_concurrent_call0/work_2
2026-08-01 15:17:45,779 - pyiron_log - INFO - run_shell: workdir=/tmp/pytest-of-hmai/pytest-175/test_run_shell_concurrent_call0/work_3
2026-08-01 15:17:45,787 - pyiron_log - INFO - run_shell: workdir=/tmp/pytest-of-hmai/pytest-175/test_run_shell_concurrent_call0/work_0
2026-08-01 15:17:45,790 - pyiron_log - INFO - run_shell: workdir=/tmp/pytest-of-hmai/pytest-175/test_run_shell_concurrent_call0/work_1
2026-08-01 15:17:45,793 - pyiron_log - INFO - run_shell: workdir=/tmp/pytest-of-hmai/pytest-175/test_run_shell_concurrent_call0/work_2
2026-08-01 15:17:45,796 - pyiron_log - INFO - run_shell: workdir=/tmp/pytest-of-hmai/pytest-175/test_run_shell_concurrent_call0/work_3
2026-08-01 15:17:45,800 - pyiron_log - INFO - run_shell: workdir=/tmp/pytest-of-hmai/pytest-175/test_run_shell_concurrent_call0/work_0
2026-08-01 15:17:45,805 - pyiron_log - INFO - run_shell: workdir=/tmp/pytest-of-hmai/pytest-175/test_run_shell_concurrent_call0/work_1
2026-08-01 15:17:45,809 - pyiron_log - INFO - run_shell: workdir=/tmp/pytest-of-hmai/pytest-175/test_run_shell_concurrent_call0/work_2
2026-08-01 15:17:45,812 - pyiron_log - INFO - run_shell: workdir=/tmp/pytest-of-hmai/pytest-175/test_run_shell_concurrent_call0/work_3
2026-08-01 15:17:45,816 - pyiron_log - INFO - run_shell: workdir=/tmp/pytest-of-hmai/pytest-175/test_run_shell_concurrent_call0/work_0
2026-08-01 15:17:45,819 - pyiron_log - INFO - run_shell: workdir=/tmp/pytest-of-hmai/pytest-175/test_run_shell_concurrent_call0/work_1
2026-08-01 15:17:45,823 - pyiron_log - INFO - run_shell: workdir=/tmp/pytest-of-hmai/pytest-175/test_run_shell_concurrent_call0/work_2
2026-08-01 15:17:45,825 - pyiron_log - INFO - run_shell: workdir=/tmp/pytest-of-hmai/pytest-175/test_run_shell_concurrent_call0/work_3
2026-08-01 15:17:45,829 - pyiron_log - INFO - run_shell: workdir=/tmp/pytest-of-hmai/pytest-175/test_run_shell_concurrent_call0/work_0
2026-08-01 15:17:45,833 - pyiron_log - INFO - run_shell: workdir=/tmp/pytest-of-hmai/pytest-175/test_run_shell_concurrent_call0/work_1
2026-08-01 15:17:45,837 - pyiron_log - INFO - run_shell: workdir=/tmp/pytest-of-hmai/pytest-175/test_run_shell_concurrent_call0/work_2
2026-08-01 15:17:45,840 - pyiron_log - INFO - run_shell: workdir=/tmp/pytest-of-hmai/pytest-175/test_run_shell_concurrent_call0/work_3
2026-08-01 15:17:45,843 - pyiron_log - INFO - run_shell: workdir=/tmp/pytest-of-hmai/pytest-175/test_run_shell_concurrent_call0/work_0
2026-08-01 15:17:45,847 - pyiron_log - INFO - run_shell: workdir=/tmp/pytest-of-hmai/pytest-175/test_run_shell_concurrent_call0/work_1
2026-08-01 15:17:45,851 - pyiron_log - INFO - run_shell: workdir=/tmp/pytest-of-hmai/pytest-175/test_run_shell_concurrent_call0/work_2
2026-08-01 15:17:45,855 - pyiron_log - INFO - run_shell: workdir=/tmp/pytest-of-hmai/pytest-175/test_run_shell_concurrent_call0/work_3
2026-08-01 15:17:45,864 - pyiron_log - INFO - run_shell: workdir=/tmp/pytest-of-hmai/pytest-175/test_run_shell_concurrent_call0/work_0
2026-08-01 15:17:45,867 - pyiron_log - INFO - run_shell: workdir=/tmp/pytest-of-hmai/pytest-175/test_run_shell_concurrent_call0/work_1
2026-08-01 15:17:45,870 - pyiron_log - INFO - run_shell: workdir=/tmp/pytest-of-hmai/pytest-175/test_run_shell_concurrent_call0/work_2
2026-08-01 15:17:45,873 - pyiron_log - INFO - run_shell: workdir=/tmp/pytest-of-hmai/pytest-175/test_run_shell_concurrent_call0/work_3
2026-08-01 15:17:45,877 - pyiron_log - INFO - run_shell: workdir=/tmp/pytest-of-hmai/pytest-175/test_run_shell_concurrent_call0/work_0
2026-08-01 15:17:45,881 - pyiron_log - INFO - run_shell: workdir=/tmp/pytest-of-hmai/pytest-175/test_run_shell_concurrent_call0/work_1
2026-08-01 15:17:45,886 - pyiron_log - INFO - run_shell: workdir=/tmp/pytest-of-hmai/pytest-175/test_run_shell_concurrent_call0/work_2
2026-08-01 15:17:45,890 - pyiron_log - INFO - run_shell: workdir=/tmp/pytest-of-hmai/pytest-175/test_run_shell_concurrent_call0/work_3
2026-08-01 15:17:45,892 - pyiron_log - INFO - run_shell: workdir=/tmp/pytest-of-hmai/pytest-175/test_run_shell_concurrent_call0/work_0
2026-08-01 15:17:45,897 - pyiron_log - INFO - run_shell: workdir=/tmp/pytest-of-hmai/pytest-175/test_run_shell_concurrent_call0/work_1
2026-08-01 15:17:45,899 - pyiron_log - INFO - run_shell: workdir=/tmp/pytest-of-hmai/pytest-175/test_run_shell_concurrent_call0/work_2
2026-08-01 15:17:45,902 - pyiron_log - INFO - run_shell: workdir=/tmp/pytest-of-hmai/pytest-175/test_run_shell_concurrent_call0/work_3
2026-08-01 15:17:45,906 - pyiron_log - INFO - run_shell: workdir=/tmp/pytest-of-hmai/pytest-175/test_run_shell_concurrent_call0/work_0
2026-08-01 15:17:45,911 - pyiron_log - INFO - run_shell: workdir=/tmp/pytest-of-hmai/pytest-175/test_run_shell_concurrent_call0/work_1
2026-08-01 15:17:45,914 - pyiron_log - INFO - run_shell: workdir=/tmp/pytest-of-hmai/pytest-175/test_run_shell_concurrent_call0/work_2
2026-08-01 15:17:45,917 - pyiron_log - INFO - run_shell: workdir=/tmp/pytest-of-hmai/pytest-175/test_run_shell_concurrent_call0/work_3
2026-08-01 15:17:45,920 - pyiron_log - INFO - run_shell: workdir=/tmp/pytest-of-hmai/pytest-175/test_run_shell_concurrent_call0/work_0
2026-08-01 15:17:45,924 - pyiron_log - INFO - run_shell: workdir=/tmp/pytest-of-hmai/pytest-175/test_run_shell_concurrent_call0/work_1
2026-08-01 15:17:45,928 - pyiron_log - INFO - run_shell: workdir=/tmp/pytest-of-hmai/pytest-175/test_run_shell_concurrent_call0/work_2
2026-08-01 15:17:45,934 - pyiron_log - INFO - run_shell: workdir=/tmp/pytest-of-hmai/pytest-175/test_run_shell_concurrent_call0/work_3
2026-08-01 15:17:45,936 - pyiron_log - INFO - run_shell: workdir=/tmp/pytest-of-hmai/pytest-175/test_run_shell_concurrent_call0/work_0
2026-08-01 15:17:45,941 - pyiron_log - INFO - run_shell: workdir=/tmp/pytest-of-hmai/pytest-175/test_run_shell_concurrent_call0/work_1
2026-08-01 15:17:45,944 - pyiron_log - INFO - run_shell: workdir=/tmp/pytest-of-hmai/pytest-175/test_run_shell_concurrent_call0/work_2
2026-08-01 15:17:45,946 - pyiron_log - INFO - run_shell: workdir=/tmp/pytest-of-hmai/pytest-175/test_run_shell_concurrent_call0/work_3
2026-08-01 15:17:45,956 - pyiron_log - INFO - run_shell: workdir=/tmp/pytest-of-hmai/pytest-175/test_run_shell_concurrent_call0/work_0
2026-08-01 15:17:45,959 - pyiron_log - INFO - run_shell: workdir=/tmp/pytest-of-hmai/pytest-175/test_run_shell_concurrent_call0/work_1
2026-08-01 15:17:45,963 - pyiron_log - INFO - run_shell: workdir=/tmp/pytest-of-hmai/pytest-175/test_run_shell_concurrent_call0/work_2
2026-08-01 15:17:45,966 - pyiron_log - INFO - run_shell: workdir=/tmp/pytest-of-hmai/pytest-175/test_run_shell_concurrent_call0/work_3
2026-08-01 15:17:45,971 - pyiron_log - INFO - run_shell: workdir=/tmp/pytest-of-hmai/pytest-175/test_run_shell_concurrent_call0/work_0
2026-08-01 15:17:45,973 - pyiron_log - INFO - run_shell: workdir=/tmp/pytest-of-hmai/pytest-175/test_run_shell_concurrent_call0/work_1
2026-08-01 15:17:45,977 - pyiron_log - INFO - run_shell: workdir=/tmp/pytest-of-hmai/pytest-175/test_run_shell_concurrent_call0/work_2
2026-08-01 15:17:45,980 - pyiron_log - INFO - run_shell: workdir=/tmp/pytest-of-hmai/pytest-175/test_run_shell_concurrent_call0/work_3
2026-08-01 15:17:45,985 - pyiron_log - INFO - run_shell: workdir=/tmp/pytest-of-hmai/pytest-175/test_run_shell_concurrent_call0/work_0
2026-08-01 15:17:45,989 - pyiron_log - INFO - run_shell: workdir=/tmp/pytest-of-hmai/pytest-175/test_run_shell_concurrent_call0/work_1
2026-08-01 15:17:45,992 - pyiron_log - INFO - run_shell: workdir=/tmp/pytest-of-hmai/pytest-175/test_run_shell_concurrent_call0/work_2
2026-08-01 15:17:45,995 - pyiron_log - INFO - run_shell: workdir=/tmp/pytest-of-hmai/pytest-175/test_run_shell_concurrent_call0/work_3
2026-08-01 15:17:45,998 - pyiron_log - INFO - run_shell: workdir=/tmp/pytest-of-hmai/pytest-175/test_run_shell_concurrent_call0/work_0
2026-08-01 15:17:46,002 - pyiron_log - INFO - run_shell: workdir=/tmp/pytest-of-hmai/pytest-175/test_run_shell_concurrent_call0/work_1
2026-08-01 15:17:46,006 - pyiron_log - INFO - run_shell: workdir=/tmp/pytest-of-hmai/pytest-175/test_run_shell_concurrent_call0/work_2
2026-08-01 15:17:46,010 - pyiron_log - INFO - run_shell: workdir=/tmp/pytest-of-hmai/pytest-175/test_run_shell_concurrent_call0/work_3
2026-08-01 15:17:46,013 - pyiron_log - INFO - run_shell: workdir=/tmp/pytest-of-hmai/pytest-175/test_run_shell_concurrent_call0/work_0
2026-08-01 15:17:46,016 - pyiron_log - INFO - run_shell: workdir=/tmp/pytest-of-hmai/pytest-175/test_run_shell_concurrent_call0/work_1
2026-08-01 15:17:46,021 - pyiron_log - INFO - run_shell: workdir=/tmp/pytest-of-hmai/pytest-175/test_run_shell_concurrent_call0/work_2
2026-08-01 15:17:46,024 - pyiron_log - INFO - run_shell: workdir=/tmp/pytest-of-hmai/pytest-175/test_run_shell_concurrent_call0/work_3
2026-08-01 15:17:46,028 - pyiron_log - INFO - run_shell: workdir=/tmp/pytest-of-hmai/pytest-175/test_run_shell_concurrent_call0/work_0
2026-08-01 15:17:46,031 - pyiron_log - INFO - run_shell: workdir=/tmp/pytest-of-hmai/pytest-175/test_run_shell_concurrent_call0/work_1
2026-08-01 15:17:46,035 - pyiron_log - INFO - run_shell: workdir=/tmp/pytest-of-hmai/pytest-175/test_run_shell_concurrent_call0/work_2
2026-08-01 15:17:46,038 - pyiron_log - INFO - run_shell: workdir=/tmp/pytest-of-hmai/pytest-175/test_run_shell_concurrent_call0/work_3
2026-08-01 15:17:46,048 - pyiron_log - INFO - run_shell: workdir=/tmp/pytest-of-hmai/pytest-175/test_run_shell_concurrent_call0/work_0
2026-08-01 15:17:46,051 - pyiron_log - INFO - run_shell: workdir=/tmp/pytest-of-hmai/pytest-175/test_run_shell_concurrent_call0/work_1
2026-08-01 15:17:46,055 - pyiron_log - INFO - run_shell: workdir=/tmp/pytest-of-hmai/pytest-175/test_run_shell_concurrent_call0/work_2
2026-08-01 15:17:46,058 - pyiron_log - INFO - run_shell: workdir=/tmp/pytest-of-hmai/pytest-175/test_run_shell_concurrent_call0/work_3
2026-08-01 15:17:46,064 - pyiron_log - INFO - run_shell: workdir=/tmp/pytest-of-hmai/pytest-175/test_run_shell_concurrent_call0/work_0
2026-08-01 15:17:46,067 - pyiron_log - INFO - run_shell: workdir=/tmp/pytest-of-hmai/pytest-175/test_run_shell_concurrent_call0/work_1
2026-08-01 15:17:46,071 - pyiron_log - INFO - run_shell: workdir=/tmp/pytest-of-hmai/pytest-175/test_run_shell_concurrent_call0/work_2
2026-08-01 15:17:46,073 - pyiron_log - INFO - run_shell: workdir=/tmp/pytest-of-hmai/pytest-175/test_run_shell_concurrent_call0/work_3
2026-08-01 15:17:46,077 - pyiron_log - INFO - run_shell: workdir=/tmp/pytest-of-hmai/pytest-175/test_run_shell_concurrent_call0/work_0
2026-08-01 15:17:46,080 - pyiron_log - INFO - run_shell: workdir=/tmp/pytest-of-hmai/pytest-175/test_run_shell_concurrent_call0/work_1
2026-08-01 15:17:46,084 - pyiron_log - INFO - run_shell: workdir=/tmp/pytest-of-hmai/pytest-175/test_run_shell_concurrent_call0/work_2
2026-08-01 15:17:46,088 - pyiron_log - INFO - run_shell: workdir=/tmp/pytest-of-hmai/pytest-175/test_run_shell_concurrent_call0/work_3
2026-08-01 15:17:46,091 - pyiron_log - INFO - run_shell: workdir=/tmp/pytest-of-hmai/pytest-175/test_run_shell_concurrent_call0/work_0
2026-08-01 15:17:46,095 - pyiron_log - INFO - run_shell: workdir=/tmp/pytest-of-hmai/pytest-175/test_run_shell_concurrent_call0/work_1
2026-08-01 15:17:46,098 - pyiron_log - INFO - run_shell: workdir=/tmp/pytest-of-hmai/pytest-175/test_run_shell_concurrent_call0/work_2
2026-08-01 15:17:46,102 - pyiron_log - INFO - run_shell: workdir=/tmp/pytest-of-hmai/pytest-175/test_run_shell_concurrent_call0/work_3
2026-08-01 15:17:46,105 - pyiron_log - INFO - run_shell: workdir=/tmp/pytest-of-hmai/pytest-175/test_run_shell_concurrent_call0/work_0
2026-08-01 15:17:46,109 - pyiron_log - INFO - run_shell: workdir=/tmp/pytest-of-hmai/pytest-175/test_run_shell_concurrent_call0/work_1
2026-08-01 15:17:46,111 - pyiron_log - INFO - run_shell: workdir=/tmp/pytest-of-hmai/pytest-175/test_run_shell_concurrent_call0/work_2
2026-08-01 15:17:46,115 - pyiron_log - INFO - run_shell: workdir=/tmp/pytest-of-hmai/pytest-175/test_run_shell_concurrent_call0/work_3
2026-08-01 15:17:46,120 - pyiron_log - INFO - run_shell: workdir=/tmp/pytest-of-hmai/pytest-175/test_run_shell_concurrent_call0/work_0
2026-08-01 15:17:46,124 - pyiron_log - INFO - run_shell: workdir=/tmp/pytest-of-hmai/pytest-175/test_run_shell_concurrent_call0/work_1
2026-08-01 15:17:46,127 - pyiron_log - INFO - run_shell: workdir=/tmp/pytest-of-hmai/pytest-175/test_run_shell_concurrent_call0/work_2
2026-08-01 15:17:46,130 - pyiron_log - INFO - run_shell: workdir=/tmp/pytest-of-hmai/pytest-175/test_run_shell_concurrent_call0/work_3
2026-08-01 15:17:46,227 - pyiron_log - INFO - File '/tmp/pytest-of-hmai/pytest-175/test_is_line_in_file_missing_f0/no_such_file' not found.
2026-08-01 15:17:46,228 - pyiron_log - INFO - run_shell: workdir=/tmp/pytest-of-hmai/pytest-175/test_run_shell_propagates_subp0
2026-08-01 15:17:46,234 - pyiron_log - INFO - made directory '/tmp/pytest-of-hmai/pytest-175/test_vasp_job_runs_end_to_end0/calc'
2026-08-01 15:17:46,246 - pyiron_log - INFO - run_shell: workdir=/tmp/pytest-of-hmai/pytest-175/test_vasp_job_runs_end_to_end0/calc
2026-08-01 15:17:46,255 - pyiron_log - INFO - Deleted: /tmp/pytest-of-hmai/pytest-175/test_vasp_job_runs_end_to_end0/calc/CHGCAR
2026-08-01 15:17:46,265 - pyiron_log - INFO - made directory '/tmp/pytest-of-hmai/pytest-175/test_vasp_job_removes_calc_dir0/calc2'
2026-08-01 15:17:46,269 - pyiron_log - INFO - run_shell: workdir=/tmp/pytest-of-hmai/pytest-175/test_vasp_job_removes_calc_dir0/calc2
2026-08-01 15:17:46,300 - pyiron_log - INFO - made directory '/tmp/pytest-of-hmai/pytest-175/test_vasp_job_runs_without_fil0/calc3'
2026-08-01 15:17:46,304 - pyiron_log - INFO - run_shell: workdir=/tmp/pytest-of-hmai/pytest-175/test_vasp_job_runs_without_fil0/calc3
2026-08-01 15:17:46,318 - pyiron_log - INFO - made directory '/tmp/pytest-of-hmai/pytest-175/test_create_working_directory_0/fresh'
2026-08-01 15:17:57,000 - pyiron_log - INFO - Deleted: /tmp/pytest-of-hmai/pytest-176/test_delete_files_recursively_0/vaspcalc/CHGCAR
2026-08-01 15:17:57,000 - pyiron_log - INFO - Deleted: /tmp/pytest-of-hmai/pytest-176/test_delete_files_recursively_0/vaspcalc/WAVECAR
2026-08-01 15:17:57,002 - pyiron_log - INFO - Error: /tmp/pytest-of-hmai/pytest-176/test_delete_files_recursively_1/nope is not a valid directory.
2026-08-01 15:17:57,007 - pyiron_log - INFO - compress_directory: compressed directory at /tmp/pytest-of-hmai/pytest-176/test_compress_directory_create0/vaspcalc
2026-08-01 15:17:57,011 - pyiron_log - INFO - compress_directory: compressed directory at /tmp/pytest-of-hmai/pytest-176/test_compress_directory_member0/vaspcalc
2026-08-01 15:17:57,014 - pyiron_log - INFO - compress_directory: compressed directory at /tmp/pytest-of-hmai/pytest-176/test_compress_directory_exclud0/vaspcalc
2026-08-01 15:17:57,023 - pyiron_log - INFO - run_shell: workdir=/tmp/pytest-of-hmai/pytest-176/test_run_shell_executes_in_wor0/calc
2026-08-01 15:17:57,034 - pyiron_log - INFO - run_shell: workdir=/tmp/pytest-of-hmai/pytest-176/test_run_shell_does_not_mutate0/calc
2026-08-01 15:17:57,044 - pyiron_log - INFO - run_shell: workdir=/tmp/pytest-of-hmai/pytest-176/test_run_shell_captures_failur0/calc
2026-08-01 15:17:57,052 - pyiron_log - INFO - run_shell: workdir=/tmp/pytest-of-hmai/pytest-176/test_run_shell_preserves_argum0/calc
2026-08-01 15:17:57,062 - pyiron_log - INFO - run_shell: workdir=/tmp/pytest-of-hmai/pytest-176/test_run_shell_concurrent_call0/work_0
2026-08-01 15:17:57,065 - pyiron_log - INFO - run_shell: workdir=/tmp/pytest-of-hmai/pytest-176/test_run_shell_concurrent_call0/work_1
2026-08-01 15:17:57,069 - pyiron_log - INFO - run_shell: workdir=/tmp/pytest-of-hmai/pytest-176/test_run_shell_concurrent_call0/work_2
2026-08-01 15:17:57,072 - pyiron_log - INFO - run_shell: workdir=/tmp/pytest-of-hmai/pytest-176/test_run_shell_concurrent_call0/work_3
2026-08-01 15:17:57,077 - pyiron_log - INFO - run_shell: workdir=/tmp/pytest-of-hmai/pytest-176/test_run_shell_concurrent_call0/work_0
2026-08-01 15:17:57,080 - pyiron_log - INFO - run_shell: workdir=/tmp/pytest-of-hmai/pytest-176/test_run_shell_concurrent_call0/work_1
2026-08-01 15:17:57,084 - pyiron_log - INFO - run_shell: workdir=/tmp/pytest-of-hmai/pytest-176/test_run_shell_concurrent_call0/work_2
2026-08-01 15:17:57,086 - pyiron_log - INFO - run_shell: workdir=/tmp/pytest-of-hmai/pytest-176/test_run_shell_concurrent_call0/work_3
2026-08-01 15:17:57,090 - pyiron_log - INFO - run_shell: workdir=/tmp/pytest-of-hmai/pytest-176/test_run_shell_concurrent_call0/work_0
2026-08-01 15:17:57,095 - pyiron_log - INFO - run_shell: workdir=/tmp/pytest-of-hmai/pytest-176/test_run_shell_concurrent_call0/work_1
2026-08-01 15:17:57,098 - pyiron_log - INFO - run_shell: workdir=/tmp/pytest-of-hmai/pytest-176/test_run_shell_concurrent_call0/work_2
2026-08-01 15:17:57,101 - pyiron_log - INFO - run_shell: workdir=/tmp/pytest-of-hmai/pytest-176/test_run_shell_concurrent_call0/work_3
2026-08-01 15:17:57,104 - pyiron_log - INFO - run_shell: workdir=/tmp/pytest-of-hmai/pytest-176/test_run_shell_concurrent_call0/work_0
2026-08-01 15:17:57,108 - pyiron_log - INFO - run_shell: workdir=/tmp/pytest-of-hmai/pytest-176/test_run_shell_concurrent_call0/work_1
2026-08-01 15:17:57,111 - pyiron_log - INFO - run_shell: workdir=/tmp/pytest-of-hmai/pytest-176/test_run_shell_concurrent_call0/work_2
2026-08-01 15:17:57,115 - pyiron_log - INFO - run_shell: workdir=/tmp/pytest-of-hmai/pytest-176/test_run_shell_concurrent_call0/work_3
2026-08-01 15:17:57,119 - pyiron_log - INFO - run_shell: workdir=/tmp/pytest-of-hmai/pytest-176/test_run_shell_concurrent_call0/work_0
2026-08-01 15:17:57,123 - pyiron_log - INFO - run_shell: workdir=/tmp/pytest-of-hmai/pytest-176/test_run_shell_concurrent_call0/work_1
2026-08-01 15:17:57,126 - pyiron_log - INFO - run_shell: workdir=/tmp/pytest-of-hmai/pytest-176/test_run_shell_concurrent_call0/work_2
2026-08-01 15:17:57,129 - pyiron_log - INFO - run_shell: workdir=/tmp/pytest-of-hmai/pytest-176/test_run_shell_concurrent_call0/work_3
2026-08-01 15:17:57,133 - pyiron_log - INFO - run_shell: workdir=/tmp/pytest-of-hmai/pytest-176/test_run_shell_concurrent_call0/work_0
2026-08-01 15:17:57,137 - pyiron_log - INFO - run_shell: workdir=/tmp/pytest-of-hmai/pytest-176/test_run_shell_concurrent_call0/work_1
2026-08-01 15:17:57,140 - pyiron_log - INFO - run_shell: workdir=/tmp/pytest-of-hmai/pytest-176/test_run_shell_concurrent_call0/work_2
2026-08-01 15:17:57,143 - pyiron_log - INFO - run_shell: workdir=/tmp/pytest-of-hmai/pytest-176/test_run_shell_concurrent_call0/work_3
2026-08-01 15:17:57,153 - pyiron_log - INFO - run_shell: workdir=/tmp/pytest-of-hmai/pytest-176/test_run_shell_concurrent_call0/work_0
2026-08-01 15:17:57,156 - pyiron_log - INFO - run_shell: workdir=/tmp/pytest-of-hmai/pytest-176/test_run_shell_concurrent_call0/work_1
2026-08-01 15:17:57,159 - pyiron_log - INFO - run_shell: workdir=/tmp/pytest-of-hmai/pytest-176/test_run_shell_concurrent_call0/work_2
2026-08-01 15:17:57,162 - pyiron_log - INFO - run_shell: workdir=/tmp/pytest-of-hmai/pytest-176/test_run_shell_concurrent_call0/work_3
2026-08-01 15:17:57,170 - pyiron_log - INFO - run_shell: workdir=/tmp/pytest-of-hmai/pytest-176/test_run_shell_concurrent_call0/work_0
2026-08-01 15:17:57,173 - pyiron_log - INFO - run_shell: workdir=/tmp/pytest-of-hmai/pytest-176/test_run_shell_concurrent_call0/work_1
2026-08-01 15:17:57,176 - pyiron_log - INFO - run_shell: workdir=/tmp/pytest-of-hmai/pytest-176/test_run_shell_concurrent_call0/work_2
2026-08-01 15:17:57,179 - pyiron_log - INFO - run_shell: workdir=/tmp/pytest-of-hmai/pytest-176/test_run_shell_concurrent_call0/work_3
2026-08-01 15:17:57,183 - pyiron_log - INFO - run_shell: workdir=/tmp/pytest-of-hmai/pytest-176/test_run_shell_concurrent_call0/work_0
2026-08-01 15:17:57,188 - pyiron_log - INFO - run_shell: workdir=/tmp/pytest-of-hmai/pytest-176/test_run_shell_concurrent_call0/work_1
2026-08-01 15:17:57,191 - pyiron_log - INFO - run_shell: workdir=/tmp/pytest-of-hmai/pytest-176/test_run_shell_concurrent_call0/work_2
2026-08-01 15:17:57,195 - pyiron_log - INFO - run_shell: workdir=/tmp/pytest-of-hmai/pytest-176/test_run_shell_concurrent_call0/work_3
2026-08-01 15:17:57,197 - pyiron_log - INFO - run_shell: workdir=/tmp/pytest-of-hmai/pytest-176/test_run_shell_concurrent_call0/work_0
2026-08-01 15:17:57,201 - pyiron_log - INFO - run_shell: workdir=/tmp/pytest-of-hmai/pytest-176/test_run_shell_concurrent_call0/work_1
2026-08-01 15:17:57,203 - pyiron_log - INFO - run_shell: workdir=/tmp/pytest-of-hmai/pytest-176/test_run_shell_concurrent_call0/work_2
2026-08-01 15:17:57,207 - pyiron_log - INFO - run_shell: workdir=/tmp/pytest-of-hmai/pytest-176/test_run_shell_concurrent_call0/work_3
2026-08-01 15:17:57,212 - pyiron_log - INFO - run_shell: workdir=/tmp/pytest-of-hmai/pytest-176/test_run_shell_concurrent_call0/work_0
2026-08-01 15:17:57,216 - pyiron_log - INFO - run_shell: workdir=/tmp/pytest-of-hmai/pytest-176/test_run_shell_concurrent_call0/work_1
2026-08-01 15:17:57,219 - pyiron_log - INFO - run_shell: workdir=/tmp/pytest-of-hmai/pytest-176/test_run_shell_concurrent_call0/work_2
2026-08-01 15:17:57,222 - pyiron_log - INFO - run_shell: workdir=/tmp/pytest-of-hmai/pytest-176/test_run_shell_concurrent_call0/work_3
2026-08-01 15:17:57,227 - pyiron_log - INFO - run_shell: workdir=/tmp/pytest-of-hmai/pytest-176/test_run_shell_concurrent_call0/work_0
2026-08-01 15:17:57,230 - pyiron_log - INFO - run_shell: workdir=/tmp/pytest-of-hmai/pytest-176/test_run_shell_concurrent_call0/work_1
2026-08-01 15:17:57,233 - pyiron_log - INFO - run_shell: workdir=/tmp/pytest-of-hmai/pytest-176/test_run_shell_concurrent_call0/work_2
2026-08-01 15:17:57,236 - pyiron_log - INFO - run_shell: workdir=/tmp/pytest-of-hmai/pytest-176/test_run_shell_concurrent_call0/work_3
2026-08-01 15:17:57,247 - pyiron_log - INFO - run_shell: workdir=/tmp/pytest-of-hmai/pytest-176/test_run_shell_concurrent_call0/work_0
2026-08-01 15:17:57,249 - pyiron_log - INFO - run_shell: workdir=/tmp/pytest-of-hmai/pytest-176/test_run_shell_concurrent_call0/work_1
2026-08-01 15:17:57,252 - pyiron_log - INFO - run_shell: workdir=/tmp/pytest-of-hmai/pytest-176/test_run_shell_concurrent_call0/work_2
2026-08-01 15:17:57,256 - pyiron_log - INFO - run_shell: workdir=/tmp/pytest-of-hmai/pytest-176/test_run_shell_concurrent_call0/work_3
2026-08-01 15:17:57,261 - pyiron_log - INFO - run_shell: workdir=/tmp/pytest-of-hmai/pytest-176/test_run_shell_concurrent_call0/work_0
2026-08-01 15:17:57,265 - pyiron_log - INFO - run_shell: workdir=/tmp/pytest-of-hmai/pytest-176/test_run_shell_concurrent_call0/work_1
2026-08-01 15:17:57,269 - pyiron_log - INFO - run_shell: workdir=/tmp/pytest-of-hmai/pytest-176/test_run_shell_concurrent_call0/work_2
2026-08-01 15:17:57,271 - pyiron_log - INFO - run_shell: workdir=/tmp/pytest-of-hmai/pytest-176/test_run_shell_concurrent_call0/work_3
2026-08-01 15:17:57,274 - pyiron_log - INFO - run_shell: workdir=/tmp/pytest-of-hmai/pytest-176/test_run_shell_concurrent_call0/work_0
2026-08-01 15:17:57,278 - pyiron_log - INFO - run_shell: workdir=/tmp/pytest-of-hmai/pytest-176/test_run_shell_concurrent_call0/work_1
2026-08-01 15:17:57,282 - pyiron_log - INFO - run_shell: workdir=/tmp/pytest-of-hmai/pytest-176/test_run_shell_concurrent_call0/work_2
2026-08-01 15:17:57,285 - pyiron_log - INFO - run_shell: workdir=/tmp/pytest-of-hmai/pytest-176/test_run_shell_concurrent_call0/work_3
2026-08-01 15:17:57,289 - pyiron_log - INFO - run_shell: workdir=/tmp/pytest-of-hmai/pytest-176/test_run_shell_concurrent_call0/work_0
2026-08-01 15:17:57,292 - pyiron_log - INFO - run_shell: workdir=/tmp/pytest-of-hmai/pytest-176/test_run_shell_concurrent_call0/work_1
2026-08-01 15:17:57,297 - pyiron_log - INFO - run_shell: workdir=/tmp/pytest-of-hmai/pytest-176/test_run_shell_concurrent_call0/work_2
2026-08-01 15:17:57,300 - pyiron_log - INFO - run_shell: workdir=/tmp/pytest-of-hmai/pytest-176/test_run_shell_concurrent_call0/work_3
2026-08-01 15:17:57,303 - pyiron_log - INFO - run_shell: workdir=/tmp/pytest-of-hmai/pytest-176/test_run_shell_concurrent_call0/work_0
2026-08-01 15:17:57,306 - pyiron_log - INFO - run_shell: workdir=/tmp/pytest-of-hmai/pytest-176/test_run_shell_concurrent_call0/work_1
2026-08-01 15:17:57,309 - pyiron_log - INFO - run_shell: workdir=/tmp/pytest-of-hmai/pytest-176/test_run_shell_concurrent_call0/work_2
2026-08-01 15:17:57,314 - pyiron_log - INFO - run_shell: workdir=/tmp/pytest-of-hmai/pytest-176/test_run_shell_concurrent_call0/work_3
2026-08-01 15:17:57,317 - pyiron_log - INFO - run_shell: workdir=/tmp/pytest-of-hmai/pytest-176/test_run_shell_concurrent_call0/work_0
2026-08-01 15:17:57,320 - pyiron_log - INFO - run_shell: workdir=/tmp/pytest-of-hmai/pytest-176/test_run_shell_concurrent_call0/work_1
2026-08-01 15:17:57,323 - pyiron_log - INFO - run_shell: workdir=/tmp/pytest-of-hmai/pytest-176/test_run_shell_concurrent_call0/work_2
2026-08-01 15:17:57,327 - pyiron_log - INFO - run_shell: workdir=/tmp/pytest-of-hmai/pytest-176/test_run_shell_concurrent_call0/work_3
2026-08-01 15:17:57,337 - pyiron_log - INFO - run_shell: workdir=/tmp/pytest-of-hmai/pytest-176/test_run_shell_concurrent_call0/work_0
2026-08-01 15:17:57,339 - pyiron_log - INFO - run_shell: workdir=/tmp/pytest-of-hmai/pytest-176/test_run_shell_concurrent_call0/work_1
2026-08-01 15:17:57,342 - pyiron_log - INFO - run_shell: workdir=/tmp/pytest-of-hmai/pytest-176/test_run_shell_concurrent_call0/work_2
2026-08-01 15:17:57,346 - pyiron_log - INFO - run_shell: workdir=/tmp/pytest-of-hmai/pytest-176/test_run_shell_concurrent_call0/work_3
2026-08-01 15:17:57,352 - pyiron_log - INFO - run_shell: workdir=/tmp/pytest-of-hmai/pytest-176/test_run_shell_concurrent_call0/work_0
2026-08-01 15:17:57,355 - pyiron_log - INFO - run_shell: workdir=/tmp/pytest-of-hmai/pytest-176/test_run_shell_concurrent_call0/work_1
2026-08-01 15:17:57,358 - pyiron_log - INFO - run_shell: workdir=/tmp/pytest-of-hmai/pytest-176/test_run_shell_concurrent_call0/work_2
2026-08-01 15:17:57,362 - pyiron_log - INFO - run_shell: workdir=/tmp/pytest-of-hmai/pytest-176/test_run_shell_concurrent_call0/work_3
2026-08-01 15:17:57,366 - pyiron_log - INFO - run_shell: workdir=/tmp/pytest-of-hmai/pytest-176/test_run_shell_concurrent_call0/work_0
2026-08-01 15:17:57,370 - pyiron_log - INFO - run_shell: workdir=/tmp/pytest-of-hmai/pytest-176/test_run_shell_concurrent_call0/work_1
2026-08-01 15:17:57,373 - pyiron_log - INFO - run_shell: workdir=/tmp/pytest-of-hmai/pytest-176/test_run_shell_concurrent_call0/work_2
2026-08-01 15:17:57,376 - pyiron_log - INFO - run_shell: workdir=/tmp/pytest-of-hmai/pytest-176/test_run_shell_concurrent_call0/work_3
2026-08-01 15:17:57,379 - pyiron_log - INFO - run_shell: workdir=/tmp/pytest-of-hmai/pytest-176/test_run_shell_concurrent_call0/work_0
2026-08-01 15:17:57,383 - pyiron_log - INFO - run_shell: workdir=/tmp/pytest-of-hmai/pytest-176/test_run_shell_concurrent_call0/work_1
2026-08-01 15:17:57,387 - pyiron_log - INFO - run_shell: workdir=/tmp/pytest-of-hmai/pytest-176/test_run_shell_concurrent_call0/work_2
2026-08-01 15:17:57,391 - pyiron_log - INFO - run_shell: workdir=/tmp/pytest-of-hmai/pytest-176/test_run_shell_concurrent_call0/work_3
2026-08-01 15:17:57,394 - pyiron_log - INFO - run_shell: workdir=/tmp/pytest-of-hmai/pytest-176/test_run_shell_concurrent_call0/work_0
2026-08-01 15:17:57,397 - pyiron_log - INFO - run_shell: workdir=/tmp/pytest-of-hmai/pytest-176/test_run_shell_concurrent_call0/work_1
2026-08-01 15:17:57,400 - pyiron_log - INFO - run_shell: workdir=/tmp/pytest-of-hmai/pytest-176/test_run_shell_concurrent_call0/work_2
2026-08-01 15:17:57,405 - pyiron_log - INFO - run_shell: workdir=/tmp/pytest-of-hmai/pytest-176/test_run_shell_concurrent_call0/work_3
2026-08-01 15:17:57,409 - pyiron_log - INFO - run_shell: workdir=/tmp/pytest-of-hmai/pytest-176/test_run_shell_concurrent_call0/work_0
2026-08-01 15:17:57,412 - pyiron_log - INFO - run_shell: workdir=/tmp/pytest-of-hmai/pytest-176/test_run_shell_concurrent_call0/work_1
2026-08-01 15:17:57,416 - pyiron_log - INFO - run_shell: workdir=/tmp/pytest-of-hmai/pytest-176/test_run_shell_concurrent_call0/work_2
2026-08-01 15:17:57,419 - pyiron_log - INFO - run_shell: workdir=/tmp/pytest-of-hmai/pytest-176/test_run_shell_concurrent_call0/work_3
2026-08-01 15:17:57,429 - pyiron_log - INFO - run_shell: workdir=/tmp/pytest-of-hmai/pytest-176/test_run_shell_concurrent_call0/work_0
2026-08-01 15:17:57,432 - pyiron_log - INFO - run_shell: workdir=/tmp/pytest-of-hmai/pytest-176/test_run_shell_concurrent_call0/work_1
2026-08-01 15:17:57,435 - pyiron_log - INFO - run_shell: workdir=/tmp/pytest-of-hmai/pytest-176/test_run_shell_concurrent_call0/work_2
2026-08-01 15:17:57,439 - pyiron_log - INFO - run_shell: workdir=/tmp/pytest-of-hmai/pytest-176/test_run_shell_concurrent_call0/work_3
2026-08-01 15:17:57,443 - pyiron_log - INFO - run_shell: workdir=/tmp/pytest-of-hmai/pytest-176/test_run_shell_concurrent_call0/work_0
2026-08-01 15:17:57,447 - pyiron_log - INFO - run_shell: workdir=/tmp/pytest-of-hmai/pytest-176/test_run_shell_concurrent_call0/work_1
2026-08-01 15:17:57,450 - pyiron_log - INFO - run_shell: workdir=/tmp/pytest-of-hmai/pytest-176/test_run_shell_concurrent_call0/work_2
2026-08-01 15:17:57,454 - pyiron_log - INFO - run_shell: workdir=/tmp/pytest-of-hmai/pytest-176/test_run_shell_concurrent_call0/work_3
2026-08-01 15:17:57,457 - pyiron_log - INFO - run_shell: workdir=/tmp/pytest-of-hmai/pytest-176/test_run_shell_concurrent_call0/work_0
2026-08-01 15:17:57,461 - pyiron_log - INFO - run_shell: workdir=/tmp/pytest-of-hmai/pytest-176/test_run_shell_concurrent_call0/work_1
2026-08-01 15:17:57,465 - pyiron_log - INFO - run_shell: workdir=/tmp/pytest-of-hmai/pytest-176/test_run_shell_concurrent_call0/work_2
2026-08-01 15:17:57,468 - pyiron_log - INFO - run_shell: workdir=/tmp/pytest-of-hmai/pytest-176/test_run_shell_concurrent_call0/work_3
2026-08-01 15:17:57,471 - pyiron_log - INFO - run_shell: workdir=/tmp/pytest-of-hmai/pytest-176/test_run_shell_concurrent_call0/work_0
2026-08-01 15:17:57,473 - pyiron_log - INFO - run_shell: workdir=/tmp/pytest-of-hmai/pytest-176/test_run_shell_concurrent_call0/work_1
2026-08-01 15:17:57,481 - pyiron_log - INFO - run_shell: workdir=/tmp/pytest-of-hmai/pytest-176/test_run_shell_concurrent_call0/work_2
2026-08-01 15:17:57,484 - pyiron_log - INFO - run_shell: workdir=/tmp/pytest-of-hmai/pytest-176/test_run_shell_concurrent_call0/work_3
2026-08-01 15:17:57,488 - pyiron_log - INFO - run_shell: workdir=/tmp/pytest-of-hmai/pytest-176/test_run_shell_concurrent_call0/work_0
2026-08-01 15:17:57,490 - pyiron_log - INFO - run_shell: workdir=/tmp/pytest-of-hmai/pytest-176/test_run_shell_concurrent_call0/work_1
2026-08-01 15:17:57,496 - pyiron_log - INFO - run_shell: workdir=/tmp/pytest-of-hmai/pytest-176/test_run_shell_concurrent_call0/work_2
2026-08-01 15:17:57,499 - pyiron_log - INFO - run_shell: workdir=/tmp/pytest-of-hmai/pytest-176/test_run_shell_concurrent_call0/work_3
2026-08-01 15:17:57,503 - pyiron_log - INFO - run_shell: workdir=/tmp/pytest-of-hmai/pytest-176/test_run_shell_concurrent_call0/work_0
2026-08-01 15:17:57,505 - pyiron_log - INFO - run_shell: workdir=/tmp/pytest-of-hmai/pytest-176/test_run_shell_concurrent_call0/work_1
2026-08-01 15:17:57,509 - pyiron_log - INFO - run_shell: workdir=/tmp/pytest-of-hmai/pytest-176/test_run_shell_concurrent_call0/work_2
2026-08-01 15:17:57,512 - pyiron_log - INFO - run_shell: workdir=/tmp/pytest-of-hmai/pytest-176/test_run_shell_concurrent_call0/work_3
2026-08-01 15:17:57,609 - pyiron_log - INFO - File '/tmp/pytest-of-hmai/pytest-176/test_is_line_in_file_missing_f0/no_such_file' not found.
2026-08-01 15:17:57,610 - pyiron_log - INFO - run_shell: workdir=/tmp/pytest-of-hmai/pytest-176/test_run_shell_propagates_subp0
2026-08-01 15:17:57,616 - pyiron_log - INFO - made directory '/tmp/pytest-of-hmai/pytest-176/test_vasp_job_runs_end_to_end0/calc'
2026-08-01 15:17:57,627 - pyiron_log - INFO - run_shell: workdir=/tmp/pytest-of-hmai/pytest-176/test_vasp_job_runs_end_to_end0/calc
2026-08-01 15:17:57,636 - pyiron_log - INFO - Deleted: /tmp/pytest-of-hmai/pytest-176/test_vasp_job_runs_end_to_end0/calc/CHGCAR
2026-08-01 15:17:57,645 - pyiron_log - INFO - made directory '/tmp/pytest-of-hmai/pytest-176/test_vasp_job_removes_calc_dir0/calc2'
2026-08-01 15:17:57,647 - pyiron_log - INFO - run_shell: workdir=/tmp/pytest-of-hmai/pytest-176/test_vasp_job_removes_calc_dir0/calc2
2026-08-01 15:17:57,675 - pyiron_log - INFO - made directory '/tmp/pytest-of-hmai/pytest-176/test_vasp_job_runs_without_fil0/calc3'
2026-08-01 15:17:57,678 - pyiron_log - INFO - run_shell: workdir=/tmp/pytest-of-hmai/pytest-176/test_vasp_job_runs_without_fil0/calc3
2026-08-01 15:17:57,691 - pyiron_log - INFO - made directory '/tmp/pytest-of-hmai/pytest-176/test_create_working_directory_0/fresh'
2026-08-01 15:18:10,282 - pyiron_log - INFO - Deleted: /tmp/pytest-of-hmai/pytest-177/test_delete_files_recursively_0/vaspcalc/CHGCAR
2026-08-01 15:18:10,283 - pyiron_log - INFO - Deleted: /tmp/pytest-of-hmai/pytest-177/test_delete_files_recursively_0/vaspcalc/WAVECAR
2026-08-01 15:18:10,285 - pyiron_log - INFO - Error: /tmp/pytest-of-hmai/pytest-177/test_delete_files_recursively_1/nope is not a valid directory.
2026-08-01 15:18:10,290 - pyiron_log - INFO - compress_directory: compressed directory at /tmp/pytest-of-hmai/pytest-177/test_compress_directory_create0/vaspcalc
2026-08-01 15:18:10,294 - pyiron_log - INFO - compress_directory: compressed directory at /tmp/pytest-of-hmai/pytest-177/test_compress_directory_member0/vaspcalc
2026-08-01 15:18:10,298 - pyiron_log - INFO - compress_directory: compressed directory at /tmp/pytest-of-hmai/pytest-177/test_compress_directory_exclud0/vaspcalc
2026-08-01 15:18:10,307 - pyiron_log - INFO - run_shell: workdir=/tmp/pytest-of-hmai/pytest-177/test_run_shell_executes_in_wor0/calc
2026-08-01 15:18:10,314 - pyiron_log - INFO - run_shell: workdir=/tmp/pytest-of-hmai/pytest-177/test_run_shell_does_not_mutate0/calc
2026-08-01 15:18:10,322 - pyiron_log - INFO - run_shell: workdir=/tmp/pytest-of-hmai/pytest-177/test_run_shell_captures_failur0/calc
2026-08-01 15:18:10,329 - pyiron_log - INFO - run_shell: workdir=/tmp/pytest-of-hmai/pytest-177/test_run_shell_preserves_argum0/calc
2026-08-01 15:18:10,339 - pyiron_log - INFO - run_shell: workdir=/tmp/pytest-of-hmai/pytest-177/test_run_shell_concurrent_call0/work_0
2026-08-01 15:18:10,342 - pyiron_log - INFO - run_shell: workdir=/tmp/pytest-of-hmai/pytest-177/test_run_shell_concurrent_call0/work_1
2026-08-01 15:18:10,345 - pyiron_log - INFO - run_shell: workdir=/tmp/pytest-of-hmai/pytest-177/test_run_shell_concurrent_call0/work_2
2026-08-01 15:18:10,349 - pyiron_log - INFO - run_shell: workdir=/tmp/pytest-of-hmai/pytest-177/test_run_shell_concurrent_call0/work_3
2026-08-01 15:18:10,354 - pyiron_log - INFO - run_shell: workdir=/tmp/pytest-of-hmai/pytest-177/test_run_shell_concurrent_call0/work_0
2026-08-01 15:18:10,358 - pyiron_log - INFO - run_shell: workdir=/tmp/pytest-of-hmai/pytest-177/test_run_shell_concurrent_call0/work_1
2026-08-01 15:18:10,361 - pyiron_log - INFO - run_shell: workdir=/tmp/pytest-of-hmai/pytest-177/test_run_shell_concurrent_call0/work_2
2026-08-01 15:18:10,364 - pyiron_log - INFO - run_shell: workdir=/tmp/pytest-of-hmai/pytest-177/test_run_shell_concurrent_call0/work_3
2026-08-01 15:18:10,368 - pyiron_log - INFO - run_shell: workdir=/tmp/pytest-of-hmai/pytest-177/test_run_shell_concurrent_call0/work_0
2026-08-01 15:18:10,376 - pyiron_log - INFO - run_shell: workdir=/tmp/pytest-of-hmai/pytest-177/test_run_shell_concurrent_call0/work_1
2026-08-01 15:18:10,380 - pyiron_log - INFO - run_shell: workdir=/tmp/pytest-of-hmai/pytest-177/test_run_shell_concurrent_call0/work_2
2026-08-01 15:18:10,383 - pyiron_log - INFO - run_shell: workdir=/tmp/pytest-of-hmai/pytest-177/test_run_shell_concurrent_call0/work_3
2026-08-01 15:18:10,387 - pyiron_log - INFO - run_shell: workdir=/tmp/pytest-of-hmai/pytest-177/test_run_shell_concurrent_call0/work_0
2026-08-01 15:18:10,390 - pyiron_log - INFO - run_shell: workdir=/tmp/pytest-of-hmai/pytest-177/test_run_shell_concurrent_call0/work_1
2026-08-01 15:18:10,394 - pyiron_log - INFO - run_shell: workdir=/tmp/pytest-of-hmai/pytest-177/test_run_shell_concurrent_call0/work_2
2026-08-01 15:18:10,398 - pyiron_log - INFO - run_shell: workdir=/tmp/pytest-of-hmai/pytest-177/test_run_shell_concurrent_call0/work_3
2026-08-01 15:18:10,402 - pyiron_log - INFO - run_shell: workdir=/tmp/pytest-of-hmai/pytest-177/test_run_shell_concurrent_call0/work_0
2026-08-01 15:18:10,406 - pyiron_log - INFO - run_shell: workdir=/tmp/pytest-of-hmai/pytest-177/test_run_shell_concurrent_call0/work_1
2026-08-01 15:18:10,409 - pyiron_log - INFO - run_shell: workdir=/tmp/pytest-of-hmai/pytest-177/test_run_shell_concurrent_call0/work_2
2026-08-01 15:18:10,413 - pyiron_log - INFO - run_shell: workdir=/tmp/pytest-of-hmai/pytest-177/test_run_shell_concurrent_call0/work_3
2026-08-01 15:18:10,417 - pyiron_log - INFO - run_shell: workdir=/tmp/pytest-of-hmai/pytest-177/test_run_shell_concurrent_call0/work_0
2026-08-01 15:18:10,421 - pyiron_log - INFO - run_shell: workdir=/tmp/pytest-of-hmai/pytest-177/test_run_shell_concurrent_call0/work_1
2026-08-01 15:18:10,425 - pyiron_log - INFO - run_shell: workdir=/tmp/pytest-of-hmai/pytest-177/test_run_shell_concurrent_call0/work_2
2026-08-01 15:18:10,427 - pyiron_log - INFO - run_shell: workdir=/tmp/pytest-of-hmai/pytest-177/test_run_shell_concurrent_call0/work_3
2026-08-01 15:18:10,439 - pyiron_log - INFO - run_shell: workdir=/tmp/pytest-of-hmai/pytest-177/test_run_shell_concurrent_call0/work_0
2026-08-01 15:18:10,441 - pyiron_log - INFO - run_shell: workdir=/tmp/pytest-of-hmai/pytest-177/test_run_shell_concurrent_call0/work_1
2026-08-01 15:18:10,444 - pyiron_log - INFO - run_shell: workdir=/tmp/pytest-of-hmai/pytest-177/test_run_shell_concurrent_call0/work_2
2026-08-01 15:18:10,448 - pyiron_log - INFO - run_shell: workdir=/tmp/pytest-of-hmai/pytest-177/test_run_shell_concurrent_call0/work_3
2026-08-01 15:18:10,454 - pyiron_log - INFO - run_shell: workdir=/tmp/pytest-of-hmai/pytest-177/test_run_shell_concurrent_call0/work_0
2026-08-01 15:18:10,458 - pyiron_log - INFO - run_shell: workdir=/tmp/pytest-of-hmai/pytest-177/test_run_shell_concurrent_call0/work_1
2026-08-01 15:18:10,461 - pyiron_log - INFO - run_shell: workdir=/tmp/pytest-of-hmai/pytest-177/test_run_shell_concurrent_call0/work_2
2026-08-01 15:18:10,464 - pyiron_log - INFO - run_shell: workdir=/tmp/pytest-of-hmai/pytest-177/test_run_shell_concurrent_call0/work_3
2026-08-01 15:18:10,468 - pyiron_log - INFO - run_shell: workdir=/tmp/pytest-of-hmai/pytest-177/test_run_shell_concurrent_call0/work_0
2026-08-01 15:18:10,472 - pyiron_log - INFO - run_shell: workdir=/tmp/pytest-of-hmai/pytest-177/test_run_shell_concurrent_call0/work_1
2026-08-01 15:18:10,476 - pyiron_log - INFO - run_shell: workdir=/tmp/pytest-of-hmai/pytest-177/test_run_shell_concurrent_call0/work_2
2026-08-01 15:18:10,480 - pyiron_log - INFO - run_shell: workdir=/tmp/pytest-of-hmai/pytest-177/test_run_shell_concurrent_call0/work_3
2026-08-01 15:18:10,484 - pyiron_log - INFO - run_shell: workdir=/tmp/pytest-of-hmai/pytest-177/test_run_shell_concurrent_call0/work_0
2026-08-01 15:18:10,488 - pyiron_log - INFO - run_shell: workdir=/tmp/pytest-of-hmai/pytest-177/test_run_shell_concurrent_call0/work_1
2026-08-01 15:18:10,492 - pyiron_log - INFO - run_shell: workdir=/tmp/pytest-of-hmai/pytest-177/test_run_shell_concurrent_call0/work_2
2026-08-01 15:18:10,496 - pyiron_log - INFO - run_shell: workdir=/tmp/pytest-of-hmai/pytest-177/test_run_shell_concurrent_call0/work_3
2026-08-01 15:18:10,499 - pyiron_log - INFO - run_shell: workdir=/tmp/pytest-of-hmai/pytest-177/test_run_shell_concurrent_call0/work_0
2026-08-01 15:18:10,503 - pyiron_log - INFO - run_shell: workdir=/tmp/pytest-of-hmai/pytest-177/test_run_shell_concurrent_call0/work_1
2026-08-01 15:18:10,506 - pyiron_log - INFO - run_shell: workdir=/tmp/pytest-of-hmai/pytest-177/test_run_shell_concurrent_call0/work_2
2026-08-01 15:18:10,511 - pyiron_log - INFO - run_shell: workdir=/tmp/pytest-of-hmai/pytest-177/test_run_shell_concurrent_call0/work_3
2026-08-01 15:18:10,517 - pyiron_log - INFO - run_shell: workdir=/tmp/pytest-of-hmai/pytest-177/test_run_shell_concurrent_call0/work_0
2026-08-01 15:18:10,520 - pyiron_log - INFO - run_shell: workdir=/tmp/pytest-of-hmai/pytest-177/test_run_shell_concurrent_call0/work_1
2026-08-01 15:18:10,523 - pyiron_log - INFO - run_shell: workdir=/tmp/pytest-of-hmai/pytest-177/test_run_shell_concurrent_call0/work_2
2026-08-01 15:18:10,528 - pyiron_log - INFO - run_shell: workdir=/tmp/pytest-of-hmai/pytest-177/test_run_shell_concurrent_call0/work_3
2026-08-01 15:18:10,538 - pyiron_log - INFO - run_shell: workdir=/tmp/pytest-of-hmai/pytest-177/test_run_shell_concurrent_call0/work_0
2026-08-01 15:18:10,541 - pyiron_log - INFO - run_shell: workdir=/tmp/pytest-of-hmai/pytest-177/test_run_shell_concurrent_call0/work_1
2026-08-01 15:18:10,544 - pyiron_log - INFO - run_shell: workdir=/tmp/pytest-of-hmai/pytest-177/test_run_shell_concurrent_call0/work_2
2026-08-01 15:18:10,547 - pyiron_log - INFO - run_shell: workdir=/tmp/pytest-of-hmai/pytest-177/test_run_shell_concurrent_call0/work_3
2026-08-01 15:18:10,556 - pyiron_log - INFO - run_shell: workdir=/tmp/pytest-of-hmai/pytest-177/test_run_shell_concurrent_call0/work_0
2026-08-01 15:18:10,559 - pyiron_log - INFO - run_shell: workdir=/tmp/pytest-of-hmai/pytest-177/test_run_shell_concurrent_call0/work_1
2026-08-01 15:18:10,562 - pyiron_log - INFO - run_shell: workdir=/tmp/pytest-of-hmai/pytest-177/test_run_shell_concurrent_call0/work_2
2026-08-01 15:18:10,565 - pyiron_log - INFO - run_shell: workdir=/tmp/pytest-of-hmai/pytest-177/test_run_shell_concurrent_call0/work_3
2026-08-01 15:18:10,569 - pyiron_log - INFO - run_shell: workdir=/tmp/pytest-of-hmai/pytest-177/test_run_shell_concurrent_call0/work_0
2026-08-01 15:18:10,574 - pyiron_log - INFO - run_shell: workdir=/tmp/pytest-of-hmai/pytest-177/test_run_shell_concurrent_call0/work_1
2026-08-01 15:18:10,577 - pyiron_log - INFO - run_shell: workdir=/tmp/pytest-of-hmai/pytest-177/test_run_shell_concurrent_call0/work_2
2026-08-01 15:18:10,581 - pyiron_log - INFO - run_shell: workdir=/tmp/pytest-of-hmai/pytest-177/test_run_shell_concurrent_call0/work_3
2026-08-01 15:18:10,584 - pyiron_log - INFO - run_shell: workdir=/tmp/pytest-of-hmai/pytest-177/test_run_shell_concurrent_call0/work_0
2026-08-01 15:18:10,589 - pyiron_log - INFO - run_shell: workdir=/tmp/pytest-of-hmai/pytest-177/test_run_shell_concurrent_call0/work_1
2026-08-01 15:18:10,593 - pyiron_log - INFO - run_shell: workdir=/tmp/pytest-of-hmai/pytest-177/test_run_shell_concurrent_call0/work_2
2026-08-01 15:18:10,597 - pyiron_log - INFO - run_shell: workdir=/tmp/pytest-of-hmai/pytest-177/test_run_shell_concurrent_call0/work_3
2026-08-01 15:18:10,599 - pyiron_log - INFO - run_shell: workdir=/tmp/pytest-of-hmai/pytest-177/test_run_shell_concurrent_call0/work_0
2026-08-01 15:18:10,602 - pyiron_log - INFO - run_shell: workdir=/tmp/pytest-of-hmai/pytest-177/test_run_shell_concurrent_call0/work_1
2026-08-01 15:18:10,605 - pyiron_log - INFO - run_shell: workdir=/tmp/pytest-of-hmai/pytest-177/test_run_shell_concurrent_call0/work_2
2026-08-01 15:18:10,613 - pyiron_log - INFO - run_shell: workdir=/tmp/pytest-of-hmai/pytest-177/test_run_shell_concurrent_call0/work_3
2026-08-01 15:18:10,617 - pyiron_log - INFO - run_shell: workdir=/tmp/pytest-of-hmai/pytest-177/test_run_shell_concurrent_call0/work_0
2026-08-01 15:18:10,619 - pyiron_log - INFO - run_shell: workdir=/tmp/pytest-of-hmai/pytest-177/test_run_shell_concurrent_call0/work_1
2026-08-01 15:18:10,622 - pyiron_log - INFO - run_shell: workdir=/tmp/pytest-of-hmai/pytest-177/test_run_shell_concurrent_call0/work_2
2026-08-01 15:18:10,630 - pyiron_log - INFO - run_shell: workdir=/tmp/pytest-of-hmai/pytest-177/test_run_shell_concurrent_call0/work_3
2026-08-01 15:18:10,640 - pyiron_log - INFO - run_shell: workdir=/tmp/pytest-of-hmai/pytest-177/test_run_shell_concurrent_call0/work_0
2026-08-01 15:18:10,643 - pyiron_log - INFO - run_shell: workdir=/tmp/pytest-of-hmai/pytest-177/test_run_shell_concurrent_call0/work_1
2026-08-01 15:18:10,646 - pyiron_log - INFO - run_shell: workdir=/tmp/pytest-of-hmai/pytest-177/test_run_shell_concurrent_call0/work_2
2026-08-01 15:18:10,649 - pyiron_log - INFO - run_shell: workdir=/tmp/pytest-of-hmai/pytest-177/test_run_shell_concurrent_call0/work_3
2026-08-01 15:18:10,658 - pyiron_log - INFO - run_shell: workdir=/tmp/pytest-of-hmai/pytest-177/test_run_shell_concurrent_call0/work_0
2026-08-01 15:18:10,661 - pyiron_log - INFO - run_shell: workdir=/tmp/pytest-of-hmai/pytest-177/test_run_shell_concurrent_call0/work_1
2026-08-01 15:18:10,665 - pyiron_log - INFO - run_shell: workdir=/tmp/pytest-of-hmai/pytest-177/test_run_shell_concurrent_call0/work_2
2026-08-01 15:18:10,668 - pyiron_log - INFO - run_shell: workdir=/tmp/pytest-of-hmai/pytest-177/test_run_shell_concurrent_call0/work_3
2026-08-01 15:18:10,673 - pyiron_log - INFO - run_shell: workdir=/tmp/pytest-of-hmai/pytest-177/test_run_shell_concurrent_call0/work_0
2026-08-01 15:18:10,677 - pyiron_log - INFO - run_shell: workdir=/tmp/pytest-of-hmai/pytest-177/test_run_shell_concurrent_call0/work_1
2026-08-01 15:18:10,679 - pyiron_log - INFO - run_shell: workdir=/tmp/pytest-of-hmai/pytest-177/test_run_shell_concurrent_call0/work_2
2026-08-01 15:18:10,683 - pyiron_log - INFO - run_shell: workdir=/tmp/pytest-of-hmai/pytest-177/test_run_shell_concurrent_call0/work_3
2026-08-01 15:18:10,686 - pyiron_log - INFO - run_shell: workdir=/tmp/pytest-of-hmai/pytest-177/test_run_shell_concurrent_call0/work_0
2026-08-01 15:18:10,693 - pyiron_log - INFO - run_shell: workdir=/tmp/pytest-of-hmai/pytest-177/test_run_shell_concurrent_call0/work_1
2026-08-01 15:18:10,696 - pyiron_log - INFO - run_shell: workdir=/tmp/pytest-of-hmai/pytest-177/test_run_shell_concurrent_call0/work_2
2026-08-01 15:18:10,700 - pyiron_log - INFO - run_shell: workdir=/tmp/pytest-of-hmai/pytest-177/test_run_shell_concurrent_call0/work_3
2026-08-01 15:18:10,703 - pyiron_log - INFO - run_shell: workdir=/tmp/pytest-of-hmai/pytest-177/test_run_shell_concurrent_call0/work_0
2026-08-01 15:18:10,707 - pyiron_log - INFO - run_shell: workdir=/tmp/pytest-of-hmai/pytest-177/test_run_shell_concurrent_call0/work_1
2026-08-01 15:18:10,712 - pyiron_log - INFO - run_shell: workdir=/tmp/pytest-of-hmai/pytest-177/test_run_shell_concurrent_call0/work_2
2026-08-01 15:18:10,716 - pyiron_log - INFO - run_shell: workdir=/tmp/pytest-of-hmai/pytest-177/test_run_shell_concurrent_call0/work_3
2026-08-01 15:18:10,718 - pyiron_log - INFO - run_shell: workdir=/tmp/pytest-of-hmai/pytest-177/test_run_shell_concurrent_call0/work_0
2026-08-01 15:18:10,723 - pyiron_log - INFO - run_shell: workdir=/tmp/pytest-of-hmai/pytest-177/test_run_shell_concurrent_call0/work_1
2026-08-01 15:18:10,726 - pyiron_log - INFO - run_shell: workdir=/tmp/pytest-of-hmai/pytest-177/test_run_shell_concurrent_call0/work_2
2026-08-01 15:18:10,731 - pyiron_log - INFO - run_shell: workdir=/tmp/pytest-of-hmai/pytest-177/test_run_shell_concurrent_call0/work_3
2026-08-01 15:18:10,741 - pyiron_log - INFO - run_shell: workdir=/tmp/pytest-of-hmai/pytest-177/test_run_shell_concurrent_call0/work_0
2026-08-01 15:18:10,744 - pyiron_log - INFO - run_shell: workdir=/tmp/pytest-of-hmai/pytest-177/test_run_shell_concurrent_call0/work_1
2026-08-01 15:18:10,747 - pyiron_log - INFO - run_shell: workdir=/tmp/pytest-of-hmai/pytest-177/test_run_shell_concurrent_call0/work_2
2026-08-01 15:18:10,752 - pyiron_log - INFO - run_shell: workdir=/tmp/pytest-of-hmai/pytest-177/test_run_shell_concurrent_call0/work_3
2026-08-01 15:18:10,757 - pyiron_log - INFO - run_shell: workdir=/tmp/pytest-of-hmai/pytest-177/test_run_shell_concurrent_call0/work_0
2026-08-01 15:18:10,760 - pyiron_log - INFO - run_shell: workdir=/tmp/pytest-of-hmai/pytest-177/test_run_shell_concurrent_call0/work_1
2026-08-01 15:18:10,764 - pyiron_log - INFO - run_shell: workdir=/tmp/pytest-of-hmai/pytest-177/test_run_shell_concurrent_call0/work_2
2026-08-01 15:18:10,766 - pyiron_log - INFO - run_shell: workdir=/tmp/pytest-of-hmai/pytest-177/test_run_shell_concurrent_call0/work_3
2026-08-01 15:18:10,771 - pyiron_log - INFO - run_shell: workdir=/tmp/pytest-of-hmai/pytest-177/test_run_shell_concurrent_call0/work_0
2026-08-01 15:18:10,776 - pyiron_log - INFO - run_shell: workdir=/tmp/pytest-of-hmai/pytest-177/test_run_shell_concurrent_call0/work_1
2026-08-01 15:18:10,779 - pyiron_log - INFO - run_shell: workdir=/tmp/pytest-of-hmai/pytest-177/test_run_shell_concurrent_call0/work_2
2026-08-01 15:18:10,783 - pyiron_log - INFO - run_shell: workdir=/tmp/pytest-of-hmai/pytest-177/test_run_shell_concurrent_call0/work_3
2026-08-01 15:18:10,787 - pyiron_log - INFO - run_shell: workdir=/tmp/pytest-of-hmai/pytest-177/test_run_shell_concurrent_call0/work_0
2026-08-01 15:18:10,791 - pyiron_log - INFO - run_shell: workdir=/tmp/pytest-of-hmai/pytest-177/test_run_shell_concurrent_call0/work_1
2026-08-01 15:18:10,795 - pyiron_log - INFO - run_shell: workdir=/tmp/pytest-of-hmai/pytest-177/test_run_shell_concurrent_call0/work_2
2026-08-01 15:18:10,798 - pyiron_log - INFO - run_shell: workdir=/tmp/pytest-of-hmai/pytest-177/test_run_shell_concurrent_call0/work_3
2026-08-01 15:18:10,802 - pyiron_log - INFO - run_shell: workdir=/tmp/pytest-of-hmai/pytest-177/test_run_shell_concurrent_call0/work_0
2026-08-01 15:18:10,805 - pyiron_log - INFO - run_shell: workdir=/tmp/pytest-of-hmai/pytest-177/test_run_shell_concurrent_call0/work_1
2026-08-01 15:18:10,809 - pyiron_log - INFO - run_shell: workdir=/tmp/pytest-of-hmai/pytest-177/test_run_shell_concurrent_call0/work_2
2026-08-01 15:18:10,812 - pyiron_log - INFO - run_shell: workdir=/tmp/pytest-of-hmai/pytest-177/test_run_shell_concurrent_call0/work_3
2026-08-01 15:18:10,815 - pyiron_log - INFO - run_shell: workdir=/tmp/pytest-of-hmai/pytest-177/test_run_shell_concurrent_call0/work_0
2026-08-01 15:18:10,818 - pyiron_log - INFO - run_shell: workdir=/tmp/pytest-of-hmai/pytest-177/test_run_shell_concurrent_call0/work_1
2026-08-01 15:18:10,821 - pyiron_log - INFO - run_shell: workdir=/tmp/pytest-of-hmai/pytest-177/test_run_shell_concurrent_call0/work_2
2026-08-01 15:18:10,829 - pyiron_log - INFO - run_shell: workdir=/tmp/pytest-of-hmai/pytest-177/test_run_shell_concurrent_call0/work_3
2026-08-01 15:18:10,922 - pyiron_log - INFO - File '/tmp/pytest-of-hmai/pytest-177/test_is_line_in_file_missing_f0/no_such_file' not found.
2026-08-01 15:18:10,923 - pyiron_log - INFO - run_shell: workdir=/tmp/pytest-of-hmai/pytest-177/test_run_shell_propagates_subp0
2026-08-01 15:18:10,929 - pyiron_log - INFO - made directory '/tmp/pytest-of-hmai/pytest-177/test_vasp_job_runs_end_to_end0/calc'
2026-08-01 15:18:10,943 - pyiron_log - INFO - run_shell: workdir=/tmp/pytest-of-hmai/pytest-177/test_vasp_job_runs_end_to_end0/calc
2026-08-01 15:18:10,951 - pyiron_log - INFO - Deleted: /tmp/pytest-of-hmai/pytest-177/test_vasp_job_runs_end_to_end0/calc/CHGCAR
2026-08-01 15:18:10,961 - pyiron_log - INFO - made directory '/tmp/pytest-of-hmai/pytest-177/test_vasp_job_removes_calc_dir0/calc2'
2026-08-01 15:18:10,964 - pyiron_log - INFO - run_shell: workdir=/tmp/pytest-of-hmai/pytest-177/test_vasp_job_removes_calc_dir0/calc2
2026-08-01 15:18:10,992 - pyiron_log - INFO - made directory '/tmp/pytest-of-hmai/pytest-177/test_vasp_job_runs_without_fil0/calc3'
2026-08-01 15:18:10,995 - pyiron_log - INFO - run_shell: workdir=/tmp/pytest-of-hmai/pytest-177/test_vasp_job_runs_without_fil0/calc3
2026-08-01 15:18:11,008 - pyiron_log - INFO - made directory '/tmp/pytest-of-hmai/pytest-177/test_create_working_directory_0/fresh'
2026-08-01 15:21:36,024 - pyiron_log - INFO - Deleted: /tmp/pytest-of-hmai/pytest-178/test_delete_files_recursively_0/vaspcalc/CHGCAR
2026-08-01 15:21:36,025 - pyiron_log - INFO - Deleted: /tmp/pytest-of-hmai/pytest-178/test_delete_files_recursively_0/vaspcalc/WAVECAR
2026-08-01 15:21:36,026 - pyiron_log - INFO - Error: /tmp/pytest-of-hmai/pytest-178/test_delete_files_recursively_1/nope is not a valid directory.
2026-08-01 15:21:36,031 - pyiron_log - INFO - compress_directory: compressed directory at /tmp/pytest-of-hmai/pytest-178/test_compress_directory_create0/vaspcalc
2026-08-01 15:21:36,034 - pyiron_log - INFO - compress_directory: compressed directory at /tmp/pytest-of-hmai/pytest-178/test_compress_directory_member0/vaspcalc
2026-08-01 15:21:36,038 - pyiron_log - INFO - compress_directory: compressed directory at /tmp/pytest-of-hmai/pytest-178/test_compress_directory_exclud0/vaspcalc
2026-08-01 15:21:36,046 - pyiron_log - INFO - run_shell: workdir=/tmp/pytest-of-hmai/pytest-178/test_run_shell_executes_in_wor0/calc
2026-08-01 15:21:36,066 - pyiron_log - INFO - run_shell: workdir=/tmp/pytest-of-hmai/pytest-178/test_run_shell_does_not_mutate0/calc
2026-08-01 15:21:36,083 - pyiron_log - INFO - run_shell: workdir=/tmp/pytest-of-hmai/pytest-178/test_run_shell_captures_failur0/calc
2026-08-01 15:21:36,091 - pyiron_log - INFO - run_shell: workdir=/tmp/pytest-of-hmai/pytest-178/test_run_shell_preserves_argum0/calc
2026-08-01 15:21:36,100 - pyiron_log - INFO - run_shell: workdir=/tmp/pytest-of-hmai/pytest-178/test_run_shell_concurrent_call0/work_0
2026-08-01 15:21:36,103 - pyiron_log - INFO - run_shell: workdir=/tmp/pytest-of-hmai/pytest-178/test_run_shell_concurrent_call0/work_1
2026-08-01 15:21:36,106 - pyiron_log - INFO - run_shell: workdir=/tmp/pytest-of-hmai/pytest-178/test_run_shell_concurrent_call0/work_2
2026-08-01 15:21:36,110 - pyiron_log - INFO - run_shell: workdir=/tmp/pytest-of-hmai/pytest-178/test_run_shell_concurrent_call0/work_3
2026-08-01 15:21:36,115 - pyiron_log - INFO - run_shell: workdir=/tmp/pytest-of-hmai/pytest-178/test_run_shell_concurrent_call0/work_0
2026-08-01 15:21:36,119 - pyiron_log - INFO - run_shell: workdir=/tmp/pytest-of-hmai/pytest-178/test_run_shell_concurrent_call0/work_1
2026-08-01 15:21:36,122 - pyiron_log - INFO - run_shell: workdir=/tmp/pytest-of-hmai/pytest-178/test_run_shell_concurrent_call0/work_2
2026-08-01 15:21:36,125 - pyiron_log - INFO - run_shell: workdir=/tmp/pytest-of-hmai/pytest-178/test_run_shell_concurrent_call0/work_3
2026-08-01 15:21:36,128 - pyiron_log - INFO - run_shell: workdir=/tmp/pytest-of-hmai/pytest-178/test_run_shell_concurrent_call0/work_0
2026-08-01 15:21:36,131 - pyiron_log - INFO - run_shell: workdir=/tmp/pytest-of-hmai/pytest-178/test_run_shell_concurrent_call0/work_1
2026-08-01 15:21:36,136 - pyiron_log - INFO - run_shell: workdir=/tmp/pytest-of-hmai/pytest-178/test_run_shell_concurrent_call0/work_2
2026-08-01 15:21:36,139 - pyiron_log - INFO - run_shell: workdir=/tmp/pytest-of-hmai/pytest-178/test_run_shell_concurrent_call0/work_3
2026-08-01 15:21:36,143 - pyiron_log - INFO - run_shell: workdir=/tmp/pytest-of-hmai/pytest-178/test_run_shell_concurrent_call0/work_0
2026-08-01 15:21:36,145 - pyiron_log - INFO - run_shell: workdir=/tmp/pytest-of-hmai/pytest-178/test_run_shell_concurrent_call0/work_1
2026-08-01 15:21:36,149 - pyiron_log - INFO - run_shell: workdir=/tmp/pytest-of-hmai/pytest-178/test_run_shell_concurrent_call0/work_2
2026-08-01 15:21:36,152 - pyiron_log - INFO - run_shell: workdir=/tmp/pytest-of-hmai/pytest-178/test_run_shell_concurrent_call0/work_3
2026-08-01 15:21:36,156 - pyiron_log - INFO - run_shell: workdir=/tmp/pytest-of-hmai/pytest-178/test_run_shell_concurrent_call0/work_0
2026-08-01 15:21:36,159 - pyiron_log - INFO - run_shell: workdir=/tmp/pytest-of-hmai/pytest-178/test_run_shell_concurrent_call0/work_1
2026-08-01 15:21:36,164 - pyiron_log - INFO - run_shell: workdir=/tmp/pytest-of-hmai/pytest-178/test_run_shell_concurrent_call0/work_2
2026-08-01 15:21:36,168 - pyiron_log - INFO - run_shell: workdir=/tmp/pytest-of-hmai/pytest-178/test_run_shell_concurrent_call0/work_3
2026-08-01 15:21:36,171 - pyiron_log - INFO - run_shell: workdir=/tmp/pytest-of-hmai/pytest-178/test_run_shell_concurrent_call0/work_0
2026-08-01 15:21:36,174 - pyiron_log - INFO - run_shell: workdir=/tmp/pytest-of-hmai/pytest-178/test_run_shell_concurrent_call0/work_1
2026-08-01 15:21:36,176 - pyiron_log - INFO - run_shell: workdir=/tmp/pytest-of-hmai/pytest-178/test_run_shell_concurrent_call0/work_2
2026-08-01 15:21:36,180 - pyiron_log - INFO - run_shell: workdir=/tmp/pytest-of-hmai/pytest-178/test_run_shell_concurrent_call0/work_3
2026-08-01 15:21:36,191 - pyiron_log - INFO - run_shell: workdir=/tmp/pytest-of-hmai/pytest-178/test_run_shell_concurrent_call0/work_0
2026-08-01 15:21:36,193 - pyiron_log - INFO - run_shell: workdir=/tmp/pytest-of-hmai/pytest-178/test_run_shell_concurrent_call0/work_1
2026-08-01 15:21:36,196 - pyiron_log - INFO - run_shell: workdir=/tmp/pytest-of-hmai/pytest-178/test_run_shell_concurrent_call0/work_2
2026-08-01 15:21:36,200 - pyiron_log - INFO - run_shell: workdir=/tmp/pytest-of-hmai/pytest-178/test_run_shell_concurrent_call0/work_3
2026-08-01 15:21:36,204 - pyiron_log - INFO - run_shell: workdir=/tmp/pytest-of-hmai/pytest-178/test_run_shell_concurrent_call0/work_0
2026-08-01 15:21:36,208 - pyiron_log - INFO - run_shell: workdir=/tmp/pytest-of-hmai/pytest-178/test_run_shell_concurrent_call0/work_1
2026-08-01 15:21:36,211 - pyiron_log - INFO - run_shell: workdir=/tmp/pytest-of-hmai/pytest-178/test_run_shell_concurrent_call0/work_2
2026-08-01 15:21:36,214 - pyiron_log - INFO - run_shell: workdir=/tmp/pytest-of-hmai/pytest-178/test_run_shell_concurrent_call0/work_3
2026-08-01 15:21:36,218 - pyiron_log - INFO - run_shell: workdir=/tmp/pytest-of-hmai/pytest-178/test_run_shell_concurrent_call0/work_0
2026-08-01 15:21:36,222 - pyiron_log - INFO - run_shell: workdir=/tmp/pytest-of-hmai/pytest-178/test_run_shell_concurrent_call0/work_1
2026-08-01 15:21:36,226 - pyiron_log - INFO - run_shell: workdir=/tmp/pytest-of-hmai/pytest-178/test_run_shell_concurrent_call0/work_2
2026-08-01 15:21:36,228 - pyiron_log - INFO - run_shell: workdir=/tmp/pytest-of-hmai/pytest-178/test_run_shell_concurrent_call0/work_3
2026-08-01 15:21:36,232 - pyiron_log - INFO - run_shell: workdir=/tmp/pytest-of-hmai/pytest-178/test_run_shell_concurrent_call0/work_0
2026-08-01 15:21:36,235 - pyiron_log - INFO - run_shell: workdir=/tmp/pytest-of-hmai/pytest-178/test_run_shell_concurrent_call0/work_1
2026-08-01 15:21:36,240 - pyiron_log - INFO - run_shell: workdir=/tmp/pytest-of-hmai/pytest-178/test_run_shell_concurrent_call0/work_2
2026-08-01 15:21:36,244 - pyiron_log - INFO - run_shell: workdir=/tmp/pytest-of-hmai/pytest-178/test_run_shell_concurrent_call0/work_3
2026-08-01 15:21:36,247 - pyiron_log - INFO - run_shell: workdir=/tmp/pytest-of-hmai/pytest-178/test_run_shell_concurrent_call0/work_0
2026-08-01 15:21:36,250 - pyiron_log - INFO - run_shell: workdir=/tmp/pytest-of-hmai/pytest-178/test_run_shell_concurrent_call0/work_1
2026-08-01 15:21:36,253 - pyiron_log - INFO - run_shell: workdir=/tmp/pytest-of-hmai/pytest-178/test_run_shell_concurrent_call0/work_2
2026-08-01 15:21:36,256 - pyiron_log - INFO - run_shell: workdir=/tmp/pytest-of-hmai/pytest-178/test_run_shell_concurrent_call0/work_3
2026-08-01 15:21:36,261 - pyiron_log - INFO - run_shell: workdir=/tmp/pytest-of-hmai/pytest-178/test_run_shell_concurrent_call0/work_0
2026-08-01 15:21:36,264 - pyiron_log - INFO - run_shell: workdir=/tmp/pytest-of-hmai/pytest-178/test_run_shell_concurrent_call0/work_1
2026-08-01 15:21:36,267 - pyiron_log - INFO - run_shell: workdir=/tmp/pytest-of-hmai/pytest-178/test_run_shell_concurrent_call0/work_2
2026-08-01 15:21:36,271 - pyiron_log - INFO - run_shell: workdir=/tmp/pytest-of-hmai/pytest-178/test_run_shell_concurrent_call0/work_3
2026-08-01 15:21:36,281 - pyiron_log - INFO - run_shell: workdir=/tmp/pytest-of-hmai/pytest-178/test_run_shell_concurrent_call0/work_0
2026-08-01 15:21:36,283 - pyiron_log - INFO - run_shell: workdir=/tmp/pytest-of-hmai/pytest-178/test_run_shell_concurrent_call0/work_1
2026-08-01 15:21:36,286 - pyiron_log - INFO - run_shell: workdir=/tmp/pytest-of-hmai/pytest-178/test_run_shell_concurrent_call0/work_2
2026-08-01 15:21:36,293 - pyiron_log - INFO - run_shell: workdir=/tmp/pytest-of-hmai/pytest-178/test_run_shell_concurrent_call0/work_3
2026-08-01 15:21:36,298 - pyiron_log - INFO - run_shell: workdir=/tmp/pytest-of-hmai/pytest-178/test_run_shell_concurrent_call0/work_0
2026-08-01 15:21:36,300 - pyiron_log - INFO - run_shell: workdir=/tmp/pytest-of-hmai/pytest-178/test_run_shell_concurrent_call0/work_1
2026-08-01 15:21:36,303 - pyiron_log - INFO - run_shell: workdir=/tmp/pytest-of-hmai/pytest-178/test_run_shell_concurrent_call0/work_2
2026-08-01 15:21:36,307 - pyiron_log - INFO - run_shell: workdir=/tmp/pytest-of-hmai/pytest-178/test_run_shell_concurrent_call0/work_3
2026-08-01 15:21:36,311 - pyiron_log - INFO - run_shell: workdir=/tmp/pytest-of-hmai/pytest-178/test_run_shell_concurrent_call0/work_0
2026-08-01 15:21:36,315 - pyiron_log - INFO - run_shell: workdir=/tmp/pytest-of-hmai/pytest-178/test_run_shell_concurrent_call0/work_1
2026-08-01 15:21:36,318 - pyiron_log - INFO - run_shell: workdir=/tmp/pytest-of-hmai/pytest-178/test_run_shell_concurrent_call0/work_2
2026-08-01 15:21:36,321 - pyiron_log - INFO - run_shell: workdir=/tmp/pytest-of-hmai/pytest-178/test_run_shell_concurrent_call0/work_3
2026-08-01 15:21:36,324 - pyiron_log - INFO - run_shell: workdir=/tmp/pytest-of-hmai/pytest-178/test_run_shell_concurrent_call0/work_0
2026-08-01 15:21:36,327 - pyiron_log - INFO - run_shell: workdir=/tmp/pytest-of-hmai/pytest-178/test_run_shell_concurrent_call0/work_1
2026-08-01 15:21:36,332 - pyiron_log - INFO - run_shell: workdir=/tmp/pytest-of-hmai/pytest-178/test_run_shell_concurrent_call0/work_2
2026-08-01 15:21:36,336 - pyiron_log - INFO - run_shell: workdir=/tmp/pytest-of-hmai/pytest-178/test_run_shell_concurrent_call0/work_3
2026-08-01 15:21:36,338 - pyiron_log - INFO - run_shell: workdir=/tmp/pytest-of-hmai/pytest-178/test_run_shell_concurrent_call0/work_0
2026-08-01 15:21:36,341 - pyiron_log - INFO - run_shell: workdir=/tmp/pytest-of-hmai/pytest-178/test_run_shell_concurrent_call0/work_1
2026-08-01 15:21:36,345 - pyiron_log - INFO - run_shell: workdir=/tmp/pytest-of-hmai/pytest-178/test_run_shell_concurrent_call0/work_2
2026-08-01 15:21:36,348 - pyiron_log - INFO - run_shell: workdir=/tmp/pytest-of-hmai/pytest-178/test_run_shell_concurrent_call0/work_3
2026-08-01 15:21:36,352 - pyiron_log - INFO - run_shell: workdir=/tmp/pytest-of-hmai/pytest-178/test_run_shell_concurrent_call0/work_0
2026-08-01 15:21:36,356 - pyiron_log - INFO - run_shell: workdir=/tmp/pytest-of-hmai/pytest-178/test_run_shell_concurrent_call0/work_1
2026-08-01 15:21:36,359 - pyiron_log - INFO - run_shell: workdir=/tmp/pytest-of-hmai/pytest-178/test_run_shell_concurrent_call0/work_2
2026-08-01 15:21:36,363 - pyiron_log - INFO - run_shell: workdir=/tmp/pytest-of-hmai/pytest-178/test_run_shell_concurrent_call0/work_3
2026-08-01 15:21:36,372 - pyiron_log - INFO - run_shell: workdir=/tmp/pytest-of-hmai/pytest-178/test_run_shell_concurrent_call0/work_0
2026-08-01 15:21:36,375 - pyiron_log - INFO - run_shell: workdir=/tmp/pytest-of-hmai/pytest-178/test_run_shell_concurrent_call0/work_1
2026-08-01 15:21:36,378 - pyiron_log - INFO - run_shell: workdir=/tmp/pytest-of-hmai/pytest-178/test_run_shell_concurrent_call0/work_2
2026-08-01 15:21:36,381 - pyiron_log - INFO - run_shell: workdir=/tmp/pytest-of-hmai/pytest-178/test_run_shell_concurrent_call0/work_3
2026-08-01 15:21:36,387 - pyiron_log - INFO - run_shell: workdir=/tmp/pytest-of-hmai/pytest-178/test_run_shell_concurrent_call0/work_0
2026-08-01 15:21:36,390 - pyiron_log - INFO - run_shell: workdir=/tmp/pytest-of-hmai/pytest-178/test_run_shell_concurrent_call0/work_1
2026-08-01 15:21:36,393 - pyiron_log - INFO - run_shell: workdir=/tmp/pytest-of-hmai/pytest-178/test_run_shell_concurrent_call0/work_2
2026-08-01 15:21:36,397 - pyiron_log - INFO - run_shell: workdir=/tmp/pytest-of-hmai/pytest-178/test_run_shell_concurrent_call0/work_3
2026-08-01 15:21:36,400 - pyiron_log - INFO - run_shell: workdir=/tmp/pytest-of-hmai/pytest-178/test_run_shell_concurrent_call0/work_0
2026-08-01 15:21:36,404 - pyiron_log - INFO - run_shell: workdir=/tmp/pytest-of-hmai/pytest-178/test_run_shell_concurrent_call0/work_1
2026-08-01 15:21:36,408 - pyiron_log - INFO - run_shell: workdir=/tmp/pytest-of-hmai/pytest-178/test_run_shell_concurrent_call0/work_2
2026-08-01 15:21:36,411 - pyiron_log - INFO - run_shell: workdir=/tmp/pytest-of-hmai/pytest-178/test_run_shell_concurrent_call0/work_3
2026-08-01 15:21:36,414 - pyiron_log - INFO - run_shell: workdir=/tmp/pytest-of-hmai/pytest-178/test_run_shell_concurrent_call0/work_0
2026-08-01 15:21:36,416 - pyiron_log - INFO - run_shell: workdir=/tmp/pytest-of-hmai/pytest-178/test_run_shell_concurrent_call0/work_1
2026-08-01 15:21:36,421 - pyiron_log - INFO - run_shell: workdir=/tmp/pytest-of-hmai/pytest-178/test_run_shell_concurrent_call0/work_2
2026-08-01 15:21:36,425 - pyiron_log - INFO - run_shell: workdir=/tmp/pytest-of-hmai/pytest-178/test_run_shell_concurrent_call0/work_3
2026-08-01 15:21:36,428 - pyiron_log - INFO - run_shell: workdir=/tmp/pytest-of-hmai/pytest-178/test_run_shell_concurrent_call0/work_0
2026-08-01 15:21:36,432 - pyiron_log - INFO - run_shell: workdir=/tmp/pytest-of-hmai/pytest-178/test_run_shell_concurrent_call0/work_1
2026-08-01 15:21:36,434 - pyiron_log - INFO - run_shell: workdir=/tmp/pytest-of-hmai/pytest-178/test_run_shell_concurrent_call0/work_2
2026-08-01 15:21:36,438 - pyiron_log - INFO - run_shell: workdir=/tmp/pytest-of-hmai/pytest-178/test_run_shell_concurrent_call0/work_3
2026-08-01 15:21:36,443 - pyiron_log - INFO - run_shell: workdir=/tmp/pytest-of-hmai/pytest-178/test_run_shell_concurrent_call0/work_0
2026-08-01 15:21:36,446 - pyiron_log - INFO - run_shell: workdir=/tmp/pytest-of-hmai/pytest-178/test_run_shell_concurrent_call0/work_1
2026-08-01 15:21:36,450 - pyiron_log - INFO - run_shell: workdir=/tmp/pytest-of-hmai/pytest-178/test_run_shell_concurrent_call0/work_2
2026-08-01 15:21:36,453 - pyiron_log - INFO - run_shell: workdir=/tmp/pytest-of-hmai/pytest-178/test_run_shell_concurrent_call0/work_3
2026-08-01 15:21:36,463 - pyiron_log - INFO - run_shell: workdir=/tmp/pytest-of-hmai/pytest-178/test_run_shell_concurrent_call0/work_0
2026-08-01 15:21:36,466 - pyiron_log - INFO - run_shell: workdir=/tmp/pytest-of-hmai/pytest-178/test_run_shell_concurrent_call0/work_1
2026-08-01 15:21:36,468 - pyiron_log - INFO - run_shell: workdir=/tmp/pytest-of-hmai/pytest-178/test_run_shell_concurrent_call0/work_2
2026-08-01 15:21:36,472 - pyiron_log - INFO - run_shell: workdir=/tmp/pytest-of-hmai/pytest-178/test_run_shell_concurrent_call0/work_3
2026-08-01 15:21:36,477 - pyiron_log - INFO - run_shell: workdir=/tmp/pytest-of-hmai/pytest-178/test_run_shell_concurrent_call0/work_0
2026-08-01 15:21:36,482 - pyiron_log - INFO - run_shell: workdir=/tmp/pytest-of-hmai/pytest-178/test_run_shell_concurrent_call0/work_1
2026-08-01 15:21:36,485 - pyiron_log - INFO - run_shell: workdir=/tmp/pytest-of-hmai/pytest-178/test_run_shell_concurrent_call0/work_2
2026-08-01 15:21:36,488 - pyiron_log - INFO - run_shell: workdir=/tmp/pytest-of-hmai/pytest-178/test_run_shell_concurrent_call0/work_3
2026-08-01 15:21:36,491 - pyiron_log - INFO - run_shell: workdir=/tmp/pytest-of-hmai/pytest-178/test_run_shell_concurrent_call0/work_0
2026-08-01 15:21:36,494 - pyiron_log - INFO - run_shell: workdir=/tmp/pytest-of-hmai/pytest-178/test_run_shell_concurrent_call0/work_1
2026-08-01 15:21:36,498 - pyiron_log - INFO - run_shell: workdir=/tmp/pytest-of-hmai/pytest-178/test_run_shell_concurrent_call0/work_2
2026-08-01 15:21:36,502 - pyiron_log - INFO - run_shell: workdir=/tmp/pytest-of-hmai/pytest-178/test_run_shell_concurrent_call0/work_3
2026-08-01 15:21:36,506 - pyiron_log - INFO - run_shell: workdir=/tmp/pytest-of-hmai/pytest-178/test_run_shell_concurrent_call0/work_0
2026-08-01 15:21:36,510 - pyiron_log - INFO - run_shell: workdir=/tmp/pytest-of-hmai/pytest-178/test_run_shell_concurrent_call0/work_1
2026-08-01 15:21:36,512 - pyiron_log - INFO - run_shell: workdir=/tmp/pytest-of-hmai/pytest-178/test_run_shell_concurrent_call0/work_2
2026-08-01 15:21:36,516 - pyiron_log - INFO - run_shell: workdir=/tmp/pytest-of-hmai/pytest-178/test_run_shell_concurrent_call0/work_3
2026-08-01 15:21:36,519 - pyiron_log - INFO - run_shell: workdir=/tmp/pytest-of-hmai/pytest-178/test_run_shell_concurrent_call0/work_0
2026-08-01 15:21:36,524 - pyiron_log - INFO - run_shell: workdir=/tmp/pytest-of-hmai/pytest-178/test_run_shell_concurrent_call0/work_1
2026-08-01 15:21:36,527 - pyiron_log - INFO - run_shell: workdir=/tmp/pytest-of-hmai/pytest-178/test_run_shell_concurrent_call0/work_2
2026-08-01 15:21:36,530 - pyiron_log - INFO - run_shell: workdir=/tmp/pytest-of-hmai/pytest-178/test_run_shell_concurrent_call0/work_3
2026-08-01 15:21:36,535 - pyiron_log - INFO - run_shell: workdir=/tmp/pytest-of-hmai/pytest-178/test_run_shell_concurrent_call0/work_0
2026-08-01 15:21:36,538 - pyiron_log - INFO - run_shell: workdir=/tmp/pytest-of-hmai/pytest-178/test_run_shell_concurrent_call0/work_1
2026-08-01 15:21:36,542 - pyiron_log - INFO - run_shell: workdir=/tmp/pytest-of-hmai/pytest-178/test_run_shell_concurrent_call0/work_2
2026-08-01 15:21:36,544 - pyiron_log - INFO - run_shell: workdir=/tmp/pytest-of-hmai/pytest-178/test_run_shell_concurrent_call0/work_3
2026-08-01 15:21:36,640 - pyiron_log - INFO - File '/tmp/pytest-of-hmai/pytest-178/test_is_line_in_file_missing_f0/no_such_file' not found.
2026-08-01 15:21:36,641 - pyiron_log - INFO - run_shell: workdir=/tmp/pytest-of-hmai/pytest-178/test_run_shell_propagates_subp0
2026-08-01 15:21:36,647 - pyiron_log - INFO - made directory '/tmp/pytest-of-hmai/pytest-178/test_vasp_job_runs_end_to_end0/calc'
2026-08-01 15:21:36,661 - pyiron_log - INFO - run_shell: workdir=/tmp/pytest-of-hmai/pytest-178/test_vasp_job_runs_end_to_end0/calc
2026-08-01 15:21:36,670 - pyiron_log - INFO - Deleted: /tmp/pytest-of-hmai/pytest-178/test_vasp_job_runs_end_to_end0/calc/CHGCAR
2026-08-01 15:21:36,682 - pyiron_log - INFO - made directory '/tmp/pytest-of-hmai/pytest-178/test_vasp_job_removes_calc_dir0/calc2'
2026-08-01 15:21:36,686 - pyiron_log - INFO - run_shell: workdir=/tmp/pytest-of-hmai/pytest-178/test_vasp_job_removes_calc_dir0/calc2
2026-08-01 15:21:36,718 - pyiron_log - INFO - made directory '/tmp/pytest-of-hmai/pytest-178/test_vasp_job_runs_without_fil0/calc3'
2026-08-01 15:21:36,721 - pyiron_log - INFO - run_shell: workdir=/tmp/pytest-of-hmai/pytest-178/test_vasp_job_runs_without_fil0/calc3
2026-08-01 15:21:36,731 - pyiron_log - INFO - Deleted: /tmp/pytest-of-hmai/pytest-178/test_vasp_job_runs_without_fil0/calc3/CHGCAR
2026-08-01 15:21:36,880 - pyiron_log - INFO - made directory '/tmp/pytest-of-hmai/pytest-178/test_create_working_directory_0/fresh'
2026-08-01 15:22:18,986 - pyiron_log - INFO - made directory '/tmp/pytest-of-hmai/pytest-179/test_vasp_job_runs_end_to_end0/calc'
2026-08-01 15:22:19,002 - pyiron_log - INFO - run_shell: workdir=/tmp/pytest-of-hmai/pytest-179/test_vasp_job_runs_end_to_end0/calc
2026-08-01 15:22:19,012 - pyiron_log - INFO - Deleted: /tmp/pytest-of-hmai/pytest-179/test_vasp_job_runs_end_to_end0/calc/CHGCAR
2026-08-01 15:22:19,024 - pyiron_log - INFO - made directory '/tmp/pytest-of-hmai/pytest-179/test_vasp_job_removes_calc_dir0/calc2'
2026-08-01 15:22:19,027 - pyiron_log - INFO - run_shell: workdir=/tmp/pytest-of-hmai/pytest-179/test_vasp_job_removes_calc_dir0/calc2
2026-08-01 15:22:19,059 - pyiron_log - INFO - made directory '/tmp/pytest-of-hmai/pytest-179/test_vasp_job_runs_without_fil0/calc3'
2026-08-01 15:22:19,062 - pyiron_log - INFO - run_shell: workdir=/tmp/pytest-of-hmai/pytest-179/test_vasp_job_runs_without_fil0/calc3
2026-08-01 15:22:19,072 - pyiron_log - INFO - Deleted: /tmp/pytest-of-hmai/pytest-179/test_vasp_job_runs_without_fil0/calc3/CHGCAR
2026-08-01 15:22:19,072 - pyiron_log - INFO - Deleted: /tmp/pytest-of-hmai/pytest-179/test_vasp_job_runs_without_fil0/calc3/CHG
2026-08-01 15:22:19,072 - pyiron_log - INFO - Deleted: /tmp/pytest-of-hmai/pytest-179/test_vasp_job_runs_without_fil0/calc3/WAVECAR
2026-08-01 15:22:19,082 - pyiron_log - INFO - made directory '/tmp/pytest-of-hmai/pytest-179/test_vasp_job_explicit_empty_l0/calc4'
2026-08-01 15:22:19,086 - pyiron_log - INFO - run_shell: workdir=/tmp/pytest-of-hmai/pytest-179/test_vasp_job_explicit_empty_l0/calc4
2026-08-01 15:22:32,966 - pyiron_log - INFO - made directory '/tmp/pytest-of-hmai/pytest-180/test_vasp_job_runs_without_fil0/calc3'
2026-08-01 15:22:32,979 - pyiron_log - INFO - run_shell: workdir=/tmp/pytest-of-hmai/pytest-180/test_vasp_job_runs_without_fil0/calc3
2026-08-01 15:22:47,911 - pyiron_log - INFO - made directory '/tmp/pytest-of-hmai/pytest-181/test_vasp_job_runs_end_to_end0/calc'
2026-08-01 15:22:47,928 - pyiron_log - INFO - run_shell: workdir=/tmp/pytest-of-hmai/pytest-181/test_vasp_job_runs_end_to_end0/calc
2026-08-01 15:22:47,937 - pyiron_log - INFO - Deleted: /tmp/pytest-of-hmai/pytest-181/test_vasp_job_runs_end_to_end0/calc/CHGCAR
2026-08-01 15:22:47,957 - pyiron_log - INFO - made directory '/tmp/pytest-of-hmai/pytest-181/test_vasp_job_removes_calc_dir0/calc2'
2026-08-01 15:22:47,962 - pyiron_log - INFO - run_shell: workdir=/tmp/pytest-of-hmai/pytest-181/test_vasp_job_removes_calc_dir0/calc2
2026-08-01 15:22:48,007 - pyiron_log - INFO - made directory '/tmp/pytest-of-hmai/pytest-181/test_vasp_job_runs_without_fil0/calc3'
2026-08-01 15:22:48,011 - pyiron_log - INFO - run_shell: workdir=/tmp/pytest-of-hmai/pytest-181/test_vasp_job_runs_without_fil0/calc3
2026-08-01 15:22:48,021 - pyiron_log - INFO - Deleted: /tmp/pytest-of-hmai/pytest-181/test_vasp_job_runs_without_fil0/calc3/CHGCAR
2026-08-01 15:22:48,021 - pyiron_log - INFO - Deleted: /tmp/pytest-of-hmai/pytest-181/test_vasp_job_runs_without_fil0/calc3/CHG
2026-08-01 15:22:48,021 - pyiron_log - INFO - Deleted: /tmp/pytest-of-hmai/pytest-181/test_vasp_job_runs_without_fil0/calc3/WAVECAR
2026-08-01 15:22:48,034 - pyiron_log - INFO - made directory '/tmp/pytest-of-hmai/pytest-181/test_vasp_job_explicit_empty_l0/calc4'
2026-08-01 15:22:48,037 - pyiron_log - INFO - run_shell: workdir=/tmp/pytest-of-hmai/pytest-181/test_vasp_job_explicit_empty_l0/calc4
2026-08-01 15:22:59,140 - pyiron_log - INFO - Deleted: /tmp/pytest-of-hmai/pytest-182/test_delete_files_recursively_0/vaspcalc/CHGCAR
2026-08-01 15:22:59,140 - pyiron_log - INFO - Deleted: /tmp/pytest-of-hmai/pytest-182/test_delete_files_recursively_0/vaspcalc/WAVECAR
2026-08-01 15:22:59,142 - pyiron_log - INFO - Error: /tmp/pytest-of-hmai/pytest-182/test_delete_files_recursively_1/nope is not a valid directory.
2026-08-01 15:22:59,147 - pyiron_log - INFO - compress_directory: compressed directory at /tmp/pytest-of-hmai/pytest-182/test_compress_directory_create0/vaspcalc
2026-08-01 15:22:59,150 - pyiron_log - INFO - compress_directory: compressed directory at /tmp/pytest-of-hmai/pytest-182/test_compress_directory_member0/vaspcalc
2026-08-01 15:22:59,154 - pyiron_log - INFO - compress_directory: compressed directory at /tmp/pytest-of-hmai/pytest-182/test_compress_directory_exclud0/vaspcalc
2026-08-01 15:22:59,162 - pyiron_log - INFO - run_shell: workdir=/tmp/pytest-of-hmai/pytest-182/test_run_shell_executes_in_wor0/calc
2026-08-01 15:22:59,168 - pyiron_log - INFO - run_shell: workdir=/tmp/pytest-of-hmai/pytest-182/test_run_shell_does_not_mutate0/calc
2026-08-01 15:22:59,194 - pyiron_log - INFO - run_shell: workdir=/tmp/pytest-of-hmai/pytest-182/test_run_shell_captures_failur0/calc
2026-08-01 15:22:59,203 - pyiron_log - INFO - run_shell: workdir=/tmp/pytest-of-hmai/pytest-182/test_run_shell_preserves_argum0/calc
2026-08-01 15:22:59,213 - pyiron_log - INFO - run_shell: workdir=/tmp/pytest-of-hmai/pytest-182/test_run_shell_concurrent_call0/work_0
2026-08-01 15:22:59,215 - pyiron_log - INFO - run_shell: workdir=/tmp/pytest-of-hmai/pytest-182/test_run_shell_concurrent_call0/work_1
2026-08-01 15:22:59,219 - pyiron_log - INFO - run_shell: workdir=/tmp/pytest-of-hmai/pytest-182/test_run_shell_concurrent_call0/work_2
2026-08-01 15:22:59,223 - pyiron_log - INFO - run_shell: workdir=/tmp/pytest-of-hmai/pytest-182/test_run_shell_concurrent_call0/work_3
2026-08-01 15:22:59,228 - pyiron_log - INFO - run_shell: workdir=/tmp/pytest-of-hmai/pytest-182/test_run_shell_concurrent_call0/work_0
2026-08-01 15:22:59,231 - pyiron_log - INFO - run_shell: workdir=/tmp/pytest-of-hmai/pytest-182/test_run_shell_concurrent_call0/work_1
2026-08-01 15:22:59,235 - pyiron_log - INFO - run_shell: workdir=/tmp/pytest-of-hmai/pytest-182/test_run_shell_concurrent_call0/work_2
2026-08-01 15:22:59,238 - pyiron_log - INFO - run_shell: workdir=/tmp/pytest-of-hmai/pytest-182/test_run_shell_concurrent_call0/work_3
2026-08-01 15:22:59,241 - pyiron_log - INFO - run_shell: workdir=/tmp/pytest-of-hmai/pytest-182/test_run_shell_concurrent_call0/work_0
2026-08-01 15:22:59,245 - pyiron_log - INFO - run_shell: workdir=/tmp/pytest-of-hmai/pytest-182/test_run_shell_concurrent_call0/work_1
2026-08-01 15:22:59,248 - pyiron_log - INFO - run_shell: workdir=/tmp/pytest-of-hmai/pytest-182/test_run_shell_concurrent_call0/work_2
2026-08-01 15:22:59,252 - pyiron_log - INFO - run_shell: workdir=/tmp/pytest-of-hmai/pytest-182/test_run_shell_concurrent_call0/work_3
2026-08-01 15:22:59,255 - pyiron_log - INFO - run_shell: workdir=/tmp/pytest-of-hmai/pytest-182/test_run_shell_concurrent_call0/work_0
2026-08-01 15:22:59,259 - pyiron_log - INFO - run_shell: workdir=/tmp/pytest-of-hmai/pytest-182/test_run_shell_concurrent_call0/work_1
2026-08-01 15:22:59,263 - pyiron_log - INFO - run_shell: workdir=/tmp/pytest-of-hmai/pytest-182/test_run_shell_concurrent_call0/work_2
2026-08-01 15:22:59,267 - pyiron_log - INFO - run_shell: workdir=/tmp/pytest-of-hmai/pytest-182/test_run_shell_concurrent_call0/work_3
2026-08-01 15:22:59,271 - pyiron_log - INFO - run_shell: workdir=/tmp/pytest-of-hmai/pytest-182/test_run_shell_concurrent_call0/work_0
2026-08-01 15:22:59,273 - pyiron_log - INFO - run_shell: workdir=/tmp/pytest-of-hmai/pytest-182/test_run_shell_concurrent_call0/work_1
2026-08-01 15:22:59,277 - pyiron_log - INFO - run_shell: workdir=/tmp/pytest-of-hmai/pytest-182/test_run_shell_concurrent_call0/work_2
2026-08-01 15:22:59,279 - pyiron_log - INFO - run_shell: workdir=/tmp/pytest-of-hmai/pytest-182/test_run_shell_concurrent_call0/work_3
2026-08-01 15:22:59,282 - pyiron_log - INFO - run_shell: workdir=/tmp/pytest-of-hmai/pytest-182/test_run_shell_concurrent_call0/work_0
2026-08-01 15:22:59,285 - pyiron_log - INFO - run_shell: workdir=/tmp/pytest-of-hmai/pytest-182/test_run_shell_concurrent_call0/work_1
2026-08-01 15:22:59,289 - pyiron_log - INFO - run_shell: workdir=/tmp/pytest-of-hmai/pytest-182/test_run_shell_concurrent_call0/work_2
2026-08-01 15:22:59,292 - pyiron_log - INFO - run_shell: workdir=/tmp/pytest-of-hmai/pytest-182/test_run_shell_concurrent_call0/work_3
2026-08-01 15:22:59,302 - pyiron_log - INFO - run_shell: workdir=/tmp/pytest-of-hmai/pytest-182/test_run_shell_concurrent_call0/work_0
2026-08-01 15:22:59,305 - pyiron_log - INFO - run_shell: workdir=/tmp/pytest-of-hmai/pytest-182/test_run_shell_concurrent_call0/work_1
2026-08-01 15:22:59,308 - pyiron_log - INFO - run_shell: workdir=/tmp/pytest-of-hmai/pytest-182/test_run_shell_concurrent_call0/work_2
2026-08-01 15:22:59,311 - pyiron_log - INFO - run_shell: workdir=/tmp/pytest-of-hmai/pytest-182/test_run_shell_concurrent_call0/work_3
2026-08-01 15:22:59,317 - pyiron_log - INFO - run_shell: workdir=/tmp/pytest-of-hmai/pytest-182/test_run_shell_concurrent_call0/work_0
2026-08-01 15:22:59,321 - pyiron_log - INFO - run_shell: workdir=/tmp/pytest-of-hmai/pytest-182/test_run_shell_concurrent_call0/work_1
2026-08-01 15:22:59,323 - pyiron_log - INFO - run_shell: workdir=/tmp/pytest-of-hmai/pytest-182/test_run_shell_concurrent_call0/work_2
2026-08-01 15:22:59,327 - pyiron_log - INFO - run_shell: workdir=/tmp/pytest-of-hmai/pytest-182/test_run_shell_concurrent_call0/work_3
2026-08-01 15:22:59,331 - pyiron_log - INFO - run_shell: workdir=/tmp/pytest-of-hmai/pytest-182/test_run_shell_concurrent_call0/work_0
2026-08-01 15:22:59,335 - pyiron_log - INFO - run_shell: workdir=/tmp/pytest-of-hmai/pytest-182/test_run_shell_concurrent_call0/work_1
2026-08-01 15:22:59,338 - pyiron_log - INFO - run_shell: workdir=/tmp/pytest-of-hmai/pytest-182/test_run_shell_concurrent_call0/work_2
2026-08-01 15:22:59,342 - pyiron_log - INFO - run_shell: workdir=/tmp/pytest-of-hmai/pytest-182/test_run_shell_concurrent_call0/work_3
2026-08-01 15:22:59,344 - pyiron_log - INFO - run_shell: workdir=/tmp/pytest-of-hmai/pytest-182/test_run_shell_concurrent_call0/work_0
2026-08-01 15:22:59,348 - pyiron_log - INFO - run_shell: workdir=/tmp/pytest-of-hmai/pytest-182/test_run_shell_concurrent_call0/work_1
2026-08-01 15:22:59,351 - pyiron_log - INFO - run_shell: workdir=/tmp/pytest-of-hmai/pytest-182/test_run_shell_concurrent_call0/work_2
2026-08-01 15:22:59,354 - pyiron_log - INFO - run_shell: workdir=/tmp/pytest-of-hmai/pytest-182/test_run_shell_concurrent_call0/work_3
2026-08-01 15:22:59,358 - pyiron_log - INFO - run_shell: workdir=/tmp/pytest-of-hmai/pytest-182/test_run_shell_concurrent_call0/work_0
2026-08-01 15:22:59,362 - pyiron_log - INFO - run_shell: workdir=/tmp/pytest-of-hmai/pytest-182/test_run_shell_concurrent_call0/work_1
2026-08-01 15:22:59,366 - pyiron_log - INFO - run_shell: workdir=/tmp/pytest-of-hmai/pytest-182/test_run_shell_concurrent_call0/work_2
2026-08-01 15:22:59,369 - pyiron_log - INFO - run_shell: workdir=/tmp/pytest-of-hmai/pytest-182/test_run_shell_concurrent_call0/work_3
2026-08-01 15:22:59,375 - pyiron_log - INFO - run_shell: workdir=/tmp/pytest-of-hmai/pytest-182/test_run_shell_concurrent_call0/work_0
2026-08-01 15:22:59,379 - pyiron_log - INFO - run_shell: workdir=/tmp/pytest-of-hmai/pytest-182/test_run_shell_concurrent_call0/work_1
2026-08-01 15:22:59,382 - pyiron_log - INFO - run_shell: workdir=/tmp/pytest-of-hmai/pytest-182/test_run_shell_concurrent_call0/work_2
2026-08-01 15:22:59,386 - pyiron_log - INFO - run_shell: workdir=/tmp/pytest-of-hmai/pytest-182/test_run_shell_concurrent_call0/work_3
2026-08-01 15:22:59,395 - pyiron_log - INFO - run_shell: workdir=/tmp/pytest-of-hmai/pytest-182/test_run_shell_concurrent_call0/work_0
2026-08-01 15:22:59,398 - pyiron_log - INFO - run_shell: workdir=/tmp/pytest-of-hmai/pytest-182/test_run_shell_concurrent_call0/work_1
2026-08-01 15:22:59,401 - pyiron_log - INFO - run_shell: workdir=/tmp/pytest-of-hmai/pytest-182/test_run_shell_concurrent_call0/work_2
2026-08-01 15:22:59,405 - pyiron_log - INFO - run_shell: workdir=/tmp/pytest-of-hmai/pytest-182/test_run_shell_concurrent_call0/work_3
2026-08-01 15:22:59,409 - pyiron_log - INFO - run_shell: workdir=/tmp/pytest-of-hmai/pytest-182/test_run_shell_concurrent_call0/work_0
2026-08-01 15:22:59,413 - pyiron_log - INFO - run_shell: workdir=/tmp/pytest-of-hmai/pytest-182/test_run_shell_concurrent_call0/work_1
2026-08-01 15:22:59,417 - pyiron_log - INFO - run_shell: workdir=/tmp/pytest-of-hmai/pytest-182/test_run_shell_concurrent_call0/work_2
2026-08-01 15:22:59,420 - pyiron_log - INFO - run_shell: workdir=/tmp/pytest-of-hmai/pytest-182/test_run_shell_concurrent_call0/work_3
2026-08-01 15:22:59,423 - pyiron_log - INFO - run_shell: workdir=/tmp/pytest-of-hmai/pytest-182/test_run_shell_concurrent_call0/work_0
2026-08-01 15:22:59,427 - pyiron_log - INFO - run_shell: workdir=/tmp/pytest-of-hmai/pytest-182/test_run_shell_concurrent_call0/work_1
2026-08-01 15:22:59,431 - pyiron_log - INFO - run_shell: workdir=/tmp/pytest-of-hmai/pytest-182/test_run_shell_concurrent_call0/work_2
2026-08-01 15:22:59,434 - pyiron_log - INFO - run_shell: workdir=/tmp/pytest-of-hmai/pytest-182/test_run_shell_concurrent_call0/work_3
2026-08-01 15:22:59,437 - pyiron_log - INFO - run_shell: workdir=/tmp/pytest-of-hmai/pytest-182/test_run_shell_concurrent_call0/work_0
2026-08-01 15:22:59,440 - pyiron_log - INFO - run_shell: workdir=/tmp/pytest-of-hmai/pytest-182/test_run_shell_concurrent_call0/work_1
2026-08-01 15:22:59,445 - pyiron_log - INFO - run_shell: workdir=/tmp/pytest-of-hmai/pytest-182/test_run_shell_concurrent_call0/work_2
2026-08-01 15:22:59,449 - pyiron_log - INFO - run_shell: workdir=/tmp/pytest-of-hmai/pytest-182/test_run_shell_concurrent_call0/work_3
2026-08-01 15:22:59,451 - pyiron_log - INFO - run_shell: workdir=/tmp/pytest-of-hmai/pytest-182/test_run_shell_concurrent_call0/work_0
2026-08-01 15:22:59,454 - pyiron_log - INFO - run_shell: workdir=/tmp/pytest-of-hmai/pytest-182/test_run_shell_concurrent_call0/work_1
2026-08-01 15:22:59,457 - pyiron_log - INFO - run_shell: workdir=/tmp/pytest-of-hmai/pytest-182/test_run_shell_concurrent_call0/work_2
2026-08-01 15:22:59,465 - pyiron_log - INFO - run_shell: workdir=/tmp/pytest-of-hmai/pytest-182/test_run_shell_concurrent_call0/work_3
2026-08-01 15:22:59,468 - pyiron_log - INFO - run_shell: workdir=/tmp/pytest-of-hmai/pytest-182/test_run_shell_concurrent_call0/work_0
2026-08-01 15:22:59,470 - pyiron_log - INFO - run_shell: workdir=/tmp/pytest-of-hmai/pytest-182/test_run_shell_concurrent_call0/work_1
2026-08-01 15:22:59,473 - pyiron_log - INFO - run_shell: workdir=/tmp/pytest-of-hmai/pytest-182/test_run_shell_concurrent_call0/work_2
2026-08-01 15:22:59,478 - pyiron_log - INFO - run_shell: workdir=/tmp/pytest-of-hmai/pytest-182/test_run_shell_concurrent_call0/work_3
2026-08-01 15:22:59,487 - pyiron_log - INFO - run_shell: workdir=/tmp/pytest-of-hmai/pytest-182/test_run_shell_concurrent_call0/work_0
2026-08-01 15:22:59,490 - pyiron_log - INFO - run_shell: workdir=/tmp/pytest-of-hmai/pytest-182/test_run_shell_concurrent_call0/work_1
2026-08-01 15:22:59,493 - pyiron_log - INFO - run_shell: workdir=/tmp/pytest-of-hmai/pytest-182/test_run_shell_concurrent_call0/work_2
2026-08-01 15:22:59,497 - pyiron_log - INFO - run_shell: workdir=/tmp/pytest-of-hmai/pytest-182/test_run_shell_concurrent_call0/work_3
2026-08-01 15:22:59,502 - pyiron_log - INFO - run_shell: workdir=/tmp/pytest-of-hmai/pytest-182/test_run_shell_concurrent_call0/work_0
2026-08-01 15:22:59,506 - pyiron_log - INFO - run_shell: workdir=/tmp/pytest-of-hmai/pytest-182/test_run_shell_concurrent_call0/work_1
2026-08-01 15:22:59,509 - pyiron_log - INFO - run_shell: workdir=/tmp/pytest-of-hmai/pytest-182/test_run_shell_concurrent_call0/work_2
2026-08-01 15:22:59,512 - pyiron_log - INFO - run_shell: workdir=/tmp/pytest-of-hmai/pytest-182/test_run_shell_concurrent_call0/work_3
2026-08-01 15:22:59,515 - pyiron_log - INFO - run_shell: workdir=/tmp/pytest-of-hmai/pytest-182/test_run_shell_concurrent_call0/work_0
2026-08-01 15:22:59,520 - pyiron_log - INFO - run_shell: workdir=/tmp/pytest-of-hmai/pytest-182/test_run_shell_concurrent_call0/work_1
2026-08-01 15:22:59,524 - pyiron_log - INFO - run_shell: workdir=/tmp/pytest-of-hmai/pytest-182/test_run_shell_concurrent_call0/work_2
2026-08-01 15:22:59,527 - pyiron_log - INFO - run_shell: workdir=/tmp/pytest-of-hmai/pytest-182/test_run_shell_concurrent_call0/work_3
2026-08-01 15:22:59,529 - pyiron_log - INFO - run_shell: workdir=/tmp/pytest-of-hmai/pytest-182/test_run_shell_concurrent_call0/work_0
2026-08-01 15:22:59,533 - pyiron_log - INFO - run_shell: workdir=/tmp/pytest-of-hmai/pytest-182/test_run_shell_concurrent_call0/work_1
2026-08-01 15:22:59,535 - pyiron_log - INFO - run_shell: workdir=/tmp/pytest-of-hmai/pytest-182/test_run_shell_concurrent_call0/work_2
2026-08-01 15:22:59,539 - pyiron_log - INFO - run_shell: workdir=/tmp/pytest-of-hmai/pytest-182/test_run_shell_concurrent_call0/work_3
2026-08-01 15:22:59,543 - pyiron_log - INFO - run_shell: workdir=/tmp/pytest-of-hmai/pytest-182/test_run_shell_concurrent_call0/work_0
2026-08-01 15:22:59,546 - pyiron_log - INFO - run_shell: workdir=/tmp/pytest-of-hmai/pytest-182/test_run_shell_concurrent_call0/work_1
2026-08-01 15:22:59,550 - pyiron_log - INFO - run_shell: workdir=/tmp/pytest-of-hmai/pytest-182/test_run_shell_concurrent_call0/work_2
2026-08-01 15:22:59,552 - pyiron_log - INFO - run_shell: workdir=/tmp/pytest-of-hmai/pytest-182/test_run_shell_concurrent_call0/work_3
2026-08-01 15:22:59,556 - pyiron_log - INFO - run_shell: workdir=/tmp/pytest-of-hmai/pytest-182/test_run_shell_concurrent_call0/work_0
2026-08-01 15:22:59,560 - pyiron_log - INFO - run_shell: workdir=/tmp/pytest-of-hmai/pytest-182/test_run_shell_concurrent_call0/work_1
2026-08-01 15:22:59,565 - pyiron_log - INFO - run_shell: workdir=/tmp/pytest-of-hmai/pytest-182/test_run_shell_concurrent_call0/work_2
2026-08-01 15:22:59,567 - pyiron_log - INFO - run_shell: workdir=/tmp/pytest-of-hmai/pytest-182/test_run_shell_concurrent_call0/work_3
2026-08-01 15:22:59,577 - pyiron_log - INFO - run_shell: workdir=/tmp/pytest-of-hmai/pytest-182/test_run_shell_concurrent_call0/work_0
2026-08-01 15:22:59,580 - pyiron_log - INFO - run_shell: workdir=/tmp/pytest-of-hmai/pytest-182/test_run_shell_concurrent_call0/work_1
2026-08-01 15:22:59,583 - pyiron_log - INFO - run_shell: workdir=/tmp/pytest-of-hmai/pytest-182/test_run_shell_concurrent_call0/work_2
2026-08-01 15:22:59,586 - pyiron_log - INFO - run_shell: workdir=/tmp/pytest-of-hmai/pytest-182/test_run_shell_concurrent_call0/work_3
2026-08-01 15:22:59,594 - pyiron_log - INFO - run_shell: workdir=/tmp/pytest-of-hmai/pytest-182/test_run_shell_concurrent_call0/work_0
2026-08-01 15:22:59,597 - pyiron_log - INFO - run_shell: workdir=/tmp/pytest-of-hmai/pytest-182/test_run_shell_concurrent_call0/work_1
2026-08-01 15:22:59,599 - pyiron_log - INFO - run_shell: workdir=/tmp/pytest-of-hmai/pytest-182/test_run_shell_concurrent_call0/work_2
2026-08-01 15:22:59,601 - pyiron_log - INFO - run_shell: workdir=/tmp/pytest-of-hmai/pytest-182/test_run_shell_concurrent_call0/work_3
2026-08-01 15:22:59,609 - pyiron_log - INFO - run_shell: workdir=/tmp/pytest-of-hmai/pytest-182/test_run_shell_concurrent_call0/work_0
2026-08-01 15:22:59,612 - pyiron_log - INFO - run_shell: workdir=/tmp/pytest-of-hmai/pytest-182/test_run_shell_concurrent_call0/work_1
2026-08-01 15:22:59,615 - pyiron_log - INFO - run_shell: workdir=/tmp/pytest-of-hmai/pytest-182/test_run_shell_concurrent_call0/work_2
2026-08-01 15:22:59,617 - pyiron_log - INFO - run_shell: workdir=/tmp/pytest-of-hmai/pytest-182/test_run_shell_concurrent_call0/work_3
2026-08-01 15:22:59,622 - pyiron_log - INFO - run_shell: workdir=/tmp/pytest-of-hmai/pytest-182/test_run_shell_concurrent_call0/work_0
2026-08-01 15:22:59,627 - pyiron_log - INFO - run_shell: workdir=/tmp/pytest-of-hmai/pytest-182/test_run_shell_concurrent_call0/work_1
2026-08-01 15:22:59,630 - pyiron_log - INFO - run_shell: workdir=/tmp/pytest-of-hmai/pytest-182/test_run_shell_concurrent_call0/work_2
2026-08-01 15:22:59,633 - pyiron_log - INFO - run_shell: workdir=/tmp/pytest-of-hmai/pytest-182/test_run_shell_concurrent_call0/work_3
2026-08-01 15:22:59,636 - pyiron_log - INFO - run_shell: workdir=/tmp/pytest-of-hmai/pytest-182/test_run_shell_concurrent_call0/work_0
2026-08-01 15:22:59,640 - pyiron_log - INFO - run_shell: workdir=/tmp/pytest-of-hmai/pytest-182/test_run_shell_concurrent_call0/work_1
2026-08-01 15:22:59,644 - pyiron_log - INFO - run_shell: workdir=/tmp/pytest-of-hmai/pytest-182/test_run_shell_concurrent_call0/work_2
2026-08-01 15:22:59,647 - pyiron_log - INFO - run_shell: workdir=/tmp/pytest-of-hmai/pytest-182/test_run_shell_concurrent_call0/work_3
2026-08-01 15:22:59,651 - pyiron_log - INFO - run_shell: workdir=/tmp/pytest-of-hmai/pytest-182/test_run_shell_concurrent_call0/work_0
2026-08-01 15:22:59,654 - pyiron_log - INFO - run_shell: workdir=/tmp/pytest-of-hmai/pytest-182/test_run_shell_concurrent_call0/work_1
2026-08-01 15:22:59,657 - pyiron_log - INFO - run_shell: workdir=/tmp/pytest-of-hmai/pytest-182/test_run_shell_concurrent_call0/work_2
2026-08-01 15:22:59,660 - pyiron_log - INFO - run_shell: workdir=/tmp/pytest-of-hmai/pytest-182/test_run_shell_concurrent_call0/work_3
2026-08-01 15:22:59,751 - pyiron_log - INFO - File '/tmp/pytest-of-hmai/pytest-182/test_is_line_in_file_missing_f0/no_such_file' not found.
2026-08-01 15:22:59,752 - pyiron_log - INFO - run_shell: workdir=/tmp/pytest-of-hmai/pytest-182/test_run_shell_propagates_subp0
2026-08-01 15:22:59,759 - pyiron_log - INFO - made directory '/tmp/pytest-of-hmai/pytest-182/test_vasp_job_runs_end_to_end0/calc'
2026-08-01 15:22:59,771 - pyiron_log - INFO - run_shell: workdir=/tmp/pytest-of-hmai/pytest-182/test_vasp_job_runs_end_to_end0/calc
2026-08-01 15:22:59,780 - pyiron_log - INFO - Deleted: /tmp/pytest-of-hmai/pytest-182/test_vasp_job_runs_end_to_end0/calc/CHGCAR
2026-08-01 15:22:59,793 - pyiron_log - INFO - made directory '/tmp/pytest-of-hmai/pytest-182/test_vasp_job_removes_calc_dir0/calc2'
2026-08-01 15:22:59,796 - pyiron_log - INFO - run_shell: workdir=/tmp/pytest-of-hmai/pytest-182/test_vasp_job_removes_calc_dir0/calc2
2026-08-01 15:22:59,829 - pyiron_log - INFO - made directory '/tmp/pytest-of-hmai/pytest-182/test_vasp_job_runs_without_fil0/calc3'
2026-08-01 15:22:59,832 - pyiron_log - INFO - run_shell: workdir=/tmp/pytest-of-hmai/pytest-182/test_vasp_job_runs_without_fil0/calc3
2026-08-01 15:22:59,842 - pyiron_log - INFO - Deleted: /tmp/pytest-of-hmai/pytest-182/test_vasp_job_runs_without_fil0/calc3/CHGCAR
2026-08-01 15:22:59,842 - pyiron_log - INFO - Deleted: /tmp/pytest-of-hmai/pytest-182/test_vasp_job_runs_without_fil0/calc3/CHG
2026-08-01 15:22:59,842 - pyiron_log - INFO - Deleted: /tmp/pytest-of-hmai/pytest-182/test_vasp_job_runs_without_fil0/calc3/WAVECAR
2026-08-01 15:22:59,853 - pyiron_log - INFO - made directory '/tmp/pytest-of-hmai/pytest-182/test_vasp_job_explicit_empty_l0/calc4'
2026-08-01 15:22:59,857 - pyiron_log - INFO - run_shell: workdir=/tmp/pytest-of-hmai/pytest-182/test_vasp_job_explicit_empty_l0/calc4
2026-08-01 15:22:59,872 - pyiron_log - INFO - made directory '/tmp/pytest-of-hmai/pytest-182/test_create_working_directory_0/fresh'
2026-08-01 15:23:09,841 - pyiron_log - INFO - Deleted: /tmp/pytest-of-hmai/pytest-183/test_delete_files_recursively_0/vaspcalc/CHGCAR
2026-08-01 15:23:09,841 - pyiron_log - INFO - Deleted: /tmp/pytest-of-hmai/pytest-183/test_delete_files_recursively_0/vaspcalc/WAVECAR
2026-08-01 15:23:09,843 - pyiron_log - INFO - Error: /tmp/pytest-of-hmai/pytest-183/test_delete_files_recursively_1/nope is not a valid directory.
2026-08-01 15:23:09,848 - pyiron_log - INFO - compress_directory: compressed directory at /tmp/pytest-of-hmai/pytest-183/test_compress_directory_create0/vaspcalc
2026-08-01 15:23:09,851 - pyiron_log - INFO - compress_directory: compressed directory at /tmp/pytest-of-hmai/pytest-183/test_compress_directory_member0/vaspcalc
2026-08-01 15:23:09,855 - pyiron_log - INFO - compress_directory: compressed directory at /tmp/pytest-of-hmai/pytest-183/test_compress_directory_exclud0/vaspcalc
2026-08-01 15:23:09,863 - pyiron_log - INFO - run_shell: workdir=/tmp/pytest-of-hmai/pytest-183/test_run_shell_executes_in_wor0/calc
2026-08-01 15:23:09,870 - pyiron_log - INFO - run_shell: workdir=/tmp/pytest-of-hmai/pytest-183/test_run_shell_does_not_mutate0/calc
2026-08-01 15:23:09,876 - pyiron_log - INFO - run_shell: workdir=/tmp/pytest-of-hmai/pytest-183/test_run_shell_captures_failur0/calc
2026-08-01 15:23:09,883 - pyiron_log - INFO - run_shell: workdir=/tmp/pytest-of-hmai/pytest-183/test_run_shell_preserves_argum0/calc
2026-08-01 15:23:09,893 - pyiron_log - INFO - run_shell: workdir=/tmp/pytest-of-hmai/pytest-183/test_run_shell_concurrent_call0/work_0
2026-08-01 15:23:09,895 - pyiron_log - INFO - run_shell: workdir=/tmp/pytest-of-hmai/pytest-183/test_run_shell_concurrent_call0/work_1
2026-08-01 15:23:09,898 - pyiron_log - INFO - run_shell: workdir=/tmp/pytest-of-hmai/pytest-183/test_run_shell_concurrent_call0/work_2
2026-08-01 15:23:09,902 - pyiron_log - INFO - run_shell: workdir=/tmp/pytest-of-hmai/pytest-183/test_run_shell_concurrent_call0/work_3
2026-08-01 15:23:09,907 - pyiron_log - INFO - run_shell: workdir=/tmp/pytest-of-hmai/pytest-183/test_run_shell_concurrent_call0/work_0
2026-08-01 15:23:09,910 - pyiron_log - INFO - run_shell: workdir=/tmp/pytest-of-hmai/pytest-183/test_run_shell_concurrent_call0/work_1
2026-08-01 15:23:09,913 - pyiron_log - INFO - run_shell: workdir=/tmp/pytest-of-hmai/pytest-183/test_run_shell_concurrent_call0/work_2
2026-08-01 15:23:09,916 - pyiron_log - INFO - run_shell: workdir=/tmp/pytest-of-hmai/pytest-183/test_run_shell_concurrent_call0/work_3
2026-08-01 15:23:09,919 - pyiron_log - INFO - run_shell: workdir=/tmp/pytest-of-hmai/pytest-183/test_run_shell_concurrent_call0/work_0
2026-08-01 15:23:09,923 - pyiron_log - INFO - run_shell: workdir=/tmp/pytest-of-hmai/pytest-183/test_run_shell_concurrent_call0/work_1
2026-08-01 15:23:09,928 - pyiron_log - INFO - run_shell: workdir=/tmp/pytest-of-hmai/pytest-183/test_run_shell_concurrent_call0/work_2
2026-08-01 15:23:09,931 - pyiron_log - INFO - run_shell: workdir=/tmp/pytest-of-hmai/pytest-183/test_run_shell_concurrent_call0/work_3
2026-08-01 15:23:09,935 - pyiron_log - INFO - run_shell: workdir=/tmp/pytest-of-hmai/pytest-183/test_run_shell_concurrent_call0/work_0
2026-08-01 15:23:09,937 - pyiron_log - INFO - run_shell: workdir=/tmp/pytest-of-hmai/pytest-183/test_run_shell_concurrent_call0/work_1
2026-08-01 15:23:09,940 - pyiron_log - INFO - run_shell: workdir=/tmp/pytest-of-hmai/pytest-183/test_run_shell_concurrent_call0/work_2
2026-08-01 15:23:09,943 - pyiron_log - INFO - run_shell: workdir=/tmp/pytest-of-hmai/pytest-183/test_run_shell_concurrent_call0/work_3
2026-08-01 15:23:09,950 - pyiron_log - INFO - run_shell: workdir=/tmp/pytest-of-hmai/pytest-183/test_run_shell_concurrent_call0/work_0
2026-08-01 15:23:09,953 - pyiron_log - INFO - run_shell: workdir=/tmp/pytest-of-hmai/pytest-183/test_run_shell_concurrent_call0/work_1
2026-08-01 15:23:09,956 - pyiron_log - INFO - run_shell: workdir=/tmp/pytest-of-hmai/pytest-183/test_run_shell_concurrent_call0/work_2
2026-08-01 15:23:09,959 - pyiron_log - INFO - run_shell: workdir=/tmp/pytest-of-hmai/pytest-183/test_run_shell_concurrent_call0/work_3
2026-08-01 15:23:09,964 - pyiron_log - INFO - run_shell: workdir=/tmp/pytest-of-hmai/pytest-183/test_run_shell_concurrent_call0/work_0
2026-08-01 15:23:09,967 - pyiron_log - INFO - run_shell: workdir=/tmp/pytest-of-hmai/pytest-183/test_run_shell_concurrent_call0/work_1
2026-08-01 15:23:09,970 - pyiron_log - INFO - run_shell: workdir=/tmp/pytest-of-hmai/pytest-183/test_run_shell_concurrent_call0/work_2
2026-08-01 15:23:09,973 - pyiron_log - INFO - run_shell: workdir=/tmp/pytest-of-hmai/pytest-183/test_run_shell_concurrent_call0/work_3
2026-08-01 15:23:09,984 - pyiron_log - INFO - run_shell: workdir=/tmp/pytest-of-hmai/pytest-183/test_run_shell_concurrent_call0/work_0
2026-08-01 15:23:09,986 - pyiron_log - INFO - run_shell: workdir=/tmp/pytest-of-hmai/pytest-183/test_run_shell_concurrent_call0/work_1
2026-08-01 15:23:09,989 - pyiron_log - INFO - run_shell: workdir=/tmp/pytest-of-hmai/pytest-183/test_run_shell_concurrent_call0/work_2
2026-08-01 15:23:09,994 - pyiron_log - INFO - run_shell: workdir=/tmp/pytest-of-hmai/pytest-183/test_run_shell_concurrent_call0/work_3
2026-08-01 15:23:09,998 - pyiron_log - INFO - run_shell: workdir=/tmp/pytest-of-hmai/pytest-183/test_run_shell_concurrent_call0/work_0
2026-08-01 15:23:10,001 - pyiron_log - INFO - run_shell: workdir=/tmp/pytest-of-hmai/pytest-183/test_run_shell_concurrent_call0/work_1
2026-08-01 15:23:10,004 - pyiron_log - INFO - run_shell: workdir=/tmp/pytest-of-hmai/pytest-183/test_run_shell_concurrent_call0/work_2
2026-08-01 15:23:10,007 - pyiron_log - INFO - run_shell: workdir=/tmp/pytest-of-hmai/pytest-183/test_run_shell_concurrent_call0/work_3
2026-08-01 15:23:10,012 - pyiron_log - INFO - run_shell: workdir=/tmp/pytest-of-hmai/pytest-183/test_run_shell_concurrent_call0/work_0
2026-08-01 15:23:10,016 - pyiron_log - INFO - run_shell: workdir=/tmp/pytest-of-hmai/pytest-183/test_run_shell_concurrent_call0/work_1
2026-08-01 15:23:10,019 - pyiron_log - INFO - run_shell: workdir=/tmp/pytest-of-hmai/pytest-183/test_run_shell_concurrent_call0/work_2
2026-08-01 15:23:10,022 - pyiron_log - INFO - run_shell: workdir=/tmp/pytest-of-hmai/pytest-183/test_run_shell_concurrent_call0/work_3
2026-08-01 15:23:10,025 - pyiron_log - INFO - run_shell: workdir=/tmp/pytest-of-hmai/pytest-183/test_run_shell_concurrent_call0/work_0
2026-08-01 15:23:10,030 - pyiron_log - INFO - run_shell: workdir=/tmp/pytest-of-hmai/pytest-183/test_run_shell_concurrent_call0/work_1
2026-08-01 15:23:10,033 - pyiron_log - INFO - run_shell: workdir=/tmp/pytest-of-hmai/pytest-183/test_run_shell_concurrent_call0/work_2
2026-08-01 15:23:10,036 - pyiron_log - INFO - run_shell: workdir=/tmp/pytest-of-hmai/pytest-183/test_run_shell_concurrent_call0/work_3
2026-08-01 15:23:10,040 - pyiron_log - INFO - run_shell: workdir=/tmp/pytest-of-hmai/pytest-183/test_run_shell_concurrent_call0/work_0
2026-08-01 15:23:10,043 - pyiron_log - INFO - run_shell: workdir=/tmp/pytest-of-hmai/pytest-183/test_run_shell_concurrent_call0/work_1
2026-08-01 15:23:10,047 - pyiron_log - INFO - run_shell: workdir=/tmp/pytest-of-hmai/pytest-183/test_run_shell_concurrent_call0/work_2
2026-08-01 15:23:10,050 - pyiron_log - INFO - run_shell: workdir=/tmp/pytest-of-hmai/pytest-183/test_run_shell_concurrent_call0/work_3
2026-08-01 15:23:10,053 - pyiron_log - INFO - run_shell: workdir=/tmp/pytest-of-hmai/pytest-183/test_run_shell_concurrent_call0/work_0
2026-08-01 15:23:10,056 - pyiron_log - INFO - run_shell: workdir=/tmp/pytest-of-hmai/pytest-183/test_run_shell_concurrent_call0/work_1
2026-08-01 15:23:10,061 - pyiron_log - INFO - run_shell: workdir=/tmp/pytest-of-hmai/pytest-183/test_run_shell_concurrent_call0/work_2
2026-08-01 15:23:10,064 - pyiron_log - INFO - run_shell: workdir=/tmp/pytest-of-hmai/pytest-183/test_run_shell_concurrent_call0/work_3
2026-08-01 15:23:10,074 - pyiron_log - INFO - run_shell: workdir=/tmp/pytest-of-hmai/pytest-183/test_run_shell_concurrent_call0/work_0
2026-08-01 15:23:10,076 - pyiron_log - INFO - run_shell: workdir=/tmp/pytest-of-hmai/pytest-183/test_run_shell_concurrent_call0/work_1
2026-08-01 15:23:10,079 - pyiron_log - INFO - run_shell: workdir=/tmp/pytest-of-hmai/pytest-183/test_run_shell_concurrent_call0/work_2
2026-08-01 15:23:10,082 - pyiron_log - INFO - run_shell: workdir=/tmp/pytest-of-hmai/pytest-183/test_run_shell_concurrent_call0/work_3
2026-08-01 15:23:10,088 - pyiron_log - INFO - run_shell: workdir=/tmp/pytest-of-hmai/pytest-183/test_run_shell_concurrent_call0/work_0
2026-08-01 15:23:10,091 - pyiron_log - INFO - run_shell: workdir=/tmp/pytest-of-hmai/pytest-183/test_run_shell_concurrent_call0/work_1
2026-08-01 15:23:10,095 - pyiron_log - INFO - run_shell: workdir=/tmp/pytest-of-hmai/pytest-183/test_run_shell_concurrent_call0/work_2
2026-08-01 15:23:10,098 - pyiron_log - INFO - run_shell: workdir=/tmp/pytest-of-hmai/pytest-183/test_run_shell_concurrent_call0/work_3
2026-08-01 15:23:10,101 - pyiron_log - INFO - run_shell: workdir=/tmp/pytest-of-hmai/pytest-183/test_run_shell_concurrent_call0/work_0
2026-08-01 15:23:10,104 - pyiron_log - INFO - run_shell: workdir=/tmp/pytest-of-hmai/pytest-183/test_run_shell_concurrent_call0/work_1
2026-08-01 15:23:10,109 - pyiron_log - INFO - run_shell: workdir=/tmp/pytest-of-hmai/pytest-183/test_run_shell_concurrent_call0/work_2
2026-08-01 15:23:10,112 - pyiron_log - INFO - run_shell: workdir=/tmp/pytest-of-hmai/pytest-183/test_run_shell_concurrent_call0/work_3
2026-08-01 15:23:10,116 - pyiron_log - INFO - run_shell: workdir=/tmp/pytest-of-hmai/pytest-183/test_run_shell_concurrent_call0/work_0
2026-08-01 15:23:10,119 - pyiron_log - INFO - run_shell: workdir=/tmp/pytest-of-hmai/pytest-183/test_run_shell_concurrent_call0/work_1
2026-08-01 15:23:10,124 - pyiron_log - INFO - run_shell: workdir=/tmp/pytest-of-hmai/pytest-183/test_run_shell_concurrent_call0/work_2
2026-08-01 15:23:10,128 - pyiron_log - INFO - run_shell: workdir=/tmp/pytest-of-hmai/pytest-183/test_run_shell_concurrent_call0/work_3
2026-08-01 15:23:10,132 - pyiron_log - INFO - run_shell: workdir=/tmp/pytest-of-hmai/pytest-183/test_run_shell_concurrent_call0/work_0
2026-08-01 15:23:10,134 - pyiron_log - INFO - run_shell: workdir=/tmp/pytest-of-hmai/pytest-183/test_run_shell_concurrent_call0/work_1
2026-08-01 15:23:10,138 - pyiron_log - INFO - run_shell: workdir=/tmp/pytest-of-hmai/pytest-183/test_run_shell_concurrent_call0/work_2
2026-08-01 15:23:10,141 - pyiron_log - INFO - run_shell: workdir=/tmp/pytest-of-hmai/pytest-183/test_run_shell_concurrent_call0/work_3
2026-08-01 15:23:10,144 - pyiron_log - INFO - run_shell: workdir=/tmp/pytest-of-hmai/pytest-183/test_run_shell_concurrent_call0/work_0
2026-08-01 15:23:10,148 - pyiron_log - INFO - run_shell: workdir=/tmp/pytest-of-hmai/pytest-183/test_run_shell_concurrent_call0/work_1
2026-08-01 15:23:10,152 - pyiron_log - INFO - run_shell: workdir=/tmp/pytest-of-hmai/pytest-183/test_run_shell_concurrent_call0/work_2
2026-08-01 15:23:10,155 - pyiron_log - INFO - run_shell: workdir=/tmp/pytest-of-hmai/pytest-183/test_run_shell_concurrent_call0/work_3
2026-08-01 15:23:10,165 - pyiron_log - INFO - run_shell: workdir=/tmp/pytest-of-hmai/pytest-183/test_run_shell_concurrent_call0/work_0
2026-08-01 15:23:10,167 - pyiron_log - INFO - run_shell: workdir=/tmp/pytest-of-hmai/pytest-183/test_run_shell_concurrent_call0/work_1
2026-08-01 15:23:10,170 - pyiron_log - INFO - run_shell: workdir=/tmp/pytest-of-hmai/pytest-183/test_run_shell_concurrent_call0/work_2
2026-08-01 15:23:10,174 - pyiron_log - INFO - run_shell: workdir=/tmp/pytest-of-hmai/pytest-183/test_run_shell_concurrent_call0/work_3
2026-08-01 15:23:10,178 - pyiron_log - INFO - run_shell: workdir=/tmp/pytest-of-hmai/pytest-183/test_run_shell_concurrent_call0/work_0
2026-08-01 15:23:10,181 - pyiron_log - INFO - run_shell: workdir=/tmp/pytest-of-hmai/pytest-183/test_run_shell_concurrent_call0/work_1
2026-08-01 15:23:10,186 - pyiron_log - INFO - run_shell: workdir=/tmp/pytest-of-hmai/pytest-183/test_run_shell_concurrent_call0/work_2
2026-08-01 15:23:10,190 - pyiron_log - INFO - run_shell: workdir=/tmp/pytest-of-hmai/pytest-183/test_run_shell_concurrent_call0/work_3
2026-08-01 15:23:10,192 - pyiron_log - INFO - run_shell: workdir=/tmp/pytest-of-hmai/pytest-183/test_run_shell_concurrent_call0/work_0
2026-08-01 15:23:10,196 - pyiron_log - INFO - run_shell: workdir=/tmp/pytest-of-hmai/pytest-183/test_run_shell_concurrent_call0/work_1
2026-08-01 15:23:10,199 - pyiron_log - INFO - run_shell: workdir=/tmp/pytest-of-hmai/pytest-183/test_run_shell_concurrent_call0/work_2
2026-08-01 15:23:10,203 - pyiron_log - INFO - run_shell: workdir=/tmp/pytest-of-hmai/pytest-183/test_run_shell_concurrent_call0/work_3
2026-08-01 15:23:10,207 - pyiron_log - INFO - run_shell: workdir=/tmp/pytest-of-hmai/pytest-183/test_run_shell_concurrent_call0/work_0
2026-08-01 15:23:10,211 - pyiron_log - INFO - run_shell: workdir=/tmp/pytest-of-hmai/pytest-183/test_run_shell_concurrent_call0/work_1
2026-08-01 15:23:10,214 - pyiron_log - INFO - run_shell: workdir=/tmp/pytest-of-hmai/pytest-183/test_run_shell_concurrent_call0/work_2
2026-08-01 15:23:10,216 - pyiron_log - INFO - run_shell: workdir=/tmp/pytest-of-hmai/pytest-183/test_run_shell_concurrent_call0/work_3
2026-08-01 15:23:10,219 - pyiron_log - INFO - run_shell: workdir=/tmp/pytest-of-hmai/pytest-183/test_run_shell_concurrent_call0/work_0
2026-08-01 15:23:10,227 - pyiron_log - INFO - run_shell: workdir=/tmp/pytest-of-hmai/pytest-183/test_run_shell_concurrent_call0/work_1
2026-08-01 15:23:10,229 - pyiron_log - INFO - run_shell: workdir=/tmp/pytest-of-hmai/pytest-183/test_run_shell_concurrent_call0/work_2
2026-08-01 15:23:10,232 - pyiron_log - INFO - run_shell: workdir=/tmp/pytest-of-hmai/pytest-183/test_run_shell_concurrent_call0/work_3
2026-08-01 15:23:10,236 - pyiron_log - INFO - run_shell: workdir=/tmp/pytest-of-hmai/pytest-183/test_run_shell_concurrent_call0/work_0
2026-08-01 15:23:10,240 - pyiron_log - INFO - run_shell: workdir=/tmp/pytest-of-hmai/pytest-183/test_run_shell_concurrent_call0/work_1
2026-08-01 15:23:10,244 - pyiron_log - INFO - run_shell: workdir=/tmp/pytest-of-hmai/pytest-183/test_run_shell_concurrent_call0/work_2
2026-08-01 15:23:10,247 - pyiron_log - INFO - run_shell: workdir=/tmp/pytest-of-hmai/pytest-183/test_run_shell_concurrent_call0/work_3
2026-08-01 15:23:10,257 - pyiron_log - INFO - run_shell: workdir=/tmp/pytest-of-hmai/pytest-183/test_run_shell_concurrent_call0/work_0
2026-08-01 15:23:10,259 - pyiron_log - INFO - run_shell: workdir=/tmp/pytest-of-hmai/pytest-183/test_run_shell_concurrent_call0/work_1
2026-08-01 15:23:10,262 - pyiron_log - INFO - run_shell: workdir=/tmp/pytest-of-hmai/pytest-183/test_run_shell_concurrent_call0/work_2
2026-08-01 15:23:10,266 - pyiron_log - INFO - run_shell: workdir=/tmp/pytest-of-hmai/pytest-183/test_run_shell_concurrent_call0/work_3
2026-08-01 15:23:10,270 - pyiron_log - INFO - run_shell: workdir=/tmp/pytest-of-hmai/pytest-183/test_run_shell_concurrent_call0/work_0
2026-08-01 15:23:10,273 - pyiron_log - INFO - run_shell: workdir=/tmp/pytest-of-hmai/pytest-183/test_run_shell_concurrent_call0/work_1
2026-08-01 15:23:10,278 - pyiron_log - INFO - run_shell: workdir=/tmp/pytest-of-hmai/pytest-183/test_run_shell_concurrent_call0/work_2
2026-08-01 15:23:10,281 - pyiron_log - INFO - run_shell: workdir=/tmp/pytest-of-hmai/pytest-183/test_run_shell_concurrent_call0/work_3
2026-08-01 15:23:10,284 - pyiron_log - INFO - run_shell: workdir=/tmp/pytest-of-hmai/pytest-183/test_run_shell_concurrent_call0/work_0
2026-08-01 15:23:10,287 - pyiron_log - INFO - run_shell: workdir=/tmp/pytest-of-hmai/pytest-183/test_run_shell_concurrent_call0/work_1
2026-08-01 15:23:10,291 - pyiron_log - INFO - run_shell: workdir=/tmp/pytest-of-hmai/pytest-183/test_run_shell_concurrent_call0/work_2
2026-08-01 15:23:10,295 - pyiron_log - INFO - run_shell: workdir=/tmp/pytest-of-hmai/pytest-183/test_run_shell_concurrent_call0/work_3
2026-08-01 15:23:10,299 - pyiron_log - INFO - run_shell: workdir=/tmp/pytest-of-hmai/pytest-183/test_run_shell_concurrent_call0/work_0
2026-08-01 15:23:10,302 - pyiron_log - INFO - run_shell: workdir=/tmp/pytest-of-hmai/pytest-183/test_run_shell_concurrent_call0/work_1
2026-08-01 15:23:10,305 - pyiron_log - INFO - run_shell: workdir=/tmp/pytest-of-hmai/pytest-183/test_run_shell_concurrent_call0/work_2
2026-08-01 15:23:10,308 - pyiron_log - INFO - run_shell: workdir=/tmp/pytest-of-hmai/pytest-183/test_run_shell_concurrent_call0/work_3
2026-08-01 15:23:10,312 - pyiron_log - INFO - run_shell: workdir=/tmp/pytest-of-hmai/pytest-183/test_run_shell_concurrent_call0/work_0
2026-08-01 15:23:10,317 - pyiron_log - INFO - run_shell: workdir=/tmp/pytest-of-hmai/pytest-183/test_run_shell_concurrent_call0/work_1
2026-08-01 15:23:10,320 - pyiron_log - INFO - run_shell: workdir=/tmp/pytest-of-hmai/pytest-183/test_run_shell_concurrent_call0/work_2
2026-08-01 15:23:10,323 - pyiron_log - INFO - run_shell: workdir=/tmp/pytest-of-hmai/pytest-183/test_run_shell_concurrent_call0/work_3
2026-08-01 15:23:10,325 - pyiron_log - INFO - run_shell: workdir=/tmp/pytest-of-hmai/pytest-183/test_run_shell_concurrent_call0/work_0
2026-08-01 15:23:10,330 - pyiron_log - INFO - run_shell: workdir=/tmp/pytest-of-hmai/pytest-183/test_run_shell_concurrent_call0/work_1
2026-08-01 15:23:10,334 - pyiron_log - INFO - run_shell: workdir=/tmp/pytest-of-hmai/pytest-183/test_run_shell_concurrent_call0/work_2
2026-08-01 15:23:10,337 - pyiron_log - INFO - run_shell: workdir=/tmp/pytest-of-hmai/pytest-183/test_run_shell_concurrent_call0/work_3
2026-08-01 15:23:10,431 - pyiron_log - INFO - File '/tmp/pytest-of-hmai/pytest-183/test_is_line_in_file_missing_f0/no_such_file' not found.
2026-08-01 15:23:10,432 - pyiron_log - INFO - run_shell: workdir=/tmp/pytest-of-hmai/pytest-183/test_run_shell_propagates_subp0
2026-08-01 15:23:10,439 - pyiron_log - INFO - made directory '/tmp/pytest-of-hmai/pytest-183/test_vasp_job_runs_end_to_end0/calc'
2026-08-01 15:23:10,451 - pyiron_log - INFO - run_shell: workdir=/tmp/pytest-of-hmai/pytest-183/test_vasp_job_runs_end_to_end0/calc
2026-08-01 15:23:10,461 - pyiron_log - INFO - Deleted: /tmp/pytest-of-hmai/pytest-183/test_vasp_job_runs_end_to_end0/calc/CHGCAR
2026-08-01 15:23:10,472 - pyiron_log - INFO - made directory '/tmp/pytest-of-hmai/pytest-183/test_vasp_job_removes_calc_dir0/calc2'
2026-08-01 15:23:10,476 - pyiron_log - INFO - run_shell: workdir=/tmp/pytest-of-hmai/pytest-183/test_vasp_job_removes_calc_dir0/calc2
2026-08-01 15:23:10,510 - pyiron_log - INFO - made directory '/tmp/pytest-of-hmai/pytest-183/test_vasp_job_runs_without_fil0/calc3'
2026-08-01 15:23:10,513 - pyiron_log - INFO - run_shell: workdir=/tmp/pytest-of-hmai/pytest-183/test_vasp_job_runs_without_fil0/calc3
2026-08-01 15:23:10,523 - pyiron_log - INFO - Deleted: /tmp/pytest-of-hmai/pytest-183/test_vasp_job_runs_without_fil0/calc3/CHGCAR
2026-08-01 15:23:10,523 - pyiron_log - INFO - Deleted: /tmp/pytest-of-hmai/pytest-183/test_vasp_job_runs_without_fil0/calc3/CHG
2026-08-01 15:23:10,523 - pyiron_log - INFO - Deleted: /tmp/pytest-of-hmai/pytest-183/test_vasp_job_runs_without_fil0/calc3/WAVECAR
2026-08-01 15:23:10,535 - pyiron_log - INFO - made directory '/tmp/pytest-of-hmai/pytest-183/test_vasp_job_explicit_empty_l0/calc4'
2026-08-01 15:23:10,538 - pyiron_log - INFO - run_shell: workdir=/tmp/pytest-of-hmai/pytest-183/test_vasp_job_explicit_empty_l0/calc4
2026-08-01 15:23:10,552 - pyiron_log - INFO - made directory '/tmp/pytest-of-hmai/pytest-183/test_create_working_directory_0/fresh'
2026-08-01 15:23:52,243 - pyiron_log - INFO - made directory '/tmp/x'
2026-08-01 15:23:52,247 - pyiron_log - INFO - run_shell: workdir=/tmp/x
2026-08-01 15:24:38,451 - pyiron_log - INFO - run_shell: workdir=/tmp/rbf_test
2026-08-01 15:26:57,836 - pyiron_log - INFO - Deleted: /tmp/pytest-of-hmai/pytest-184/test_delete_files_recursively_0/vaspcalc/CHGCAR
2026-08-01 15:26:57,836 - pyiron_log - INFO - Deleted: /tmp/pytest-of-hmai/pytest-184/test_delete_files_recursively_0/vaspcalc/WAVECAR
2026-08-01 15:26:57,838 - pyiron_log - INFO - Error: /tmp/pytest-of-hmai/pytest-184/test_delete_files_recursively_1/nope is not a valid directory.
2026-08-01 15:26:57,843 - pyiron_log - INFO - compress_directory: compressed directory at /tmp/pytest-of-hmai/pytest-184/test_compress_directory_create0/vaspcalc
2026-08-01 15:26:57,846 - pyiron_log - INFO - compress_directory: compressed directory at /tmp/pytest-of-hmai/pytest-184/test_compress_directory_member0/vaspcalc
2026-08-01 15:26:57,850 - pyiron_log - INFO - compress_directory: compressed directory at /tmp/pytest-of-hmai/pytest-184/test_compress_directory_exclud0/vaspcalc
2026-08-01 15:26:57,858 - pyiron_log - INFO - run_shell: workdir=/tmp/pytest-of-hmai/pytest-184/test_run_shell_executes_in_wor0/calc
2026-08-01 15:26:57,863 - pyiron_log - INFO - run_shell: workdir=/tmp/pytest-of-hmai/pytest-184/test_run_shell_does_not_mutate0/calc
2026-08-01 15:26:57,869 - pyiron_log - INFO - run_shell: workdir=/tmp/pytest-of-hmai/pytest-184/test_run_shell_captures_failur0/calc
2026-08-01 15:26:57,876 - pyiron_log - INFO - run_shell: workdir=/tmp/pytest-of-hmai/pytest-184/test_run_shell_preserves_argum0/calc
2026-08-01 15:26:57,883 - pyiron_log - INFO - run_shell: workdir=/tmp/pytest-of-hmai/pytest-184/test_run_shell_concurrent_call0/work_0
2026-08-01 15:26:57,885 - pyiron_log - INFO - run_shell: workdir=/tmp/pytest-of-hmai/pytest-184/test_run_shell_concurrent_call0/work_1
2026-08-01 15:26:57,888 - pyiron_log - INFO - run_shell: workdir=/tmp/pytest-of-hmai/pytest-184/test_run_shell_concurrent_call0/work_2
2026-08-01 15:26:57,892 - pyiron_log - INFO - run_shell: workdir=/tmp/pytest-of-hmai/pytest-184/test_run_shell_concurrent_call0/work_3
2026-08-01 15:26:57,897 - pyiron_log - INFO - run_shell: workdir=/tmp/pytest-of-hmai/pytest-184/test_run_shell_concurrent_call0/work_0
2026-08-01 15:26:57,900 - pyiron_log - INFO - run_shell: workdir=/tmp/pytest-of-hmai/pytest-184/test_run_shell_concurrent_call0/work_1
2026-08-01 15:26:57,904 - pyiron_log - INFO - run_shell: workdir=/tmp/pytest-of-hmai/pytest-184/test_run_shell_concurrent_call0/work_2
2026-08-01 15:26:57,907 - pyiron_log - INFO - run_shell: workdir=/tmp/pytest-of-hmai/pytest-184/test_run_shell_concurrent_call0/work_3
2026-08-01 15:26:57,911 - pyiron_log - INFO - run_shell: workdir=/tmp/pytest-of-hmai/pytest-184/test_run_shell_concurrent_call0/work_0
2026-08-01 15:26:57,914 - pyiron_log - INFO - run_shell: workdir=/tmp/pytest-of-hmai/pytest-184/test_run_shell_concurrent_call0/work_1
2026-08-01 15:26:57,917 - pyiron_log - INFO - run_shell: workdir=/tmp/pytest-of-hmai/pytest-184/test_run_shell_concurrent_call0/work_2
2026-08-01 15:26:57,920 - pyiron_log - INFO - run_shell: workdir=/tmp/pytest-of-hmai/pytest-184/test_run_shell_concurrent_call0/work_3
2026-08-01 15:26:57,923 - pyiron_log - INFO - run_shell: workdir=/tmp/pytest-of-hmai/pytest-184/test_run_shell_concurrent_call0/work_0
2026-08-01 15:26:57,928 - pyiron_log - INFO - run_shell: workdir=/tmp/pytest-of-hmai/pytest-184/test_run_shell_concurrent_call0/work_1
2026-08-01 15:26:57,931 - pyiron_log - INFO - run_shell: workdir=/tmp/pytest-of-hmai/pytest-184/test_run_shell_concurrent_call0/work_2
2026-08-01 15:26:57,935 - pyiron_log - INFO - run_shell: workdir=/tmp/pytest-of-hmai/pytest-184/test_run_shell_concurrent_call0/work_3
2026-08-01 15:26:57,938 - pyiron_log - INFO - run_shell: workdir=/tmp/pytest-of-hmai/pytest-184/test_run_shell_concurrent_call0/work_0
2026-08-01 15:26:57,941 - pyiron_log - INFO - run_shell: workdir=/tmp/pytest-of-hmai/pytest-184/test_run_shell_concurrent_call0/work_1
2026-08-01 15:26:57,946 - pyiron_log - INFO - run_shell: workdir=/tmp/pytest-of-hmai/pytest-184/test_run_shell_concurrent_call0/work_2
2026-08-01 15:26:57,950 - pyiron_log - INFO - run_shell: workdir=/tmp/pytest-of-hmai/pytest-184/test_run_shell_concurrent_call0/work_3
2026-08-01 15:26:57,952 - pyiron_log - INFO - run_shell: workdir=/tmp/pytest-of-hmai/pytest-184/test_run_shell_concurrent_call0/work_0
2026-08-01 15:26:57,955 - pyiron_log - INFO - run_shell: workdir=/tmp/pytest-of-hmai/pytest-184/test_run_shell_concurrent_call0/work_1
2026-08-01 15:26:57,959 - pyiron_log - INFO - run_shell: workdir=/tmp/pytest-of-hmai/pytest-184/test_run_shell_concurrent_call0/work_2
2026-08-01 15:26:57,963 - pyiron_log - INFO - run_shell: workdir=/tmp/pytest-of-hmai/pytest-184/test_run_shell_concurrent_call0/work_3
2026-08-01 15:26:57,973 - pyiron_log - INFO - run_shell: workdir=/tmp/pytest-of-hmai/pytest-184/test_run_shell_concurrent_call0/work_0
2026-08-01 15:26:57,975 - pyiron_log - INFO - run_shell: workdir=/tmp/pytest-of-hmai/pytest-184/test_run_shell_concurrent_call0/work_1
2026-08-01 15:26:57,978 - pyiron_log - INFO - run_shell: workdir=/tmp/pytest-of-hmai/pytest-184/test_run_shell_concurrent_call0/work_2
2026-08-01 15:26:57,981 - pyiron_log - INFO - run_shell: workdir=/tmp/pytest-of-hmai/pytest-184/test_run_shell_concurrent_call0/work_3
2026-08-01 15:26:57,990 - pyiron_log - INFO - run_shell: workdir=/tmp/pytest-of-hmai/pytest-184/test_run_shell_concurrent_call0/work_0
2026-08-01 15:26:57,993 - pyiron_log - INFO - run_shell: workdir=/tmp/pytest-of-hmai/pytest-184/test_run_shell_concurrent_call0/work_1
2026-08-01 15:26:57,996 - pyiron_log - INFO - run_shell: workdir=/tmp/pytest-of-hmai/pytest-184/test_run_shell_concurrent_call0/work_2
2026-08-01 15:26:57,998 - pyiron_log - INFO - run_shell: workdir=/tmp/pytest-of-hmai/pytest-184/test_run_shell_concurrent_call0/work_3
2026-08-01 15:26:58,004 - pyiron_log - INFO - run_shell: workdir=/tmp/pytest-of-hmai/pytest-184/test_run_shell_concurrent_call0/work_0
2026-08-01 15:26:58,007 - pyiron_log - INFO - run_shell: workdir=/tmp/pytest-of-hmai/pytest-184/test_run_shell_concurrent_call0/work_1
2026-08-01 15:26:58,011 - pyiron_log - INFO - run_shell: workdir=/tmp/pytest-of-hmai/pytest-184/test_run_shell_concurrent_call0/work_2
2026-08-01 15:26:58,014 - pyiron_log - INFO - run_shell: workdir=/tmp/pytest-of-hmai/pytest-184/test_run_shell_concurrent_call0/work_3
2026-08-01 15:26:58,017 - pyiron_log - INFO - run_shell: workdir=/tmp/pytest-of-hmai/pytest-184/test_run_shell_concurrent_call0/work_0
2026-08-01 15:26:58,020 - pyiron_log - INFO - run_shell: workdir=/tmp/pytest-of-hmai/pytest-184/test_run_shell_concurrent_call0/work_1
2026-08-01 15:26:58,024 - pyiron_log - INFO - run_shell: workdir=/tmp/pytest-of-hmai/pytest-184/test_run_shell_concurrent_call0/work_2
2026-08-01 15:26:58,028 - pyiron_log - INFO - run_shell: workdir=/tmp/pytest-of-hmai/pytest-184/test_run_shell_concurrent_call0/work_3
2026-08-01 15:26:58,031 - pyiron_log - INFO - run_shell: workdir=/tmp/pytest-of-hmai/pytest-184/test_run_shell_concurrent_call0/work_0
2026-08-01 15:26:58,035 - pyiron_log - INFO - run_shell: workdir=/tmp/pytest-of-hmai/pytest-184/test_run_shell_concurrent_call0/work_1
2026-08-01 15:26:58,039 - pyiron_log - INFO - run_shell: workdir=/tmp/pytest-of-hmai/pytest-184/test_run_shell_concurrent_call0/work_2
2026-08-01 15:26:58,042 - pyiron_log - INFO - run_shell: workdir=/tmp/pytest-of-hmai/pytest-184/test_run_shell_concurrent_call0/work_3
2026-08-01 15:26:58,048 - pyiron_log - INFO - run_shell: workdir=/tmp/pytest-of-hmai/pytest-184/test_run_shell_concurrent_call0/work_0
2026-08-01 15:26:58,052 - pyiron_log - INFO - run_shell: workdir=/tmp/pytest-of-hmai/pytest-184/test_run_shell_concurrent_call0/work_1
2026-08-01 15:26:58,055 - pyiron_log - INFO - run_shell: workdir=/tmp/pytest-of-hmai/pytest-184/test_run_shell_concurrent_call0/work_2
2026-08-01 15:26:58,059 - pyiron_log - INFO - run_shell: workdir=/tmp/pytest-of-hmai/pytest-184/test_run_shell_concurrent_call0/work_3
2026-08-01 15:26:58,069 - pyiron_log - INFO - run_shell: workdir=/tmp/pytest-of-hmai/pytest-184/test_run_shell_concurrent_call0/work_0
2026-08-01 15:26:58,072 - pyiron_log - INFO - run_shell: workdir=/tmp/pytest-of-hmai/pytest-184/test_run_shell_concurrent_call0/work_1
2026-08-01 15:26:58,075 - pyiron_log - INFO - run_shell: workdir=/tmp/pytest-of-hmai/pytest-184/test_run_shell_concurrent_call0/work_2
2026-08-01 15:26:58,078 - pyiron_log - INFO - run_shell: workdir=/tmp/pytest-of-hmai/pytest-184/test_run_shell_concurrent_call0/work_3
2026-08-01 15:26:58,082 - pyiron_log - INFO - run_shell: workdir=/tmp/pytest-of-hmai/pytest-184/test_run_shell_concurrent_call0/work_0
2026-08-01 15:26:58,086 - pyiron_log - INFO - run_shell: workdir=/tmp/pytest-of-hmai/pytest-184/test_run_shell_concurrent_call0/work_1
2026-08-01 15:26:58,090 - pyiron_log - INFO - run_shell: workdir=/tmp/pytest-of-hmai/pytest-184/test_run_shell_concurrent_call0/work_2
2026-08-01 15:26:58,093 - pyiron_log - INFO - run_shell: workdir=/tmp/pytest-of-hmai/pytest-184/test_run_shell_concurrent_call0/work_3
2026-08-01 15:26:58,096 - pyiron_log - INFO - run_shell: workdir=/tmp/pytest-of-hmai/pytest-184/test_run_shell_concurrent_call0/work_0
2026-08-01 15:26:58,099 - pyiron_log - INFO - run_shell: workdir=/tmp/pytest-of-hmai/pytest-184/test_run_shell_concurrent_call0/work_1
2026-08-01 15:26:58,102 - pyiron_log - INFO - run_shell: workdir=/tmp/pytest-of-hmai/pytest-184/test_run_shell_concurrent_call0/work_2
2026-08-01 15:26:58,107 - pyiron_log - INFO - run_shell: workdir=/tmp/pytest-of-hmai/pytest-184/test_run_shell_concurrent_call0/work_3
2026-08-01 15:26:58,111 - pyiron_log - INFO - run_shell: workdir=/tmp/pytest-of-hmai/pytest-184/test_run_shell_concurrent_call0/work_0
2026-08-01 15:26:58,114 - pyiron_log - INFO - run_shell: workdir=/tmp/pytest-of-hmai/pytest-184/test_run_shell_concurrent_call0/work_1
2026-08-01 15:26:58,117 - pyiron_log - INFO - run_shell: workdir=/tmp/pytest-of-hmai/pytest-184/test_run_shell_concurrent_call0/work_2
2026-08-01 15:26:58,120 - pyiron_log - INFO - run_shell: workdir=/tmp/pytest-of-hmai/pytest-184/test_run_shell_concurrent_call0/work_3
2026-08-01 15:26:58,124 - pyiron_log - INFO - run_shell: workdir=/tmp/pytest-of-hmai/pytest-184/test_run_shell_concurrent_call0/work_0
2026-08-01 15:26:58,129 - pyiron_log - INFO - run_shell: workdir=/tmp/pytest-of-hmai/pytest-184/test_run_shell_concurrent_call0/work_1
2026-08-01 15:26:58,132 - pyiron_log - INFO - run_shell: workdir=/tmp/pytest-of-hmai/pytest-184/test_run_shell_concurrent_call0/work_2
2026-08-01 15:26:58,135 - pyiron_log - INFO - run_shell: workdir=/tmp/pytest-of-hmai/pytest-184/test_run_shell_concurrent_call0/work_3
2026-08-01 15:26:58,139 - pyiron_log - INFO - run_shell: workdir=/tmp/pytest-of-hmai/pytest-184/test_run_shell_concurrent_call0/work_0
2026-08-01 15:26:58,142 - pyiron_log - INFO - run_shell: workdir=/tmp/pytest-of-hmai/pytest-184/test_run_shell_concurrent_call0/work_1
2026-08-01 15:26:58,145 - pyiron_log - INFO - run_shell: workdir=/tmp/pytest-of-hmai/pytest-184/test_run_shell_concurrent_call0/work_2
2026-08-01 15:26:58,148 - pyiron_log - INFO - run_shell: workdir=/tmp/pytest-of-hmai/pytest-184/test_run_shell_concurrent_call0/work_3
2026-08-01 15:26:58,159 - pyiron_log - INFO - run_shell: workdir=/tmp/pytest-of-hmai/pytest-184/test_run_shell_concurrent_call0/work_0
2026-08-01 15:26:58,161 - pyiron_log - INFO - run_shell: workdir=/tmp/pytest-of-hmai/pytest-184/test_run_shell_concurrent_call0/work_1
2026-08-01 15:26:58,164 - pyiron_log - INFO - run_shell: workdir=/tmp/pytest-of-hmai/pytest-184/test_run_shell_concurrent_call0/work_2
2026-08-01 15:26:58,167 - pyiron_log - INFO - run_shell: workdir=/tmp/pytest-of-hmai/pytest-184/test_run_shell_concurrent_call0/work_3
2026-08-01 15:26:58,174 - pyiron_log - INFO - run_shell: workdir=/tmp/pytest-of-hmai/pytest-184/test_run_shell_concurrent_call0/work_0
2026-08-01 15:26:58,177 - pyiron_log - INFO - run_shell: workdir=/tmp/pytest-of-hmai/pytest-184/test_run_shell_concurrent_call0/work_1
2026-08-01 15:26:58,181 - pyiron_log - INFO - run_shell: workdir=/tmp/pytest-of-hmai/pytest-184/test_run_shell_concurrent_call0/work_2
2026-08-01 15:26:58,183 - pyiron_log - INFO - run_shell: workdir=/tmp/pytest-of-hmai/pytest-184/test_run_shell_concurrent_call0/work_3
2026-08-01 15:26:58,187 - pyiron_log - INFO - run_shell: workdir=/tmp/pytest-of-hmai/pytest-184/test_run_shell_concurrent_call0/work_0
2026-08-01 15:26:58,189 - pyiron_log - INFO - run_shell: workdir=/tmp/pytest-of-hmai/pytest-184/test_run_shell_concurrent_call0/work_1
2026-08-01 15:26:58,193 - pyiron_log - INFO - run_shell: workdir=/tmp/pytest-of-hmai/pytest-184/test_run_shell_concurrent_call0/work_2
2026-08-01 15:26:58,197 - pyiron_log - INFO - run_shell: workdir=/tmp/pytest-of-hmai/pytest-184/test_run_shell_concurrent_call0/work_3
2026-08-01 15:26:58,200 - pyiron_log - INFO - run_shell: workdir=/tmp/pytest-of-hmai/pytest-184/test_run_shell_concurrent_call0/work_0
2026-08-01 15:26:58,203 - pyiron_log - INFO - run_shell: workdir=/tmp/pytest-of-hmai/pytest-184/test_run_shell_concurrent_call0/work_1
2026-08-01 15:26:58,208 - pyiron_log - INFO - run_shell: workdir=/tmp/pytest-of-hmai/pytest-184/test_run_shell_concurrent_call0/work_2
2026-08-01 15:26:58,211 - pyiron_log - INFO - run_shell: workdir=/tmp/pytest-of-hmai/pytest-184/test_run_shell_concurrent_call0/work_3
2026-08-01 15:26:58,215 - pyiron_log - INFO - run_shell: workdir=/tmp/pytest-of-hmai/pytest-184/test_run_shell_concurrent_call0/work_0
2026-08-01 15:26:58,217 - pyiron_log - INFO - run_shell: workdir=/tmp/pytest-of-hmai/pytest-184/test_run_shell_concurrent_call0/work_1
2026-08-01 15:26:58,220 - pyiron_log - INFO - run_shell: workdir=/tmp/pytest-of-hmai/pytest-184/test_run_shell_concurrent_call0/work_2
2026-08-01 15:26:58,223 - pyiron_log - INFO - run_shell: workdir=/tmp/pytest-of-hmai/pytest-184/test_run_shell_concurrent_call0/work_3
2026-08-01 15:26:58,229 - pyiron_log - INFO - run_shell: workdir=/tmp/pytest-of-hmai/pytest-184/test_run_shell_concurrent_call0/work_0
2026-08-01 15:26:58,232 - pyiron_log - INFO - run_shell: workdir=/tmp/pytest-of-hmai/pytest-184/test_run_shell_concurrent_call0/work_1
2026-08-01 15:26:58,235 - pyiron_log - INFO - run_shell: workdir=/tmp/pytest-of-hmai/pytest-184/test_run_shell_concurrent_call0/work_2
2026-08-01 15:26:58,238 - pyiron_log - INFO - run_shell: workdir=/tmp/pytest-of-hmai/pytest-184/test_run_shell_concurrent_call0/work_3
2026-08-01 15:26:58,248 - pyiron_log - INFO - run_shell: workdir=/tmp/pytest-of-hmai/pytest-184/test_run_shell_concurrent_call0/work_0
2026-08-01 15:26:58,249 - pyiron_log - INFO - run_shell: workdir=/tmp/pytest-of-hmai/pytest-184/test_run_shell_concurrent_call0/work_1
2026-08-01 15:26:58,252 - pyiron_log - INFO - run_shell: workdir=/tmp/pytest-of-hmai/pytest-184/test_run_shell_concurrent_call0/work_2
2026-08-01 15:26:58,255 - pyiron_log - INFO - run_shell: workdir=/tmp/pytest-of-hmai/pytest-184/test_run_shell_concurrent_call0/work_3
2026-08-01 15:26:58,260 - pyiron_log - INFO - run_shell: workdir=/tmp/pytest-of-hmai/pytest-184/test_run_shell_concurrent_call0/work_0
2026-08-01 15:26:58,264 - pyiron_log - INFO - run_shell: workdir=/tmp/pytest-of-hmai/pytest-184/test_run_shell_concurrent_call0/work_1
2026-08-01 15:26:58,267 - pyiron_log - INFO - run_shell: workdir=/tmp/pytest-of-hmai/pytest-184/test_run_shell_concurrent_call0/work_2
2026-08-01 15:26:58,270 - pyiron_log - INFO - run_shell: workdir=/tmp/pytest-of-hmai/pytest-184/test_run_shell_concurrent_call0/work_3
2026-08-01 15:26:58,272 - pyiron_log - INFO - run_shell: workdir=/tmp/pytest-of-hmai/pytest-184/test_run_shell_concurrent_call0/work_0
2026-08-01 15:26:58,275 - pyiron_log - INFO - run_shell: workdir=/tmp/pytest-of-hmai/pytest-184/test_run_shell_concurrent_call0/work_1
2026-08-01 15:26:58,279 - pyiron_log - INFO - run_shell: workdir=/tmp/pytest-of-hmai/pytest-184/test_run_shell_concurrent_call0/work_2
2026-08-01 15:26:58,283 - pyiron_log - INFO - run_shell: workdir=/tmp/pytest-of-hmai/pytest-184/test_run_shell_concurrent_call0/work_3
2026-08-01 15:26:58,285 - pyiron_log - INFO - run_shell: workdir=/tmp/pytest-of-hmai/pytest-184/test_run_shell_concurrent_call0/work_0
2026-08-01 15:26:58,289 - pyiron_log - INFO - run_shell: workdir=/tmp/pytest-of-hmai/pytest-184/test_run_shell_concurrent_call0/work_1
2026-08-01 15:26:58,291 - pyiron_log - INFO - run_shell: workdir=/tmp/pytest-of-hmai/pytest-184/test_run_shell_concurrent_call0/work_2
2026-08-01 15:26:58,296 - pyiron_log - INFO - run_shell: workdir=/tmp/pytest-of-hmai/pytest-184/test_run_shell_concurrent_call0/work_3
2026-08-01 15:26:58,300 - pyiron_log - INFO - run_shell: workdir=/tmp/pytest-of-hmai/pytest-184/test_run_shell_concurrent_call0/work_0
2026-08-01 15:26:58,303 - pyiron_log - INFO - run_shell: workdir=/tmp/pytest-of-hmai/pytest-184/test_run_shell_concurrent_call0/work_1
2026-08-01 15:26:58,306 - pyiron_log - INFO - run_shell: workdir=/tmp/pytest-of-hmai/pytest-184/test_run_shell_concurrent_call0/work_2
2026-08-01 15:26:58,310 - pyiron_log - INFO - run_shell: workdir=/tmp/pytest-of-hmai/pytest-184/test_run_shell_concurrent_call0/work_3
2026-08-01 15:26:58,313 - pyiron_log - INFO - run_shell: workdir=/tmp/pytest-of-hmai/pytest-184/test_run_shell_concurrent_call0/work_0
2026-08-01 15:26:58,316 - pyiron_log - INFO - run_shell: workdir=/tmp/pytest-of-hmai/pytest-184/test_run_shell_concurrent_call0/work_1
2026-08-01 15:26:58,320 - pyiron_log - INFO - run_shell: workdir=/tmp/pytest-of-hmai/pytest-184/test_run_shell_concurrent_call0/work_2
2026-08-01 15:26:58,323 - pyiron_log - INFO - run_shell: workdir=/tmp/pytest-of-hmai/pytest-184/test_run_shell_concurrent_call0/work_3
2026-08-01 15:26:58,415 - pyiron_log - INFO - File '/tmp/pytest-of-hmai/pytest-184/test_is_line_in_file_missing_f0/no_such_file' not found.
2026-08-01 15:26:58,417 - pyiron_log - INFO - run_shell: workdir=/tmp/pytest-of-hmai/pytest-184/test_run_shell_propagates_subp0
2026-08-01 15:26:58,423 - pyiron_log - INFO - made directory '/tmp/pytest-of-hmai/pytest-184/test_vasp_job_runs_end_to_end0/calc'
2026-08-01 15:26:58,435 - pyiron_log - INFO - run_shell: workdir=/tmp/pytest-of-hmai/pytest-184/test_vasp_job_runs_end_to_end0/calc
2026-08-01 15:26:58,445 - pyiron_log - INFO - Deleted: /tmp/pytest-of-hmai/pytest-184/test_vasp_job_runs_end_to_end0/calc/CHGCAR
2026-08-01 15:26:58,456 - pyiron_log - INFO - made directory '/tmp/pytest-of-hmai/pytest-184/test_vasp_job_removes_calc_dir0/calc2'
2026-08-01 15:26:58,460 - pyiron_log - INFO - run_shell: workdir=/tmp/pytest-of-hmai/pytest-184/test_vasp_job_removes_calc_dir0/calc2
2026-08-01 15:26:58,500 - pyiron_log - INFO - made directory '/tmp/pytest-of-hmai/pytest-184/test_vasp_job_runs_without_fil0/calc3'
2026-08-01 15:26:58,501 - pyiron_log - INFO - run_shell: workdir=/tmp/pytest-of-hmai/pytest-184/test_vasp_job_runs_without_fil0/calc3
2026-08-01 15:26:58,513 - pyiron_log - INFO - Deleted: /tmp/pytest-of-hmai/pytest-184/test_vasp_job_runs_without_fil0/calc3/CHGCAR
2026-08-01 15:26:58,513 - pyiron_log - INFO - Deleted: /tmp/pytest-of-hmai/pytest-184/test_vasp_job_runs_without_fil0/calc3/CHG
2026-08-01 15:26:58,513 - pyiron_log - INFO - Deleted: /tmp/pytest-of-hmai/pytest-184/test_vasp_job_runs_without_fil0/calc3/WAVECAR
2026-08-01 15:26:58,538 - pyiron_log - INFO - made directory '/tmp/pytest-of-hmai/pytest-184/test_vasp_job_explicit_empty_l0/calc4'
2026-08-01 15:26:58,551 - pyiron_log - INFO - run_shell: workdir=/tmp/pytest-of-hmai/pytest-184/test_vasp_job_explicit_empty_l0/calc4
2026-08-01 15:26:58,583 - pyiron_log - INFO - made directory '/tmp/pytest-of-hmai/pytest-184/test_create_working_directory_0/fresh'
2026-08-01 15:29:37,385 - pyiron_log - INFO - Deleted: /tmp/pytest-of-hmai/pytest-185/test_delete_files_recursively_0/vaspcalc/CHGCAR
2026-08-01 15:29:37,385 - pyiron_log - INFO - Deleted: /tmp/pytest-of-hmai/pytest-185/test_delete_files_recursively_0/vaspcalc/WAVECAR
2026-08-01 15:29:37,387 - pyiron_log - INFO - Error: /tmp/pytest-of-hmai/pytest-185/test_delete_files_recursively_1/nope is not a valid directory.
2026-08-01 15:29:37,393 - pyiron_log - INFO - compress_directory: compressed directory at /tmp/pytest-of-hmai/pytest-185/test_compress_directory_create0/vaspcalc
2026-08-01 15:29:37,397 - pyiron_log - INFO - compress_directory: compressed directory at /tmp/pytest-of-hmai/pytest-185/test_compress_directory_member0/vaspcalc
2026-08-01 15:29:37,401 - pyiron_log - INFO - compress_directory: compressed directory at /tmp/pytest-of-hmai/pytest-185/test_compress_directory_exclud0/vaspcalc
2026-08-01 15:29:37,411 - pyiron_log - INFO - run_shell: workdir=/tmp/pytest-of-hmai/pytest-185/test_run_shell_executes_in_wor0/calc
2026-08-01 15:29:37,419 - pyiron_log - INFO - run_shell: workdir=/tmp/pytest-of-hmai/pytest-185/test_run_shell_does_not_mutate0/calc
2026-08-01 15:29:37,426 - pyiron_log - INFO - run_shell: workdir=/tmp/pytest-of-hmai/pytest-185/test_run_shell_captures_failur0/calc
2026-08-01 15:29:37,432 - pyiron_log - INFO - run_shell: workdir=/tmp/pytest-of-hmai/pytest-185/test_run_shell_preserves_argum0/calc
2026-08-01 15:29:37,442 - pyiron_log - INFO - run_shell: workdir=/tmp/pytest-of-hmai/pytest-185/test_run_shell_concurrent_call0/work_0
2026-08-01 15:29:37,445 - pyiron_log - INFO - run_shell: workdir=/tmp/pytest-of-hmai/pytest-185/test_run_shell_concurrent_call0/work_1
2026-08-01 15:29:37,448 - pyiron_log - INFO - run_shell: workdir=/tmp/pytest-of-hmai/pytest-185/test_run_shell_concurrent_call0/work_2
2026-08-01 15:29:37,452 - pyiron_log - INFO - run_shell: workdir=/tmp/pytest-of-hmai/pytest-185/test_run_shell_concurrent_call0/work_3
2026-08-01 15:29:37,458 - pyiron_log - INFO - run_shell: workdir=/tmp/pytest-of-hmai/pytest-185/test_run_shell_concurrent_call0/work_0
2026-08-01 15:29:37,462 - pyiron_log - INFO - run_shell: workdir=/tmp/pytest-of-hmai/pytest-185/test_run_shell_concurrent_call0/work_1
2026-08-01 15:29:37,464 - pyiron_log - INFO - run_shell: workdir=/tmp/pytest-of-hmai/pytest-185/test_run_shell_concurrent_call0/work_2
2026-08-01 15:29:37,468 - pyiron_log - INFO - run_shell: workdir=/tmp/pytest-of-hmai/pytest-185/test_run_shell_concurrent_call0/work_3
2026-08-01 15:29:37,470 - pyiron_log - INFO - run_shell: workdir=/tmp/pytest-of-hmai/pytest-185/test_run_shell_concurrent_call0/work_0
2026-08-01 15:29:37,479 - pyiron_log - INFO - run_shell: workdir=/tmp/pytest-of-hmai/pytest-185/test_run_shell_concurrent_call0/work_1
2026-08-01 15:29:37,482 - pyiron_log - INFO - run_shell: workdir=/tmp/pytest-of-hmai/pytest-185/test_run_shell_concurrent_call0/work_2
2026-08-01 15:29:37,486 - pyiron_log - INFO - run_shell: workdir=/tmp/pytest-of-hmai/pytest-185/test_run_shell_concurrent_call0/work_3
2026-08-01 15:29:37,488 - pyiron_log - INFO - run_shell: workdir=/tmp/pytest-of-hmai/pytest-185/test_run_shell_concurrent_call0/work_0
2026-08-01 15:29:37,492 - pyiron_log - INFO - run_shell: workdir=/tmp/pytest-of-hmai/pytest-185/test_run_shell_concurrent_call0/work_1
2026-08-01 15:29:37,498 - pyiron_log - INFO - run_shell: workdir=/tmp/pytest-of-hmai/pytest-185/test_run_shell_concurrent_call0/work_2
2026-08-01 15:29:37,501 - pyiron_log - INFO - run_shell: workdir=/tmp/pytest-of-hmai/pytest-185/test_run_shell_concurrent_call0/work_3
2026-08-01 15:29:37,505 - pyiron_log - INFO - run_shell: workdir=/tmp/pytest-of-hmai/pytest-185/test_run_shell_concurrent_call0/work_0
2026-08-01 15:29:37,507 - pyiron_log - INFO - run_shell: workdir=/tmp/pytest-of-hmai/pytest-185/test_run_shell_concurrent_call0/work_1
2026-08-01 15:29:37,513 - pyiron_log - INFO - run_shell: workdir=/tmp/pytest-of-hmai/pytest-185/test_run_shell_concurrent_call0/work_2
2026-08-01 15:29:37,517 - pyiron_log - INFO - run_shell: workdir=/tmp/pytest-of-hmai/pytest-185/test_run_shell_concurrent_call0/work_3
2026-08-01 15:29:37,519 - pyiron_log - INFO - run_shell: workdir=/tmp/pytest-of-hmai/pytest-185/test_run_shell_concurrent_call0/work_0
2026-08-01 15:29:37,523 - pyiron_log - INFO - run_shell: workdir=/tmp/pytest-of-hmai/pytest-185/test_run_shell_concurrent_call0/work_1
2026-08-01 15:29:37,527 - pyiron_log - INFO - run_shell: workdir=/tmp/pytest-of-hmai/pytest-185/test_run_shell_concurrent_call0/work_2
2026-08-01 15:29:37,530 - pyiron_log - INFO - run_shell: workdir=/tmp/pytest-of-hmai/pytest-185/test_run_shell_concurrent_call0/work_3
2026-08-01 15:29:37,542 - pyiron_log - INFO - run_shell: workdir=/tmp/pytest-of-hmai/pytest-185/test_run_shell_concurrent_call0/work_0
2026-08-01 15:29:37,545 - pyiron_log - INFO - run_shell: workdir=/tmp/pytest-of-hmai/pytest-185/test_run_shell_concurrent_call0/work_1
2026-08-01 15:29:37,548 - pyiron_log - INFO - run_shell: workdir=/tmp/pytest-of-hmai/pytest-185/test_run_shell_concurrent_call0/work_2
2026-08-01 15:29:37,553 - pyiron_log - INFO - run_shell: workdir=/tmp/pytest-of-hmai/pytest-185/test_run_shell_concurrent_call0/work_3
2026-08-01 15:29:37,558 - pyiron_log - INFO - run_shell: workdir=/tmp/pytest-of-hmai/pytest-185/test_run_shell_concurrent_call0/work_0
2026-08-01 15:29:37,561 - pyiron_log - INFO - run_shell: workdir=/tmp/pytest-of-hmai/pytest-185/test_run_shell_concurrent_call0/work_1
2026-08-01 15:29:37,564 - pyiron_log - INFO - run_shell: workdir=/tmp/pytest-of-hmai/pytest-185/test_run_shell_concurrent_call0/work_2
2026-08-01 15:29:37,569 - pyiron_log - INFO - run_shell: workdir=/tmp/pytest-of-hmai/pytest-185/test_run_shell_concurrent_call0/work_3
2026-08-01 15:29:37,574 - pyiron_log - INFO - run_shell: workdir=/tmp/pytest-of-hmai/pytest-185/test_run_shell_concurrent_call0/work_0
2026-08-01 15:29:37,576 - pyiron_log - INFO - run_shell: workdir=/tmp/pytest-of-hmai/pytest-185/test_run_shell_concurrent_call0/work_1
2026-08-01 15:29:37,580 - pyiron_log - INFO - run_shell: workdir=/tmp/pytest-of-hmai/pytest-185/test_run_shell_concurrent_call0/work_2
2026-08-01 15:29:37,583 - pyiron_log - INFO - run_shell: workdir=/tmp/pytest-of-hmai/pytest-185/test_run_shell_concurrent_call0/work_3
2026-08-01 15:29:37,588 - pyiron_log - INFO - run_shell: workdir=/tmp/pytest-of-hmai/pytest-185/test_run_shell_concurrent_call0/work_0
2026-08-01 15:29:37,592 - pyiron_log - INFO - run_shell: workdir=/tmp/pytest-of-hmai/pytest-185/test_run_shell_concurrent_call0/work_1
2026-08-01 15:29:37,596 - pyiron_log - INFO - run_shell: workdir=/tmp/pytest-of-hmai/pytest-185/test_run_shell_concurrent_call0/work_2
2026-08-01 15:29:37,599 - pyiron_log - INFO - run_shell: workdir=/tmp/pytest-of-hmai/pytest-185/test_run_shell_concurrent_call0/work_3
2026-08-01 15:29:37,602 - pyiron_log - INFO - run_shell: workdir=/tmp/pytest-of-hmai/pytest-185/test_run_shell_concurrent_call0/work_0
2026-08-01 15:29:37,605 - pyiron_log - INFO - run_shell: workdir=/tmp/pytest-of-hmai/pytest-185/test_run_shell_concurrent_call0/work_1
2026-08-01 15:29:37,610 - pyiron_log - INFO - run_shell: workdir=/tmp/pytest-of-hmai/pytest-185/test_run_shell_concurrent_call0/work_2
2026-08-01 15:29:37,614 - pyiron_log - INFO - run_shell: workdir=/tmp/pytest-of-hmai/pytest-185/test_run_shell_concurrent_call0/work_3
2026-08-01 15:29:37,620 - pyiron_log - INFO - run_shell: workdir=/tmp/pytest-of-hmai/pytest-185/test_run_shell_concurrent_call0/work_0
2026-08-01 15:29:37,623 - pyiron_log - INFO - run_shell: workdir=/tmp/pytest-of-hmai/pytest-185/test_run_shell_concurrent_call0/work_1
2026-08-01 15:29:37,628 - pyiron_log - INFO - run_shell: workdir=/tmp/pytest-of-hmai/pytest-185/test_run_shell_concurrent_call0/work_2
2026-08-01 15:29:37,631 - pyiron_log - INFO - run_shell: workdir=/tmp/pytest-of-hmai/pytest-185/test_run_shell_concurrent_call0/work_3
2026-08-01 15:29:37,642 - pyiron_log - INFO - run_shell: workdir=/tmp/pytest-of-hmai/pytest-185/test_run_shell_concurrent_call0/work_0
2026-08-01 15:29:37,645 - pyiron_log - INFO - run_shell: workdir=/tmp/pytest-of-hmai/pytest-185/test_run_shell_concurrent_call0/work_1
2026-08-01 15:29:37,648 - pyiron_log - INFO - run_shell: workdir=/tmp/pytest-of-hmai/pytest-185/test_run_shell_concurrent_call0/work_2
2026-08-01 15:29:37,652 - pyiron_log - INFO - run_shell: workdir=/tmp/pytest-of-hmai/pytest-185/test_run_shell_concurrent_call0/work_3
2026-08-01 15:29:37,658 - pyiron_log - INFO - run_shell: workdir=/tmp/pytest-of-hmai/pytest-185/test_run_shell_concurrent_call0/work_0
2026-08-01 15:29:37,662 - pyiron_log - INFO - run_shell: workdir=/tmp/pytest-of-hmai/pytest-185/test_run_shell_concurrent_call0/work_1
2026-08-01 15:29:37,665 - pyiron_log - INFO - run_shell: workdir=/tmp/pytest-of-hmai/pytest-185/test_run_shell_concurrent_call0/work_2
2026-08-01 15:29:37,668 - pyiron_log - INFO - run_shell: workdir=/tmp/pytest-of-hmai/pytest-185/test_run_shell_concurrent_call0/work_3
2026-08-01 15:29:37,671 - pyiron_log - INFO - run_shell: workdir=/tmp/pytest-of-hmai/pytest-185/test_run_shell_concurrent_call0/work_0
2026-08-01 15:29:37,677 - pyiron_log - INFO - run_shell: workdir=/tmp/pytest-of-hmai/pytest-185/test_run_shell_concurrent_call0/work_1
2026-08-01 15:29:37,681 - pyiron_log - INFO - run_shell: workdir=/tmp/pytest-of-hmai/pytest-185/test_run_shell_concurrent_call0/work_2
2026-08-01 15:29:37,683 - pyiron_log - INFO - run_shell: workdir=/tmp/pytest-of-hmai/pytest-185/test_run_shell_concurrent_call0/work_3
2026-08-01 15:29:37,687 - pyiron_log - INFO - run_shell: workdir=/tmp/pytest-of-hmai/pytest-185/test_run_shell_concurrent_call0/work_0
2026-08-01 15:29:37,689 - pyiron_log - INFO - run_shell: workdir=/tmp/pytest-of-hmai/pytest-185/test_run_shell_concurrent_call0/work_1
2026-08-01 15:29:37,698 - pyiron_log - INFO - run_shell: workdir=/tmp/pytest-of-hmai/pytest-185/test_run_shell_concurrent_call0/work_2
2026-08-01 15:29:37,702 - pyiron_log - INFO - run_shell: workdir=/tmp/pytest-of-hmai/pytest-185/test_run_shell_concurrent_call0/work_3
2026-08-01 15:29:37,705 - pyiron_log - INFO - run_shell: workdir=/tmp/pytest-of-hmai/pytest-185/test_run_shell_concurrent_call0/work_0
2026-08-01 15:29:37,707 - pyiron_log - INFO - run_shell: workdir=/tmp/pytest-of-hmai/pytest-185/test_run_shell_concurrent_call0/work_1
2026-08-01 15:29:37,711 - pyiron_log - INFO - run_shell: workdir=/tmp/pytest-of-hmai/pytest-185/test_run_shell_concurrent_call0/work_2
2026-08-01 15:29:37,719 - pyiron_log - INFO - run_shell: workdir=/tmp/pytest-of-hmai/pytest-185/test_run_shell_concurrent_call0/work_3
2026-08-01 15:29:37,723 - pyiron_log - INFO - run_shell: workdir=/tmp/pytest-of-hmai/pytest-185/test_run_shell_concurrent_call0/work_0
2026-08-01 15:29:37,726 - pyiron_log - INFO - run_shell: workdir=/tmp/pytest-of-hmai/pytest-185/test_run_shell_concurrent_call0/work_1
2026-08-01 15:29:37,731 - pyiron_log - INFO - run_shell: workdir=/tmp/pytest-of-hmai/pytest-185/test_run_shell_concurrent_call0/work_2
2026-08-01 15:29:37,735 - pyiron_log - INFO - run_shell: workdir=/tmp/pytest-of-hmai/pytest-185/test_run_shell_concurrent_call0/work_3
2026-08-01 15:29:37,745 - pyiron_log - INFO - run_shell: workdir=/tmp/pytest-of-hmai/pytest-185/test_run_shell_concurrent_call0/work_0
2026-08-01 15:29:37,748 - pyiron_log - INFO - run_shell: workdir=/tmp/pytest-of-hmai/pytest-185/test_run_shell_concurrent_call0/work_1
2026-08-01 15:29:37,751 - pyiron_log - INFO - run_shell: workdir=/tmp/pytest-of-hmai/pytest-185/test_run_shell_concurrent_call0/work_2
2026-08-01 15:29:37,755 - pyiron_log - INFO - run_shell: workdir=/tmp/pytest-of-hmai/pytest-185/test_run_shell_concurrent_call0/work_3
2026-08-01 15:29:37,761 - pyiron_log - INFO - run_shell: workdir=/tmp/pytest-of-hmai/pytest-185/test_run_shell_concurrent_call0/work_0
2026-08-01 15:29:37,763 - pyiron_log - INFO - run_shell: workdir=/tmp/pytest-of-hmai/pytest-185/test_run_shell_concurrent_call0/work_1
2026-08-01 15:29:37,767 - pyiron_log - INFO - run_shell: workdir=/tmp/pytest-of-hmai/pytest-185/test_run_shell_concurrent_call0/work_2
2026-08-01 15:29:37,771 - pyiron_log - INFO - run_shell: workdir=/tmp/pytest-of-hmai/pytest-185/test_run_shell_concurrent_call0/work_3
2026-08-01 15:29:37,776 - pyiron_log - INFO - run_shell: workdir=/tmp/pytest-of-hmai/pytest-185/test_run_shell_concurrent_call0/work_0
2026-08-01 15:29:37,779 - pyiron_log - INFO - run_shell: workdir=/tmp/pytest-of-hmai/pytest-185/test_run_shell_concurrent_call0/work_1
2026-08-01 15:29:37,783 - pyiron_log - INFO - run_shell: workdir=/tmp/pytest-of-hmai/pytest-185/test_run_shell_concurrent_call0/work_2
2026-08-01 15:29:37,786 - pyiron_log - INFO - run_shell: workdir=/tmp/pytest-of-hmai/pytest-185/test_run_shell_concurrent_call0/work_3
2026-08-01 15:29:37,789 - pyiron_log - INFO - run_shell: workdir=/tmp/pytest-of-hmai/pytest-185/test_run_shell_concurrent_call0/work_0
2026-08-01 15:29:37,792 - pyiron_log - INFO - run_shell: workdir=/tmp/pytest-of-hmai/pytest-185/test_run_shell_concurrent_call0/work_1
2026-08-01 15:29:37,800 - pyiron_log - INFO - run_shell: workdir=/tmp/pytest-of-hmai/pytest-185/test_run_shell_concurrent_call0/work_2
2026-08-01 15:29:37,803 - pyiron_log - INFO - run_shell: workdir=/tmp/pytest-of-hmai/pytest-185/test_run_shell_concurrent_call0/work_3
2026-08-01 15:29:37,806 - pyiron_log - INFO - run_shell: workdir=/tmp/pytest-of-hmai/pytest-185/test_run_shell_concurrent_call0/work_0
2026-08-01 15:29:37,810 - pyiron_log - INFO - run_shell: workdir=/tmp/pytest-of-hmai/pytest-185/test_run_shell_concurrent_call0/work_1
2026-08-01 15:29:37,816 - pyiron_log - INFO - run_shell: workdir=/tmp/pytest-of-hmai/pytest-185/test_run_shell_concurrent_call0/work_2
2026-08-01 15:29:37,819 - pyiron_log - INFO - run_shell: workdir=/tmp/pytest-of-hmai/pytest-185/test_run_shell_concurrent_call0/work_3
2026-08-01 15:29:37,823 - pyiron_log - INFO - run_shell: workdir=/tmp/pytest-of-hmai/pytest-185/test_run_shell_concurrent_call0/work_0
2026-08-01 15:29:37,826 - pyiron_log - INFO - run_shell: workdir=/tmp/pytest-of-hmai/pytest-185/test_run_shell_concurrent_call0/work_1
2026-08-01 15:29:37,828 - pyiron_log - INFO - run_shell: workdir=/tmp/pytest-of-hmai/pytest-185/test_run_shell_concurrent_call0/work_2
2026-08-01 15:29:37,837 - pyiron_log - INFO - run_shell: workdir=/tmp/pytest-of-hmai/pytest-185/test_run_shell_concurrent_call0/work_3
2026-08-01 15:29:37,847 - pyiron_log - INFO - run_shell: workdir=/tmp/pytest-of-hmai/pytest-185/test_run_shell_concurrent_call0/work_0
2026-08-01 15:29:37,850 - pyiron_log - INFO - run_shell: workdir=/tmp/pytest-of-hmai/pytest-185/test_run_shell_concurrent_call0/work_1
2026-08-01 15:29:37,854 - pyiron_log - INFO - run_shell: workdir=/tmp/pytest-of-hmai/pytest-185/test_run_shell_concurrent_call0/work_2
2026-08-01 15:29:37,856 - pyiron_log - INFO - run_shell: workdir=/tmp/pytest-of-hmai/pytest-185/test_run_shell_concurrent_call0/work_3
2026-08-01 15:29:37,861 - pyiron_log - INFO - run_shell: workdir=/tmp/pytest-of-hmai/pytest-185/test_run_shell_concurrent_call0/work_0
2026-08-01 15:29:37,865 - pyiron_log - INFO - run_shell: workdir=/tmp/pytest-of-hmai/pytest-185/test_run_shell_concurrent_call0/work_1
2026-08-01 15:29:37,870 - pyiron_log - INFO - run_shell: workdir=/tmp/pytest-of-hmai/pytest-185/test_run_shell_concurrent_call0/work_2
2026-08-01 15:29:37,873 - pyiron_log - INFO - run_shell: workdir=/tmp/pytest-of-hmai/pytest-185/test_run_shell_concurrent_call0/work_3
2026-08-01 15:29:37,876 - pyiron_log - INFO - run_shell: workdir=/tmp/pytest-of-hmai/pytest-185/test_run_shell_concurrent_call0/work_0
2026-08-01 15:29:37,879 - pyiron_log - INFO - run_shell: workdir=/tmp/pytest-of-hmai/pytest-185/test_run_shell_concurrent_call0/work_1
2026-08-01 15:29:37,885 - pyiron_log - INFO - run_shell: workdir=/tmp/pytest-of-hmai/pytest-185/test_run_shell_concurrent_call0/work_2
2026-08-01 15:29:37,889 - pyiron_log - INFO - run_shell: workdir=/tmp/pytest-of-hmai/pytest-185/test_run_shell_concurrent_call0/work_3
2026-08-01 15:29:37,892 - pyiron_log - INFO - run_shell: workdir=/tmp/pytest-of-hmai/pytest-185/test_run_shell_concurrent_call0/work_0
2026-08-01 15:29:37,896 - pyiron_log - INFO - run_shell: workdir=/tmp/pytest-of-hmai/pytest-185/test_run_shell_concurrent_call0/work_1
2026-08-01 15:29:37,899 - pyiron_log - INFO - run_shell: workdir=/tmp/pytest-of-hmai/pytest-185/test_run_shell_concurrent_call0/work_2
2026-08-01 15:29:37,904 - pyiron_log - INFO - run_shell: workdir=/tmp/pytest-of-hmai/pytest-185/test_run_shell_concurrent_call0/work_3
2026-08-01 15:29:37,908 - pyiron_log - INFO - run_shell: workdir=/tmp/pytest-of-hmai/pytest-185/test_run_shell_concurrent_call0/work_0
2026-08-01 15:29:37,912 - pyiron_log - INFO - run_shell: workdir=/tmp/pytest-of-hmai/pytest-185/test_run_shell_concurrent_call0/work_1
2026-08-01 15:29:37,915 - pyiron_log - INFO - run_shell: workdir=/tmp/pytest-of-hmai/pytest-185/test_run_shell_concurrent_call0/work_2
2026-08-01 15:29:37,918 - pyiron_log - INFO - run_shell: workdir=/tmp/pytest-of-hmai/pytest-185/test_run_shell_concurrent_call0/work_3
2026-08-01 15:29:37,922 - pyiron_log - INFO - run_shell: workdir=/tmp/pytest-of-hmai/pytest-185/test_run_shell_concurrent_call0/work_0
2026-08-01 15:29:37,927 - pyiron_log - INFO - run_shell: workdir=/tmp/pytest-of-hmai/pytest-185/test_run_shell_concurrent_call0/work_1
2026-08-01 15:29:37,930 - pyiron_log - INFO - run_shell: workdir=/tmp/pytest-of-hmai/pytest-185/test_run_shell_concurrent_call0/work_2
2026-08-01 15:29:37,933 - pyiron_log - INFO - run_shell: workdir=/tmp/pytest-of-hmai/pytest-185/test_run_shell_concurrent_call0/work_3
2026-08-01 15:29:38,034 - pyiron_log - INFO - File '/tmp/pytest-of-hmai/pytest-185/test_is_line_in_file_missing_f0/no_such_file' not found.
2026-08-01 15:29:38,036 - pyiron_log - INFO - run_shell: workdir=/tmp/pytest-of-hmai/pytest-185/test_run_shell_propagates_subp0
2026-08-01 15:29:38,043 - pyiron_log - INFO - made directory '/tmp/pytest-of-hmai/pytest-185/test_vasp_job_runs_end_to_end0/calc'
2026-08-01 15:29:38,057 - pyiron_log - INFO - run_shell: workdir=/tmp/pytest-of-hmai/pytest-185/test_vasp_job_runs_end_to_end0/calc
2026-08-01 15:29:38,067 - pyiron_log - INFO - Deleted: /tmp/pytest-of-hmai/pytest-185/test_vasp_job_runs_end_to_end0/calc/CHGCAR
2026-08-01 15:29:38,080 - pyiron_log - INFO - made directory '/tmp/pytest-of-hmai/pytest-185/test_vasp_job_removes_calc_dir0/calc2'
2026-08-01 15:29:38,084 - pyiron_log - INFO - run_shell: workdir=/tmp/pytest-of-hmai/pytest-185/test_vasp_job_removes_calc_dir0/calc2
2026-08-01 15:29:38,120 - pyiron_log - INFO - made directory '/tmp/pytest-of-hmai/pytest-185/test_vasp_job_runs_without_fil0/calc3'
2026-08-01 15:29:38,123 - pyiron_log - INFO - run_shell: workdir=/tmp/pytest-of-hmai/pytest-185/test_vasp_job_runs_without_fil0/calc3
2026-08-01 15:29:38,134 - pyiron_log - INFO - Deleted: /tmp/pytest-of-hmai/pytest-185/test_vasp_job_runs_without_fil0/calc3/CHGCAR
2026-08-01 15:29:38,134 - pyiron_log - INFO - Deleted: /tmp/pytest-of-hmai/pytest-185/test_vasp_job_runs_without_fil0/calc3/CHG
2026-08-01 15:29:38,135 - pyiron_log - INFO - Deleted: /tmp/pytest-of-hmai/pytest-185/test_vasp_job_runs_without_fil0/calc3/WAVECAR
2026-08-01 15:29:38,147 - pyiron_log - INFO - made directory '/tmp/pytest-of-hmai/pytest-185/test_vasp_job_explicit_empty_l0/calc4'
2026-08-01 15:29:38,151 - pyiron_log - INFO - run_shell: workdir=/tmp/pytest-of-hmai/pytest-185/test_vasp_job_explicit_empty_l0/calc4
2026-08-01 15:29:38,166 - pyiron_log - INFO - made directory '/tmp/pytest-of-hmai/pytest-185/test_create_working_directory_0/fresh'
2026-08-01 15:30:19,000 - pyiron_log - INFO - run_shell: workdir=/tmp/tmpe16wn_oe/c
2026-08-01 15:30:19,008 - pyiron_log - INFO - Deleted: /tmp/tmpe16wn_oe/c/CHG
2026-08-01 15:30:19,009 - pyiron_log - INFO - Deleted: /tmp/tmpe16wn_oe/c/CHGCAR
2026-08-01 15:30:19,009 - pyiron_log - INFO - Deleted: /tmp/tmpe16wn_oe/c/WAVECAR
2026-08-01 15:30:19,034 - pyiron_log - INFO - run_shell: workdir=/tmp/tmp9lyqokk6/c
2026-08-01 15:32:11,456 - pyiron_log - INFO - Deleted: /tmp/pytest-of-hmai/pytest-186/test_delete_files_recursively_0/vaspcalc/CHGCAR
2026-08-01 15:32:11,456 - pyiron_log - INFO - Deleted: /tmp/pytest-of-hmai/pytest-186/test_delete_files_recursively_0/vaspcalc/WAVECAR
2026-08-01 15:32:11,459 - pyiron_log - INFO - Error: /tmp/pytest-of-hmai/pytest-186/test_delete_files_recursively_1/nope is not a valid directory.
2026-08-01 15:32:11,467 - pyiron_log - INFO - compress_directory: compressed directory at /tmp/pytest-of-hmai/pytest-186/test_compress_directory_create0/vaspcalc
2026-08-01 15:32:11,473 - pyiron_log - INFO - compress_directory: compressed directory at /tmp/pytest-of-hmai/pytest-186/test_compress_directory_member0/vaspcalc
2026-08-01 15:32:11,479 - pyiron_log - INFO - compress_directory: compressed directory at /tmp/pytest-of-hmai/pytest-186/test_compress_directory_exclud0/vaspcalc
2026-08-01 15:32:11,493 - pyiron_log - INFO - run_shell: workdir=/tmp/pytest-of-hmai/pytest-186/test_run_shell_executes_in_wor0/calc
2026-08-01 15:32:11,501 - pyiron_log - INFO - run_shell: workdir=/tmp/pytest-of-hmai/pytest-186/test_run_shell_does_not_mutate0/calc
2026-08-01 15:32:11,509 - pyiron_log - INFO - run_shell: workdir=/tmp/pytest-of-hmai/pytest-186/test_run_shell_captures_failur0/calc
2026-08-01 15:32:11,517 - pyiron_log - INFO - run_shell: workdir=/tmp/pytest-of-hmai/pytest-186/test_run_shell_preserves_argum0/calc
2026-08-01 15:32:11,529 - pyiron_log - INFO - run_shell: workdir=/tmp/pytest-of-hmai/pytest-186/test_run_shell_concurrent_call0/work_0
2026-08-01 15:32:11,533 - pyiron_log - INFO - run_shell: workdir=/tmp/pytest-of-hmai/pytest-186/test_run_shell_concurrent_call0/work_1
2026-08-01 15:32:11,538 - pyiron_log - INFO - run_shell: workdir=/tmp/pytest-of-hmai/pytest-186/test_run_shell_concurrent_call0/work_2
2026-08-01 15:32:11,544 - pyiron_log - INFO - run_shell: workdir=/tmp/pytest-of-hmai/pytest-186/test_run_shell_concurrent_call0/work_3
2026-08-01 15:32:11,555 - pyiron_log - INFO - run_shell: workdir=/tmp/pytest-of-hmai/pytest-186/test_run_shell_concurrent_call0/work_0
2026-08-01 15:32:11,561 - pyiron_log - INFO - run_shell: workdir=/tmp/pytest-of-hmai/pytest-186/test_run_shell_concurrent_call0/work_1
2026-08-01 15:32:11,566 - pyiron_log - INFO - run_shell: workdir=/tmp/pytest-of-hmai/pytest-186/test_run_shell_concurrent_call0/work_2
2026-08-01 15:32:11,571 - pyiron_log - INFO - run_shell: workdir=/tmp/pytest-of-hmai/pytest-186/test_run_shell_concurrent_call0/work_3
2026-08-01 15:32:11,579 - pyiron_log - INFO - run_shell: workdir=/tmp/pytest-of-hmai/pytest-186/test_run_shell_concurrent_call0/work_0
2026-08-01 15:32:11,586 - pyiron_log - INFO - run_shell: workdir=/tmp/pytest-of-hmai/pytest-186/test_run_shell_concurrent_call0/work_1
2026-08-01 15:32:11,590 - pyiron_log - INFO - run_shell: workdir=/tmp/pytest-of-hmai/pytest-186/test_run_shell_concurrent_call0/work_2
2026-08-01 15:32:11,595 - pyiron_log - INFO - run_shell: workdir=/tmp/pytest-of-hmai/pytest-186/test_run_shell_concurrent_call0/work_3
2026-08-01 15:32:11,600 - pyiron_log - INFO - run_shell: workdir=/tmp/pytest-of-hmai/pytest-186/test_run_shell_concurrent_call0/work_0
2026-08-01 15:32:11,610 - pyiron_log - INFO - run_shell: workdir=/tmp/pytest-of-hmai/pytest-186/test_run_shell_concurrent_call0/work_1
2026-08-01 15:32:11,616 - pyiron_log - INFO - run_shell: workdir=/tmp/pytest-of-hmai/pytest-186/test_run_shell_concurrent_call0/work_2
2026-08-01 15:32:11,620 - pyiron_log - INFO - run_shell: workdir=/tmp/pytest-of-hmai/pytest-186/test_run_shell_concurrent_call0/work_3
2026-08-01 15:32:11,625 - pyiron_log - INFO - run_shell: workdir=/tmp/pytest-of-hmai/pytest-186/test_run_shell_concurrent_call0/work_0
2026-08-01 15:32:11,634 - pyiron_log - INFO - run_shell: workdir=/tmp/pytest-of-hmai/pytest-186/test_run_shell_concurrent_call0/work_1
2026-08-01 15:32:11,639 - pyiron_log - INFO - run_shell: workdir=/tmp/pytest-of-hmai/pytest-186/test_run_shell_concurrent_call0/work_2
2026-08-01 15:32:11,645 - pyiron_log - INFO - run_shell: workdir=/tmp/pytest-of-hmai/pytest-186/test_run_shell_concurrent_call0/work_3
2026-08-01 15:32:11,650 - pyiron_log - INFO - run_shell: workdir=/tmp/pytest-of-hmai/pytest-186/test_run_shell_concurrent_call0/work_0
2026-08-01 15:32:11,658 - pyiron_log - INFO - run_shell: workdir=/tmp/pytest-of-hmai/pytest-186/test_run_shell_concurrent_call0/work_1
2026-08-01 15:32:11,662 - pyiron_log - INFO - run_shell: workdir=/tmp/pytest-of-hmai/pytest-186/test_run_shell_concurrent_call0/work_2
2026-08-01 15:32:11,668 - pyiron_log - INFO - run_shell: workdir=/tmp/pytest-of-hmai/pytest-186/test_run_shell_concurrent_call0/work_3
2026-08-01 15:32:11,682 - pyiron_log - INFO - run_shell: workdir=/tmp/pytest-of-hmai/pytest-186/test_run_shell_concurrent_call0/work_0
2026-08-01 15:32:11,686 - pyiron_log - INFO - run_shell: workdir=/tmp/pytest-of-hmai/pytest-186/test_run_shell_concurrent_call0/work_1
2026-08-01 15:32:11,691 - pyiron_log - INFO - run_shell: workdir=/tmp/pytest-of-hmai/pytest-186/test_run_shell_concurrent_call0/work_2
2026-08-01 15:32:11,704 - pyiron_log - INFO - run_shell: workdir=/tmp/pytest-of-hmai/pytest-186/test_run_shell_concurrent_call0/work_3
2026-08-01 15:32:11,709 - pyiron_log - INFO - run_shell: workdir=/tmp/pytest-of-hmai/pytest-186/test_run_shell_concurrent_call0/work_0
2026-08-01 15:32:11,714 - pyiron_log - INFO - run_shell: workdir=/tmp/pytest-of-hmai/pytest-186/test_run_shell_concurrent_call0/work_1
2026-08-01 15:32:11,720 - pyiron_log - INFO - run_shell: workdir=/tmp/pytest-of-hmai/pytest-186/test_run_shell_concurrent_call0/work_2
2026-08-01 15:32:11,728 - pyiron_log - INFO - run_shell: workdir=/tmp/pytest-of-hmai/pytest-186/test_run_shell_concurrent_call0/work_3
2026-08-01 15:32:11,732 - pyiron_log - INFO - run_shell: workdir=/tmp/pytest-of-hmai/pytest-186/test_run_shell_concurrent_call0/work_0
2026-08-01 15:32:11,739 - pyiron_log - INFO - run_shell: workdir=/tmp/pytest-of-hmai/pytest-186/test_run_shell_concurrent_call0/work_1
2026-08-01 15:32:11,745 - pyiron_log - INFO - run_shell: workdir=/tmp/pytest-of-hmai/pytest-186/test_run_shell_concurrent_call0/work_2
2026-08-01 15:32:11,749 - pyiron_log - INFO - run_shell: workdir=/tmp/pytest-of-hmai/pytest-186/test_run_shell_concurrent_call0/work_3
2026-08-01 15:32:11,756 - pyiron_log - INFO - run_shell: workdir=/tmp/pytest-of-hmai/pytest-186/test_run_shell_concurrent_call0/work_0
2026-08-01 15:32:11,762 - pyiron_log - INFO - run_shell: workdir=/tmp/pytest-of-hmai/pytest-186/test_run_shell_concurrent_call0/work_1
2026-08-01 15:32:11,766 - pyiron_log - INFO - run_shell: workdir=/tmp/pytest-of-hmai/pytest-186/test_run_shell_concurrent_call0/work_2
2026-08-01 15:32:11,770 - pyiron_log - INFO - run_shell: workdir=/tmp/pytest-of-hmai/pytest-186/test_run_shell_concurrent_call0/work_3
2026-08-01 15:32:11,777 - pyiron_log - INFO - run_shell: workdir=/tmp/pytest-of-hmai/pytest-186/test_run_shell_concurrent_call0/work_0
2026-08-01 15:32:11,786 - pyiron_log - INFO - run_shell: workdir=/tmp/pytest-of-hmai/pytest-186/test_run_shell_concurrent_call0/work_1
2026-08-01 15:32:11,792 - pyiron_log - INFO - run_shell: workdir=/tmp/pytest-of-hmai/pytest-186/test_run_shell_concurrent_call0/work_2
2026-08-01 15:32:11,796 - pyiron_log - INFO - run_shell: workdir=/tmp/pytest-of-hmai/pytest-186/test_run_shell_concurrent_call0/work_3
2026-08-01 15:32:11,801 - pyiron_log - INFO - run_shell: workdir=/tmp/pytest-of-hmai/pytest-186/test_run_shell_concurrent_call0/work_0
2026-08-01 15:32:11,808 - pyiron_log - INFO - run_shell: workdir=/tmp/pytest-of-hmai/pytest-186/test_run_shell_concurrent_call0/work_1
2026-08-01 15:32:11,816 - pyiron_log - INFO - run_shell: workdir=/tmp/pytest-of-hmai/pytest-186/test_run_shell_concurrent_call0/work_2
2026-08-01 15:32:11,823 - pyiron_log - INFO - run_shell: workdir=/tmp/pytest-of-hmai/pytest-186/test_run_shell_concurrent_call0/work_3
2026-08-01 15:32:11,833 - pyiron_log - INFO - run_shell: workdir=/tmp/pytest-of-hmai/pytest-186/test_run_shell_concurrent_call0/work_0
2026-08-01 15:32:11,838 - pyiron_log - INFO - run_shell: workdir=/tmp/pytest-of-hmai/pytest-186/test_run_shell_concurrent_call0/work_1
2026-08-01 15:32:11,842 - pyiron_log - INFO - run_shell: workdir=/tmp/pytest-of-hmai/pytest-186/test_run_shell_concurrent_call0/work_2
2026-08-01 15:32:11,849 - pyiron_log - INFO - run_shell: workdir=/tmp/pytest-of-hmai/pytest-186/test_run_shell_concurrent_call0/work_3
2026-08-01 15:32:11,859 - pyiron_log - INFO - run_shell: workdir=/tmp/pytest-of-hmai/pytest-186/test_run_shell_concurrent_call0/work_0
2026-08-01 15:32:11,864 - pyiron_log - INFO - run_shell: workdir=/tmp/pytest-of-hmai/pytest-186/test_run_shell_concurrent_call0/work_1
2026-08-01 15:32:11,871 - pyiron_log - INFO - run_shell: workdir=/tmp/pytest-of-hmai/pytest-186/test_run_shell_concurrent_call0/work_2
2026-08-01 15:32:11,877 - pyiron_log - INFO - run_shell: workdir=/tmp/pytest-of-hmai/pytest-186/test_run_shell_concurrent_call0/work_3
2026-08-01 15:32:11,882 - pyiron_log - INFO - run_shell: workdir=/tmp/pytest-of-hmai/pytest-186/test_run_shell_concurrent_call0/work_0
2026-08-01 15:32:11,890 - pyiron_log - INFO - run_shell: workdir=/tmp/pytest-of-hmai/pytest-186/test_run_shell_concurrent_call0/work_1
2026-08-01 15:32:11,896 - pyiron_log - INFO - run_shell: workdir=/tmp/pytest-of-hmai/pytest-186/test_run_shell_concurrent_call0/work_2
2026-08-01 15:32:11,901 - pyiron_log - INFO - run_shell: workdir=/tmp/pytest-of-hmai/pytest-186/test_run_shell_concurrent_call0/work_3
2026-08-01 15:32:11,908 - pyiron_log - INFO - run_shell: workdir=/tmp/pytest-of-hmai/pytest-186/test_run_shell_concurrent_call0/work_0
2026-08-01 15:32:11,913 - pyiron_log - INFO - run_shell: workdir=/tmp/pytest-of-hmai/pytest-186/test_run_shell_concurrent_call0/work_1
2026-08-01 15:32:11,918 - pyiron_log - INFO - run_shell: workdir=/tmp/pytest-of-hmai/pytest-186/test_run_shell_concurrent_call0/work_2
2026-08-01 15:32:11,923 - pyiron_log - INFO - run_shell: workdir=/tmp/pytest-of-hmai/pytest-186/test_run_shell_concurrent_call0/work_3
2026-08-01 15:32:11,930 - pyiron_log - INFO - run_shell: workdir=/tmp/pytest-of-hmai/pytest-186/test_run_shell_concurrent_call0/work_0
2026-08-01 15:32:11,936 - pyiron_log - INFO - run_shell: workdir=/tmp/pytest-of-hmai/pytest-186/test_run_shell_concurrent_call0/work_1
2026-08-01 15:32:11,944 - pyiron_log - INFO - run_shell: workdir=/tmp/pytest-of-hmai/pytest-186/test_run_shell_concurrent_call0/work_2
2026-08-01 15:32:11,950 - pyiron_log - INFO - run_shell: workdir=/tmp/pytest-of-hmai/pytest-186/test_run_shell_concurrent_call0/work_3
2026-08-01 15:32:11,954 - pyiron_log - INFO - run_shell: workdir=/tmp/pytest-of-hmai/pytest-186/test_run_shell_concurrent_call0/work_0
2026-08-01 15:32:11,958 - pyiron_log - INFO - run_shell: workdir=/tmp/pytest-of-hmai/pytest-186/test_run_shell_concurrent_call0/work_1
2026-08-01 15:32:11,966 - pyiron_log - INFO - run_shell: workdir=/tmp/pytest-of-hmai/pytest-186/test_run_shell_concurrent_call0/work_2
2026-08-01 15:32:11,972 - pyiron_log - INFO - run_shell: workdir=/tmp/pytest-of-hmai/pytest-186/test_run_shell_concurrent_call0/work_3
2026-08-01 15:32:11,985 - pyiron_log - INFO - run_shell: workdir=/tmp/pytest-of-hmai/pytest-186/test_run_shell_concurrent_call0/work_0
2026-08-01 15:32:11,990 - pyiron_log - INFO - run_shell: workdir=/tmp/pytest-of-hmai/pytest-186/test_run_shell_concurrent_call0/work_1
2026-08-01 15:32:11,995 - pyiron_log - INFO - run_shell: workdir=/tmp/pytest-of-hmai/pytest-186/test_run_shell_concurrent_call0/work_2
2026-08-01 15:32:12,002 - pyiron_log - INFO - run_shell: workdir=/tmp/pytest-of-hmai/pytest-186/test_run_shell_concurrent_call0/work_3
2026-08-01 15:32:12,012 - pyiron_log - INFO - run_shell: workdir=/tmp/pytest-of-hmai/pytest-186/test_run_shell_concurrent_call0/work_0
2026-08-01 15:32:12,016 - pyiron_log - INFO - run_shell: workdir=/tmp/pytest-of-hmai/pytest-186/test_run_shell_concurrent_call0/work_1
2026-08-01 15:32:12,019 - pyiron_log - INFO - run_shell: workdir=/tmp/pytest-of-hmai/pytest-186/test_run_shell_concurrent_call0/work_2
2026-08-01 15:32:12,025 - pyiron_log - INFO - run_shell: workdir=/tmp/pytest-of-hmai/pytest-186/test_run_shell_concurrent_call0/work_3
2026-08-01 15:32:12,033 - pyiron_log - INFO - run_shell: workdir=/tmp/pytest-of-hmai/pytest-186/test_run_shell_concurrent_call0/work_0
2026-08-01 15:32:12,041 - pyiron_log - INFO - run_shell: workdir=/tmp/pytest-of-hmai/pytest-186/test_run_shell_concurrent_call0/work_1
2026-08-01 15:32:12,047 - pyiron_log - INFO - run_shell: workdir=/tmp/pytest-of-hmai/pytest-186/test_run_shell_concurrent_call0/work_2
2026-08-01 15:32:12,051 - pyiron_log - INFO - run_shell: workdir=/tmp/pytest-of-hmai/pytest-186/test_run_shell_concurrent_call0/work_3
2026-08-01 15:32:12,055 - pyiron_log - INFO - run_shell: workdir=/tmp/pytest-of-hmai/pytest-186/test_run_shell_concurrent_call0/work_0
2026-08-01 15:32:12,062 - pyiron_log - INFO - run_shell: workdir=/tmp/pytest-of-hmai/pytest-186/test_run_shell_concurrent_call0/work_1
2026-08-01 15:32:12,070 - pyiron_log - INFO - run_shell: workdir=/tmp/pytest-of-hmai/pytest-186/test_run_shell_concurrent_call0/work_2
2026-08-01 15:32:12,076 - pyiron_log - INFO - run_shell: workdir=/tmp/pytest-of-hmai/pytest-186/test_run_shell_concurrent_call0/work_3
2026-08-01 15:32:12,081 - pyiron_log - INFO - run_shell: workdir=/tmp/pytest-of-hmai/pytest-186/test_run_shell_concurrent_call0/work_0
2026-08-01 15:32:12,088 - pyiron_log - INFO - run_shell: workdir=/tmp/pytest-of-hmai/pytest-186/test_run_shell_concurrent_call0/work_1
2026-08-01 15:32:12,095 - pyiron_log - INFO - run_shell: workdir=/tmp/pytest-of-hmai/pytest-186/test_run_shell_concurrent_call0/work_2
2026-08-01 15:32:12,101 - pyiron_log - INFO - run_shell: workdir=/tmp/pytest-of-hmai/pytest-186/test_run_shell_concurrent_call0/work_3
2026-08-01 15:32:12,105 - pyiron_log - INFO - run_shell: workdir=/tmp/pytest-of-hmai/pytest-186/test_run_shell_concurrent_call0/work_0
2026-08-01 15:32:12,112 - pyiron_log - INFO - run_shell: workdir=/tmp/pytest-of-hmai/pytest-186/test_run_shell_concurrent_call0/work_1
2026-08-01 15:32:12,119 - pyiron_log - INFO - run_shell: workdir=/tmp/pytest-of-hmai/pytest-186/test_run_shell_concurrent_call0/work_2
2026-08-01 15:32:12,124 - pyiron_log - INFO - run_shell: workdir=/tmp/pytest-of-hmai/pytest-186/test_run_shell_concurrent_call0/work_3
2026-08-01 15:32:12,137 - pyiron_log - INFO - run_shell: workdir=/tmp/pytest-of-hmai/pytest-186/test_run_shell_concurrent_call0/work_0
2026-08-01 15:32:12,142 - pyiron_log - INFO - run_shell: workdir=/tmp/pytest-of-hmai/pytest-186/test_run_shell_concurrent_call0/work_1
2026-08-01 15:32:12,148 - pyiron_log - INFO - run_shell: workdir=/tmp/pytest-of-hmai/pytest-186/test_run_shell_concurrent_call0/work_2
2026-08-01 15:32:12,152 - pyiron_log - INFO - run_shell: workdir=/tmp/pytest-of-hmai/pytest-186/test_run_shell_concurrent_call0/work_3
2026-08-01 15:32:12,163 - pyiron_log - INFO - run_shell: workdir=/tmp/pytest-of-hmai/pytest-186/test_run_shell_concurrent_call0/work_0
2026-08-01 15:32:12,168 - pyiron_log - INFO - run_shell: workdir=/tmp/pytest-of-hmai/pytest-186/test_run_shell_concurrent_call0/work_1
2026-08-01 15:32:12,172 - pyiron_log - INFO - run_shell: workdir=/tmp/pytest-of-hmai/pytest-186/test_run_shell_concurrent_call0/work_2
2026-08-01 15:32:12,179 - pyiron_log - INFO - run_shell: workdir=/tmp/pytest-of-hmai/pytest-186/test_run_shell_concurrent_call0/work_3
2026-08-01 15:32:12,187 - pyiron_log - INFO - run_shell: workdir=/tmp/pytest-of-hmai/pytest-186/test_run_shell_concurrent_call0/work_0
2026-08-01 15:32:12,193 - pyiron_log - INFO - run_shell: workdir=/tmp/pytest-of-hmai/pytest-186/test_run_shell_concurrent_call0/work_1
2026-08-01 15:32:12,196 - pyiron_log - INFO - run_shell: workdir=/tmp/pytest-of-hmai/pytest-186/test_run_shell_concurrent_call0/work_2
2026-08-01 15:32:12,201 - pyiron_log - INFO - run_shell: workdir=/tmp/pytest-of-hmai/pytest-186/test_run_shell_concurrent_call0/work_3
2026-08-01 15:32:12,209 - pyiron_log - INFO - run_shell: workdir=/tmp/pytest-of-hmai/pytest-186/test_run_shell_concurrent_call0/work_0
2026-08-01 15:32:12,214 - pyiron_log - INFO - run_shell: workdir=/tmp/pytest-of-hmai/pytest-186/test_run_shell_concurrent_call0/work_1
2026-08-01 15:32:12,219 - pyiron_log - INFO - run_shell: workdir=/tmp/pytest-of-hmai/pytest-186/test_run_shell_concurrent_call0/work_2
2026-08-01 15:32:12,225 - pyiron_log - INFO - run_shell: workdir=/tmp/pytest-of-hmai/pytest-186/test_run_shell_concurrent_call0/work_3
2026-08-01 15:32:12,229 - pyiron_log - INFO - run_shell: workdir=/tmp/pytest-of-hmai/pytest-186/test_run_shell_concurrent_call0/work_0
2026-08-01 15:32:12,239 - pyiron_log - INFO - run_shell: workdir=/tmp/pytest-of-hmai/pytest-186/test_run_shell_concurrent_call0/work_1
2026-08-01 15:32:12,245 - pyiron_log - INFO - run_shell: workdir=/tmp/pytest-of-hmai/pytest-186/test_run_shell_concurrent_call0/work_2
2026-08-01 15:32:12,249 - pyiron_log - INFO - run_shell: workdir=/tmp/pytest-of-hmai/pytest-186/test_run_shell_concurrent_call0/work_3
2026-08-01 15:32:12,256 - pyiron_log - INFO - run_shell: workdir=/tmp/pytest-of-hmai/pytest-186/test_run_shell_concurrent_call0/work_0
2026-08-01 15:32:12,260 - pyiron_log - INFO - run_shell: workdir=/tmp/pytest-of-hmai/pytest-186/test_run_shell_concurrent_call0/work_1
2026-08-01 15:32:12,269 - pyiron_log - INFO - run_shell: workdir=/tmp/pytest-of-hmai/pytest-186/test_run_shell_concurrent_call0/work_2
2026-08-01 15:32:12,276 - pyiron_log - INFO - run_shell: workdir=/tmp/pytest-of-hmai/pytest-186/test_run_shell_concurrent_call0/work_3
2026-08-01 15:32:12,462 - pyiron_log - INFO - File '/tmp/pytest-of-hmai/pytest-186/test_is_line_in_file_missing_f0/no_such_file' not found.
2026-08-01 15:32:12,464 - pyiron_log - INFO - run_shell: workdir=/tmp/pytest-of-hmai/pytest-186/test_run_shell_propagates_subp0
2026-08-01 15:32:12,473 - pyiron_log - INFO - made directory '/tmp/pytest-of-hmai/pytest-186/test_vasp_job_runs_end_to_end0/calc'
2026-08-01 15:32:12,492 - pyiron_log - INFO - run_shell: workdir=/tmp/pytest-of-hmai/pytest-186/test_vasp_job_runs_end_to_end0/calc
2026-08-01 15:32:12,501 - pyiron_log - INFO - Deleted: /tmp/pytest-of-hmai/pytest-186/test_vasp_job_runs_end_to_end0/calc/CHGCAR
2026-08-01 15:32:12,520 - pyiron_log - INFO - made directory '/tmp/pytest-of-hmai/pytest-186/test_vasp_job_removes_calc_dir0/calc2'
2026-08-01 15:32:12,526 - pyiron_log - INFO - run_shell: workdir=/tmp/pytest-of-hmai/pytest-186/test_vasp_job_removes_calc_dir0/calc2
2026-08-01 15:32:12,567 - pyiron_log - INFO - made directory '/tmp/pytest-of-hmai/pytest-186/test_vasp_job_runs_without_fil0/calc3'
2026-08-01 15:32:12,572 - pyiron_log - INFO - run_shell: workdir=/tmp/pytest-of-hmai/pytest-186/test_vasp_job_runs_without_fil0/calc3
2026-08-01 15:32:12,584 - pyiron_log - INFO - Deleted: /tmp/pytest-of-hmai/pytest-186/test_vasp_job_runs_without_fil0/calc3/CHGCAR
2026-08-01 15:32:12,584 - pyiron_log - INFO - Deleted: /tmp/pytest-of-hmai/pytest-186/test_vasp_job_runs_without_fil0/calc3/CHG
2026-08-01 15:32:12,584 - pyiron_log - INFO - Deleted: /tmp/pytest-of-hmai/pytest-186/test_vasp_job_runs_without_fil0/calc3/WAVECAR
2026-08-01 15:32:12,601 - pyiron_log - INFO - made directory '/tmp/pytest-of-hmai/pytest-186/test_vasp_job_explicit_empty_l0/calc4'
2026-08-01 15:32:12,606 - pyiron_log - INFO - run_shell: workdir=/tmp/pytest-of-hmai/pytest-186/test_vasp_job_explicit_empty_l0/calc4
2026-08-01 15:32:12,632 - pyiron_log - INFO - made directory '/tmp/pytest-of-hmai/pytest-186/test_create_working_directory_0/fresh'
2026-08-01 15:34:57,967 - pyiron_log - INFO - made directory '/tmp/pytest-of-hmai/pytest-187/test_vasp_job_runs_end_to_end0/calc'
2026-08-01 15:34:58,003 - pyiron_log - INFO - run_shell: workdir=/tmp/pytest-of-hmai/pytest-187/test_vasp_job_runs_end_to_end0/calc
2026-08-01 15:34:58,013 - pyiron_log - INFO - Deleted: /tmp/pytest-of-hmai/pytest-187/test_vasp_job_runs_end_to_end0/calc/CHGCAR
2026-08-01 15:34:58,032 - pyiron_log - INFO - made directory '/tmp/pytest-of-hmai/pytest-187/test_vasp_job_removes_calc_dir0/calc2'
2026-08-01 15:34:58,036 - pyiron_log - INFO - run_shell: workdir=/tmp/pytest-of-hmai/pytest-187/test_vasp_job_removes_calc_dir0/calc2
2026-08-01 15:34:58,076 - pyiron_log - INFO - made directory '/tmp/pytest-of-hmai/pytest-187/test_vasp_job_runs_without_fil0/calc3'
2026-08-01 15:34:58,080 - pyiron_log - INFO - run_shell: workdir=/tmp/pytest-of-hmai/pytest-187/test_vasp_job_runs_without_fil0/calc3
2026-08-01 15:34:58,263 - pyiron_log - INFO - made directory '/tmp/pytest-of-hmai/pytest-187/test_vasp_job_explicit_empty_l0/calc4'
2026-08-01 15:34:58,266 - pyiron_log - INFO - run_shell: workdir=/tmp/pytest-of-hmai/pytest-187/test_vasp_job_explicit_empty_l0/calc4
2026-08-01 15:35:04,091 - pyiron_log - INFO - made directory '/tmp/pytest-of-hmai/pytest-188/test_vasp_job_runs_end_to_end0/calc'
2026-08-01 15:35:04,106 - pyiron_log - INFO - run_shell: workdir=/tmp/pytest-of-hmai/pytest-188/test_vasp_job_runs_end_to_end0/calc
2026-08-01 15:35:04,116 - pyiron_log - INFO - Deleted: /tmp/pytest-of-hmai/pytest-188/test_vasp_job_runs_end_to_end0/calc/CHGCAR
2026-08-01 15:35:04,131 - pyiron_log - INFO - made directory '/tmp/pytest-of-hmai/pytest-188/test_vasp_job_removes_calc_dir0/calc2'
2026-08-01 15:35:04,136 - pyiron_log - INFO - run_shell: workdir=/tmp/pytest-of-hmai/pytest-188/test_vasp_job_removes_calc_dir0/calc2
2026-08-01 15:35:04,337 - pyiron_log - INFO - made directory '/tmp/pytest-of-hmai/pytest-188/test_vasp_job_runs_without_fil0/calc3'
2026-08-01 15:35:04,340 - pyiron_log - INFO - run_shell: workdir=/tmp/pytest-of-hmai/pytest-188/test_vasp_job_runs_without_fil0/calc3
2026-08-01 15:35:04,350 - pyiron_log - INFO - Deleted: /tmp/pytest-of-hmai/pytest-188/test_vasp_job_runs_without_fil0/calc3/CHGCAR
2026-08-01 15:35:04,351 - pyiron_log - INFO - Deleted: /tmp/pytest-of-hmai/pytest-188/test_vasp_job_runs_without_fil0/calc3/CHG
2026-08-01 15:35:04,351 - pyiron_log - INFO - Deleted: /tmp/pytest-of-hmai/pytest-188/test_vasp_job_runs_without_fil0/calc3/WAVECAR
2026-08-01 15:35:04,364 - pyiron_log - INFO - made directory '/tmp/pytest-of-hmai/pytest-188/test_vasp_job_explicit_empty_l0/calc4'
2026-08-01 15:35:04,367 - pyiron_log - INFO - run_shell: workdir=/tmp/pytest-of-hmai/pytest-188/test_vasp_job_explicit_empty_l0/calc4
2026-08-01 15:35:10,150 - pyiron_log - INFO - made directory '/tmp/pytest-of-hmai/pytest-189/test_vasp_job_runs_end_to_end0/calc'
2026-08-01 15:35:10,165 - pyiron_log - INFO - run_shell: workdir=/tmp/pytest-of-hmai/pytest-189/test_vasp_job_runs_end_to_end0/calc
2026-08-01 15:35:10,368 - pyiron_log - INFO - made directory '/tmp/pytest-of-hmai/pytest-189/test_vasp_job_removes_calc_dir0/calc2'
2026-08-01 15:35:10,372 - pyiron_log - INFO - run_shell: workdir=/tmp/pytest-of-hmai/pytest-189/test_vasp_job_removes_calc_dir0/calc2
2026-08-01 15:35:10,408 - pyiron_log - INFO - made directory '/tmp/pytest-of-hmai/pytest-189/test_vasp_job_runs_without_fil0/calc3'
2026-08-01 15:35:10,412 - pyiron_log - INFO - run_shell: workdir=/tmp/pytest-of-hmai/pytest-189/test_vasp_job_runs_without_fil0/calc3
2026-08-01 15:35:10,438 - pyiron_log - INFO - made directory '/tmp/pytest-of-hmai/pytest-189/test_vasp_job_explicit_empty_l0/calc4'
2026-08-01 15:35:10,442 - pyiron_log - INFO - run_shell: workdir=/tmp/pytest-of-hmai/pytest-189/test_vasp_job_explicit_empty_l0/calc4
2026-08-01 15:35:16,396 - pyiron_log - INFO - made directory '/tmp/pytest-of-hmai/pytest-190/test_vasp_job_runs_end_to_end0/calc'
2026-08-01 15:35:16,413 - pyiron_log - INFO - run_shell: workdir=/tmp/pytest-of-hmai/pytest-190/test_vasp_job_runs_end_to_end0/calc
2026-08-01 15:35:16,423 - pyiron_log - INFO - Deleted: /tmp/pytest-of-hmai/pytest-190/test_vasp_job_runs_end_to_end0/calc/CHGCAR
2026-08-01 15:35:16,595 - pyiron_log - INFO - made directory '/tmp/pytest-of-hmai/pytest-190/test_vasp_job_removes_calc_dir0/calc2'
2026-08-01 15:35:16,599 - pyiron_log - INFO - run_shell: workdir=/tmp/pytest-of-hmai/pytest-190/test_vasp_job_removes_calc_dir0/calc2
2026-08-01 15:35:16,637 - pyiron_log - INFO - made directory '/tmp/pytest-of-hmai/pytest-190/test_vasp_job_runs_without_fil0/calc3'
2026-08-01 15:35:16,641 - pyiron_log - INFO - run_shell: workdir=/tmp/pytest-of-hmai/pytest-190/test_vasp_job_runs_without_fil0/calc3
2026-08-01 15:35:16,651 - pyiron_log - INFO - Deleted: /tmp/pytest-of-hmai/pytest-190/test_vasp_job_runs_without_fil0/calc3/CHGCAR
2026-08-01 15:35:16,651 - pyiron_log - INFO - Deleted: /tmp/pytest-of-hmai/pytest-190/test_vasp_job_runs_without_fil0/calc3/CHG
2026-08-01 15:35:16,651 - pyiron_log - INFO - Deleted: /tmp/pytest-of-hmai/pytest-190/test_vasp_job_runs_without_fil0/calc3/WAVECAR
2026-08-01 15:35:16,670 - pyiron_log - INFO - made directory '/tmp/pytest-of-hmai/pytest-190/test_vasp_job_explicit_empty_l0/calc4'
2026-08-01 15:35:16,674 - pyiron_log - INFO - run_shell: workdir=/tmp/pytest-of-hmai/pytest-190/test_vasp_job_explicit_empty_l0/calc4
2026-08-01 15:35:22,669 - pyiron_log - INFO - made directory '/tmp/pytest-of-hmai/pytest-191/test_create_working_directory_0/fresh'
2026-08-01 15:35:28,869 - pyiron_log - INFO - made directory '/tmp/pytest-of-hmai/pytest-192/test_create_working_directory_0/fresh'
2026-08-01 15:35:34,573 - pyiron_log - INFO - Deleted: /tmp/pytest-of-hmai/pytest-193/test_delete_files_recursively_0/vaspcalc/CHGCAR
2026-08-01 15:35:34,574 - pyiron_log - INFO - Deleted: /tmp/pytest-of-hmai/pytest-193/test_delete_files_recursively_0/vaspcalc/WAVECAR
2026-08-01 15:35:34,576 - pyiron_log - INFO - Error: /tmp/pytest-of-hmai/pytest-193/test_delete_files_recursively_1/nope is not a valid directory.
2026-08-01 15:35:34,582 - pyiron_log - INFO - compress_directory: compressed directory at /tmp/pytest-of-hmai/pytest-193/test_compress_directory_create0/vaspcalc
2026-08-01 15:35:34,586 - pyiron_log - INFO - compress_directory: compressed directory at /tmp/pytest-of-hmai/pytest-193/test_compress_directory_member0/vaspcalc
2026-08-01 15:35:34,590 - pyiron_log - INFO - compress_directory: compressed directory at /tmp/pytest-of-hmai/pytest-193/test_compress_directory_exclud0/vaspcalc
2026-08-01 15:35:34,599 - pyiron_log - INFO - run_shell: workdir=/tmp/pytest-of-hmai/pytest-193/test_run_shell_executes_in_wor0/calc
2026-08-01 15:35:34,605 - pyiron_log - INFO - run_shell: workdir=/tmp/pytest-of-hmai/pytest-193/test_run_shell_does_not_mutate0/calc
2026-08-01 15:35:34,612 - pyiron_log - INFO - run_shell: workdir=/tmp/pytest-of-hmai/pytest-193/test_run_shell_captures_failur0/calc
2026-08-01 15:35:34,617 - pyiron_log - INFO - run_shell: workdir=/tmp/pytest-of-hmai/pytest-193/test_run_shell_preserves_argum0/calc
2026-08-01 15:35:34,787 - pyiron_log - INFO - run_shell: workdir=/tmp/pytest-of-hmai/pytest-193/test_run_shell_concurrent_call0/work_0
2026-08-01 15:35:34,790 - pyiron_log - INFO - run_shell: workdir=/tmp/pytest-of-hmai/pytest-193/test_run_shell_concurrent_call0/work_1
2026-08-01 15:35:34,793 - pyiron_log - INFO - run_shell: workdir=/tmp/pytest-of-hmai/pytest-193/test_run_shell_concurrent_call0/work_2
2026-08-01 15:35:34,796 - pyiron_log - INFO - run_shell: workdir=/tmp/pytest-of-hmai/pytest-193/test_run_shell_concurrent_call0/work_3
2026-08-01 15:35:34,800 - pyiron_log - INFO - run_shell: workdir=/tmp/pytest-of-hmai/pytest-193/test_run_shell_concurrent_call0/work_0
2026-08-01 15:35:34,805 - pyiron_log - INFO - run_shell: workdir=/tmp/pytest-of-hmai/pytest-193/test_run_shell_concurrent_call0/work_1
2026-08-01 15:35:34,807 - pyiron_log - INFO - run_shell: workdir=/tmp/pytest-of-hmai/pytest-193/test_run_shell_concurrent_call0/work_2
2026-08-01 15:35:34,809 - pyiron_log - INFO - run_shell: workdir=/tmp/pytest-of-hmai/pytest-193/test_run_shell_concurrent_call0/work_3
2026-08-01 15:35:34,812 - pyiron_log - INFO - run_shell: workdir=/tmp/pytest-of-hmai/pytest-193/test_run_shell_concurrent_call0/work_0
2026-08-01 15:35:34,816 - pyiron_log - INFO - run_shell: workdir=/tmp/pytest-of-hmai/pytest-193/test_run_shell_concurrent_call0/work_1
2026-08-01 15:35:34,819 - pyiron_log - INFO - run_shell: workdir=/tmp/pytest-of-hmai/pytest-193/test_run_shell_concurrent_call0/work_2
2026-08-01 15:35:34,822 - pyiron_log - INFO - run_shell: workdir=/tmp/pytest-of-hmai/pytest-193/test_run_shell_concurrent_call0/work_3
2026-08-01 15:35:34,826 - pyiron_log - INFO - run_shell: workdir=/tmp/pytest-of-hmai/pytest-193/test_run_shell_concurrent_call0/work_0
2026-08-01 15:35:34,828 - pyiron_log - INFO - run_shell: workdir=/tmp/pytest-of-hmai/pytest-193/test_run_shell_concurrent_call0/work_1
2026-08-01 15:35:34,830 - pyiron_log - INFO - run_shell: workdir=/tmp/pytest-of-hmai/pytest-193/test_run_shell_concurrent_call0/work_2
2026-08-01 15:35:34,833 - pyiron_log - INFO - run_shell: workdir=/tmp/pytest-of-hmai/pytest-193/test_run_shell_concurrent_call0/work_3
2026-08-01 15:35:34,838 - pyiron_log - INFO - run_shell: workdir=/tmp/pytest-of-hmai/pytest-193/test_run_shell_concurrent_call0/work_0
2026-08-01 15:35:34,843 - pyiron_log - INFO - run_shell: workdir=/tmp/pytest-of-hmai/pytest-193/test_run_shell_concurrent_call0/work_1
2026-08-01 15:35:34,845 - pyiron_log - INFO - run_shell: workdir=/tmp/pytest-of-hmai/pytest-193/test_run_shell_concurrent_call0/work_2
2026-08-01 15:35:34,849 - pyiron_log - INFO - run_shell: workdir=/tmp/pytest-of-hmai/pytest-193/test_run_shell_concurrent_call0/work_3
2026-08-01 15:35:34,851 - pyiron_log - INFO - run_shell: workdir=/tmp/pytest-of-hmai/pytest-193/test_run_shell_concurrent_call0/work_0
2026-08-01 15:35:34,856 - pyiron_log - INFO - run_shell: workdir=/tmp/pytest-of-hmai/pytest-193/test_run_shell_concurrent_call0/work_1
2026-08-01 15:35:34,859 - pyiron_log - INFO - run_shell: workdir=/tmp/pytest-of-hmai/pytest-193/test_run_shell_concurrent_call0/work_2
2026-08-01 15:35:34,862 - pyiron_log - INFO - run_shell: workdir=/tmp/pytest-of-hmai/pytest-193/test_run_shell_concurrent_call0/work_3
2026-08-01 15:35:34,872 - pyiron_log - INFO - run_shell: workdir=/tmp/pytest-of-hmai/pytest-193/test_run_shell_concurrent_call0/work_0
2026-08-01 15:35:34,874 - pyiron_log - INFO - run_shell: workdir=/tmp/pytest-of-hmai/pytest-193/test_run_shell_concurrent_call0/work_1
2026-08-01 15:35:34,877 - pyiron_log - INFO - run_shell: workdir=/tmp/pytest-of-hmai/pytest-193/test_run_shell_concurrent_call0/work_2
2026-08-01 15:35:34,879 - pyiron_log - INFO - run_shell: workdir=/tmp/pytest-of-hmai/pytest-193/test_run_shell_concurrent_call0/work_3
2026-08-01 15:35:34,887 - pyiron_log - INFO - run_shell: workdir=/tmp/pytest-of-hmai/pytest-193/test_run_shell_concurrent_call0/work_0
2026-08-01 15:35:34,890 - pyiron_log - INFO - run_shell: workdir=/tmp/pytest-of-hmai/pytest-193/test_run_shell_concurrent_call0/work_1
2026-08-01 15:35:34,893 - pyiron_log - INFO - run_shell: workdir=/tmp/pytest-of-hmai/pytest-193/test_run_shell_concurrent_call0/work_2
2026-08-01 15:35:34,896 - pyiron_log - INFO - run_shell: workdir=/tmp/pytest-of-hmai/pytest-193/test_run_shell_concurrent_call0/work_3
2026-08-01 15:35:34,901 - pyiron_log - INFO - run_shell: workdir=/tmp/pytest-of-hmai/pytest-193/test_run_shell_concurrent_call0/work_0
2026-08-01 15:35:34,904 - pyiron_log - INFO - run_shell: workdir=/tmp/pytest-of-hmai/pytest-193/test_run_shell_concurrent_call0/work_1
2026-08-01 15:35:34,907 - pyiron_log - INFO - run_shell: workdir=/tmp/pytest-of-hmai/pytest-193/test_run_shell_concurrent_call0/work_2
2026-08-01 15:35:34,910 - pyiron_log - INFO - run_shell: workdir=/tmp/pytest-of-hmai/pytest-193/test_run_shell_concurrent_call0/work_3
2026-08-01 15:35:34,915 - pyiron_log - INFO - run_shell: workdir=/tmp/pytest-of-hmai/pytest-193/test_run_shell_concurrent_call0/work_0
2026-08-01 15:35:34,919 - pyiron_log - INFO - run_shell: workdir=/tmp/pytest-of-hmai/pytest-193/test_run_shell_concurrent_call0/work_1
2026-08-01 15:35:34,921 - pyiron_log - INFO - run_shell: workdir=/tmp/pytest-of-hmai/pytest-193/test_run_shell_concurrent_call0/work_2
2026-08-01 15:35:34,925 - pyiron_log - INFO - run_shell: workdir=/tmp/pytest-of-hmai/pytest-193/test_run_shell_concurrent_call0/work_3
2026-08-01 15:35:34,928 - pyiron_log - INFO - run_shell: workdir=/tmp/pytest-of-hmai/pytest-193/test_run_shell_concurrent_call0/work_0
2026-08-01 15:35:34,932 - pyiron_log - INFO - run_shell: workdir=/tmp/pytest-of-hmai/pytest-193/test_run_shell_concurrent_call0/work_1
2026-08-01 15:35:34,936 - pyiron_log - INFO - run_shell: workdir=/tmp/pytest-of-hmai/pytest-193/test_run_shell_concurrent_call0/work_2
2026-08-01 15:35:34,939 - pyiron_log - INFO - run_shell: workdir=/tmp/pytest-of-hmai/pytest-193/test_run_shell_concurrent_call0/work_3
2026-08-01 15:35:34,941 - pyiron_log - INFO - run_shell: workdir=/tmp/pytest-of-hmai/pytest-193/test_run_shell_concurrent_call0/work_0
2026-08-01 15:35:34,945 - pyiron_log - INFO - run_shell: workdir=/tmp/pytest-of-hmai/pytest-193/test_run_shell_concurrent_call0/work_1
2026-08-01 15:35:34,948 - pyiron_log - INFO - run_shell: workdir=/tmp/pytest-of-hmai/pytest-193/test_run_shell_concurrent_call0/work_2
2026-08-01 15:35:34,951 - pyiron_log - INFO - run_shell: workdir=/tmp/pytest-of-hmai/pytest-193/test_run_shell_concurrent_call0/work_3
2026-08-01 15:35:34,960 - pyiron_log - INFO - run_shell: workdir=/tmp/pytest-of-hmai/pytest-193/test_run_shell_concurrent_call0/work_0
2026-08-01 15:35:34,963 - pyiron_log - INFO - run_shell: workdir=/tmp/pytest-of-hmai/pytest-193/test_run_shell_concurrent_call0/work_1
2026-08-01 15:35:34,966 - pyiron_log - INFO - run_shell: workdir=/tmp/pytest-of-hmai/pytest-193/test_run_shell_concurrent_call0/work_2
2026-08-01 15:35:34,970 - pyiron_log - INFO - run_shell: workdir=/tmp/pytest-of-hmai/pytest-193/test_run_shell_concurrent_call0/work_3
2026-08-01 15:35:34,974 - pyiron_log - INFO - run_shell: workdir=/tmp/pytest-of-hmai/pytest-193/test_run_shell_concurrent_call0/work_0
2026-08-01 15:35:34,977 - pyiron_log - INFO - run_shell: workdir=/tmp/pytest-of-hmai/pytest-193/test_run_shell_concurrent_call0/work_1
2026-08-01 15:35:34,980 - pyiron_log - INFO - run_shell: workdir=/tmp/pytest-of-hmai/pytest-193/test_run_shell_concurrent_call0/work_2
2026-08-01 15:35:34,990 - pyiron_log - INFO - run_shell: workdir=/tmp/pytest-of-hmai/pytest-193/test_run_shell_concurrent_call0/work_3
2026-08-01 15:35:34,994 - pyiron_log - INFO - run_shell: workdir=/tmp/pytest-of-hmai/pytest-193/test_run_shell_concurrent_call0/work_0
2026-08-01 15:35:34,996 - pyiron_log - INFO - run_shell: workdir=/tmp/pytest-of-hmai/pytest-193/test_run_shell_concurrent_call0/work_1
2026-08-01 15:35:34,999 - pyiron_log - INFO - run_shell: workdir=/tmp/pytest-of-hmai/pytest-193/test_run_shell_concurrent_call0/work_2
2026-08-01 15:35:35,003 - pyiron_log - INFO - run_shell: workdir=/tmp/pytest-of-hmai/pytest-193/test_run_shell_concurrent_call0/work_3
2026-08-01 15:35:35,008 - pyiron_log - INFO - run_shell: workdir=/tmp/pytest-of-hmai/pytest-193/test_run_shell_concurrent_call0/work_0
2026-08-01 15:35:35,010 - pyiron_log - INFO - run_shell: workdir=/tmp/pytest-of-hmai/pytest-193/test_run_shell_concurrent_call0/work_1
2026-08-01 15:35:35,013 - pyiron_log - INFO - run_shell: workdir=/tmp/pytest-of-hmai/pytest-193/test_run_shell_concurrent_call0/work_2
2026-08-01 15:35:35,017 - pyiron_log - INFO - run_shell: workdir=/tmp/pytest-of-hmai/pytest-193/test_run_shell_concurrent_call0/work_3
2026-08-01 15:35:35,020 - pyiron_log - INFO - run_shell: workdir=/tmp/pytest-of-hmai/pytest-193/test_run_shell_concurrent_call0/work_0
2026-08-01 15:35:35,024 - pyiron_log - INFO - run_shell: workdir=/tmp/pytest-of-hmai/pytest-193/test_run_shell_concurrent_call0/work_1
2026-08-01 15:35:35,027 - pyiron_log - INFO - run_shell: workdir=/tmp/pytest-of-hmai/pytest-193/test_run_shell_concurrent_call0/work_2
2026-08-01 15:35:35,031 - pyiron_log - INFO - run_shell: workdir=/tmp/pytest-of-hmai/pytest-193/test_run_shell_concurrent_call0/work_3
2026-08-01 15:35:35,035 - pyiron_log - INFO - run_shell: workdir=/tmp/pytest-of-hmai/pytest-193/test_run_shell_concurrent_call0/work_0
2026-08-01 15:35:35,038 - pyiron_log - INFO - run_shell: workdir=/tmp/pytest-of-hmai/pytest-193/test_run_shell_concurrent_call0/work_1
2026-08-01 15:35:35,041 - pyiron_log - INFO - run_shell: workdir=/tmp/pytest-of-hmai/pytest-193/test_run_shell_concurrent_call0/work_2
2026-08-01 15:35:35,045 - pyiron_log - INFO - run_shell: workdir=/tmp/pytest-of-hmai/pytest-193/test_run_shell_concurrent_call0/work_3
2026-08-01 15:35:35,054 - pyiron_log - INFO - run_shell: workdir=/tmp/pytest-of-hmai/pytest-193/test_run_shell_concurrent_call0/work_0
2026-08-01 15:35:35,057 - pyiron_log - INFO - run_shell: workdir=/tmp/pytest-of-hmai/pytest-193/test_run_shell_concurrent_call0/work_1
2026-08-01 15:35:35,060 - pyiron_log - INFO - run_shell: workdir=/tmp/pytest-of-hmai/pytest-193/test_run_shell_concurrent_call0/work_2
2026-08-01 15:35:35,063 - pyiron_log - INFO - run_shell: workdir=/tmp/pytest-of-hmai/pytest-193/test_run_shell_concurrent_call0/work_3
2026-08-01 15:35:35,068 - pyiron_log - INFO - run_shell: workdir=/tmp/pytest-of-hmai/pytest-193/test_run_shell_concurrent_call0/work_0
2026-08-01 15:35:35,072 - pyiron_log - INFO - run_shell: workdir=/tmp/pytest-of-hmai/pytest-193/test_run_shell_concurrent_call0/work_1
2026-08-01 15:35:35,076 - pyiron_log - INFO - run_shell: workdir=/tmp/pytest-of-hmai/pytest-193/test_run_shell_concurrent_call0/work_2
2026-08-01 15:35:35,078 - pyiron_log - INFO - run_shell: workdir=/tmp/pytest-of-hmai/pytest-193/test_run_shell_concurrent_call0/work_3
2026-08-01 15:35:35,082 - pyiron_log - INFO - run_shell: workdir=/tmp/pytest-of-hmai/pytest-193/test_run_shell_concurrent_call0/work_0
2026-08-01 15:35:35,085 - pyiron_log - INFO - run_shell: workdir=/tmp/pytest-of-hmai/pytest-193/test_run_shell_concurrent_call0/work_1
2026-08-01 15:35:35,089 - pyiron_log - INFO - run_shell: workdir=/tmp/pytest-of-hmai/pytest-193/test_run_shell_concurrent_call0/work_2
2026-08-01 15:35:35,092 - pyiron_log - INFO - run_shell: workdir=/tmp/pytest-of-hmai/pytest-193/test_run_shell_concurrent_call0/work_3
2026-08-01 15:35:35,096 - pyiron_log - INFO - run_shell: workdir=/tmp/pytest-of-hmai/pytest-193/test_run_shell_concurrent_call0/work_0
2026-08-01 15:35:35,100 - pyiron_log - INFO - run_shell: workdir=/tmp/pytest-of-hmai/pytest-193/test_run_shell_concurrent_call0/work_1
2026-08-01 15:35:35,103 - pyiron_log - INFO - run_shell: workdir=/tmp/pytest-of-hmai/pytest-193/test_run_shell_concurrent_call0/work_2
2026-08-01 15:35:35,105 - pyiron_log - INFO - run_shell: workdir=/tmp/pytest-of-hmai/pytest-193/test_run_shell_concurrent_call0/work_3
2026-08-01 15:35:35,110 - pyiron_log - INFO - run_shell: workdir=/tmp/pytest-of-hmai/pytest-193/test_run_shell_concurrent_call0/work_0
2026-08-01 15:35:35,114 - pyiron_log - INFO - run_shell: workdir=/tmp/pytest-of-hmai/pytest-193/test_run_shell_concurrent_call0/work_1
2026-08-01 15:35:35,117 - pyiron_log - INFO - run_shell: workdir=/tmp/pytest-of-hmai/pytest-193/test_run_shell_concurrent_call0/work_2
2026-08-01 15:35:35,120 - pyiron_log - INFO - run_shell: workdir=/tmp/pytest-of-hmai/pytest-193/test_run_shell_concurrent_call0/work_3
2026-08-01 15:35:35,123 - pyiron_log - INFO - run_shell: workdir=/tmp/pytest-of-hmai/pytest-193/test_run_shell_concurrent_call0/work_0
2026-08-01 15:35:35,127 - pyiron_log - INFO - run_shell: workdir=/tmp/pytest-of-hmai/pytest-193/test_run_shell_concurrent_call0/work_1
2026-08-01 15:35:35,131 - pyiron_log - INFO - run_shell: workdir=/tmp/pytest-of-hmai/pytest-193/test_run_shell_concurrent_call0/work_2
2026-08-01 15:35:35,134 - pyiron_log - INFO - run_shell: workdir=/tmp/pytest-of-hmai/pytest-193/test_run_shell_concurrent_call0/work_3
2026-08-01 15:35:35,144 - pyiron_log - INFO - run_shell: workdir=/tmp/pytest-of-hmai/pytest-193/test_run_shell_concurrent_call0/work_0
2026-08-01 15:35:35,147 - pyiron_log - INFO - run_shell: workdir=/tmp/pytest-of-hmai/pytest-193/test_run_shell_concurrent_call0/work_1
2026-08-01 15:35:35,150 - pyiron_log - INFO - run_shell: workdir=/tmp/pytest-of-hmai/pytest-193/test_run_shell_concurrent_call0/work_2
2026-08-01 15:35:35,153 - pyiron_log - INFO - run_shell: workdir=/tmp/pytest-of-hmai/pytest-193/test_run_shell_concurrent_call0/work_3
2026-08-01 15:35:35,158 - pyiron_log - INFO - run_shell: workdir=/tmp/pytest-of-hmai/pytest-193/test_run_shell_concurrent_call0/work_0
2026-08-01 15:35:35,162 - pyiron_log - INFO - run_shell: workdir=/tmp/pytest-of-hmai/pytest-193/test_run_shell_concurrent_call0/work_1
2026-08-01 15:35:35,165 - pyiron_log - INFO - run_shell: workdir=/tmp/pytest-of-hmai/pytest-193/test_run_shell_concurrent_call0/work_2
2026-08-01 15:35:35,168 - pyiron_log - INFO - run_shell: workdir=/tmp/pytest-of-hmai/pytest-193/test_run_shell_concurrent_call0/work_3
2026-08-01 15:35:35,172 - pyiron_log - INFO - run_shell: workdir=/tmp/pytest-of-hmai/pytest-193/test_run_shell_concurrent_call0/work_0
2026-08-01 15:35:35,175 - pyiron_log - INFO - run_shell: workdir=/tmp/pytest-of-hmai/pytest-193/test_run_shell_concurrent_call0/work_1
2026-08-01 15:35:35,179 - pyiron_log - INFO - run_shell: workdir=/tmp/pytest-of-hmai/pytest-193/test_run_shell_concurrent_call0/work_2
2026-08-01 15:35:35,183 - pyiron_log - INFO - run_shell: workdir=/tmp/pytest-of-hmai/pytest-193/test_run_shell_concurrent_call0/work_3
2026-08-01 15:35:35,186 - pyiron_log - INFO - run_shell: workdir=/tmp/pytest-of-hmai/pytest-193/test_run_shell_concurrent_call0/work_0
2026-08-01 15:35:35,191 - pyiron_log - INFO - run_shell: workdir=/tmp/pytest-of-hmai/pytest-193/test_run_shell_concurrent_call0/work_1
2026-08-01 15:35:35,193 - pyiron_log - INFO - run_shell: workdir=/tmp/pytest-of-hmai/pytest-193/test_run_shell_concurrent_call0/work_2
2026-08-01 15:35:35,197 - pyiron_log - INFO - run_shell: workdir=/tmp/pytest-of-hmai/pytest-193/test_run_shell_concurrent_call0/work_3
2026-08-01 15:35:35,200 - pyiron_log - INFO - run_shell: workdir=/tmp/pytest-of-hmai/pytest-193/test_run_shell_concurrent_call0/work_0
2026-08-01 15:35:35,204 - pyiron_log - INFO - run_shell: workdir=/tmp/pytest-of-hmai/pytest-193/test_run_shell_concurrent_call0/work_1
2026-08-01 15:35:35,207 - pyiron_log - INFO - run_shell: workdir=/tmp/pytest-of-hmai/pytest-193/test_run_shell_concurrent_call0/work_2
2026-08-01 15:35:35,210 - pyiron_log - INFO - run_shell: workdir=/tmp/pytest-of-hmai/pytest-193/test_run_shell_concurrent_call0/work_3
2026-08-01 15:35:35,217 - pyiron_log - INFO - run_shell: workdir=/tmp/pytest-of-hmai/pytest-193/test_run_shell_concurrent_call0/work_0
2026-08-01 15:35:35,221 - pyiron_log - INFO - run_shell: workdir=/tmp/pytest-of-hmai/pytest-193/test_run_shell_concurrent_call0/work_1
2026-08-01 15:35:35,224 - pyiron_log - INFO - run_shell: workdir=/tmp/pytest-of-hmai/pytest-193/test_run_shell_concurrent_call0/work_2
2026-08-01 15:35:35,226 - pyiron_log - INFO - run_shell: workdir=/tmp/pytest-of-hmai/pytest-193/test_run_shell_concurrent_call0/work_3
2026-08-01 15:35:40,349 - pyiron_log - INFO - made directory '/tmp/pytest-of-hmai/pytest-194/test_create_working_directory_0/fresh'
2026-08-01 15:35:51,380 - pyiron_log - INFO - Deleted: /tmp/pytest-of-hmai/pytest-195/test_delete_files_recursively_0/vaspcalc/CHGCAR
2026-08-01 15:35:51,380 - pyiron_log - INFO - Deleted: /tmp/pytest-of-hmai/pytest-195/test_delete_files_recursively_0/vaspcalc/WAVECAR
2026-08-01 15:35:51,381 - pyiron_log - INFO - Error: /tmp/pytest-of-hmai/pytest-195/test_delete_files_recursively_1/nope is not a valid directory.
2026-08-01 15:35:51,387 - pyiron_log - INFO - compress_directory: compressed directory at /tmp/pytest-of-hmai/pytest-195/test_compress_directory_create0/vaspcalc
2026-08-01 15:35:51,390 - pyiron_log - INFO - compress_directory: compressed directory at /tmp/pytest-of-hmai/pytest-195/test_compress_directory_member0/vaspcalc
2026-08-01 15:35:51,394 - pyiron_log - INFO - compress_directory: compressed directory at /tmp/pytest-of-hmai/pytest-195/test_compress_directory_exclud0/vaspcalc
2026-08-01 15:35:51,402 - pyiron_log - INFO - run_shell: workdir=/tmp/pytest-of-hmai/pytest-195/test_run_shell_executes_in_wor0/calc
2026-08-01 15:35:51,409 - pyiron_log - INFO - run_shell: workdir=/tmp/pytest-of-hmai/pytest-195/test_run_shell_does_not_mutate0/calc
2026-08-01 15:35:51,415 - pyiron_log - INFO - run_shell: workdir=/tmp/pytest-of-hmai/pytest-195/test_run_shell_captures_failur0/calc
2026-08-01 15:35:51,422 - pyiron_log - INFO - run_shell: workdir=/tmp/pytest-of-hmai/pytest-195/test_run_shell_preserves_argum0/calc
2026-08-01 15:35:51,430 - pyiron_log - INFO - run_shell: workdir=/tmp/pytest-of-hmai/pytest-195/test_run_shell_concurrent_call0/work_0
2026-08-01 15:35:51,433 - pyiron_log - INFO - run_shell: workdir=/tmp/pytest-of-hmai/pytest-195/test_run_shell_concurrent_call0/work_1
2026-08-01 15:35:51,436 - pyiron_log - INFO - run_shell: workdir=/tmp/pytest-of-hmai/pytest-195/test_run_shell_concurrent_call0/work_2
2026-08-01 15:35:51,439 - pyiron_log - INFO - run_shell: workdir=/tmp/pytest-of-hmai/pytest-195/test_run_shell_concurrent_call0/work_3
2026-08-01 15:35:51,446 - pyiron_log - INFO - run_shell: workdir=/tmp/pytest-of-hmai/pytest-195/test_run_shell_concurrent_call0/work_0
2026-08-01 15:35:51,449 - pyiron_log - INFO - run_shell: workdir=/tmp/pytest-of-hmai/pytest-195/test_run_shell_concurrent_call0/work_1
2026-08-01 15:35:51,452 - pyiron_log - INFO - run_shell: workdir=/tmp/pytest-of-hmai/pytest-195/test_run_shell_concurrent_call0/work_2
2026-08-01 15:35:51,454 - pyiron_log - INFO - run_shell: workdir=/tmp/pytest-of-hmai/pytest-195/test_run_shell_concurrent_call0/work_3
2026-08-01 15:35:51,461 - pyiron_log - INFO - run_shell: workdir=/tmp/pytest-of-hmai/pytest-195/test_run_shell_concurrent_call0/work_0
2026-08-01 15:35:51,465 - pyiron_log - INFO - run_shell: workdir=/tmp/pytest-of-hmai/pytest-195/test_run_shell_concurrent_call0/work_1
2026-08-01 15:35:51,467 - pyiron_log - INFO - run_shell: workdir=/tmp/pytest-of-hmai/pytest-195/test_run_shell_concurrent_call0/work_2
2026-08-01 15:35:51,470 - pyiron_log - INFO - run_shell: workdir=/tmp/pytest-of-hmai/pytest-195/test_run_shell_concurrent_call0/work_3
2026-08-01 15:35:51,473 - pyiron_log - INFO - run_shell: workdir=/tmp/pytest-of-hmai/pytest-195/test_run_shell_concurrent_call0/work_0
2026-08-01 15:35:51,478 - pyiron_log - INFO - run_shell: workdir=/tmp/pytest-of-hmai/pytest-195/test_run_shell_concurrent_call0/work_1
2026-08-01 15:35:51,481 - pyiron_log - INFO - run_shell: workdir=/tmp/pytest-of-hmai/pytest-195/test_run_shell_concurrent_call0/work_2
2026-08-01 15:35:51,486 - pyiron_log - INFO - run_shell: workdir=/tmp/pytest-of-hmai/pytest-195/test_run_shell_concurrent_call0/work_3
2026-08-01 15:35:51,488 - pyiron_log - INFO - run_shell: workdir=/tmp/pytest-of-hmai/pytest-195/test_run_shell_concurrent_call0/work_0
2026-08-01 15:35:51,491 - pyiron_log - INFO - run_shell: workdir=/tmp/pytest-of-hmai/pytest-195/test_run_shell_concurrent_call0/work_1
2026-08-01 15:35:51,494 - pyiron_log - INFO - run_shell: workdir=/tmp/pytest-of-hmai/pytest-195/test_run_shell_concurrent_call0/work_2
2026-08-01 15:35:51,501 - pyiron_log - INFO - run_shell: workdir=/tmp/pytest-of-hmai/pytest-195/test_run_shell_concurrent_call0/work_3
2026-08-01 15:35:51,504 - pyiron_log - INFO - run_shell: workdir=/tmp/pytest-of-hmai/pytest-195/test_run_shell_concurrent_call0/work_0
2026-08-01 15:35:51,506 - pyiron_log - INFO - run_shell: workdir=/tmp/pytest-of-hmai/pytest-195/test_run_shell_concurrent_call0/work_1
2026-08-01 15:35:51,509 - pyiron_log - INFO - run_shell: workdir=/tmp/pytest-of-hmai/pytest-195/test_run_shell_concurrent_call0/work_2
2026-08-01 15:35:51,514 - pyiron_log - INFO - run_shell: workdir=/tmp/pytest-of-hmai/pytest-195/test_run_shell_concurrent_call0/work_3
2026-08-01 15:35:51,524 - pyiron_log - INFO - run_shell: workdir=/tmp/pytest-of-hmai/pytest-195/test_run_shell_concurrent_call0/work_0
2026-08-01 15:35:51,526 - pyiron_log - INFO - run_shell: workdir=/tmp/pytest-of-hmai/pytest-195/test_run_shell_concurrent_call0/work_1
2026-08-01 15:35:51,529 - pyiron_log - INFO - run_shell: workdir=/tmp/pytest-of-hmai/pytest-195/test_run_shell_concurrent_call0/work_2
2026-08-01 15:35:51,532 - pyiron_log - INFO - run_shell: workdir=/tmp/pytest-of-hmai/pytest-195/test_run_shell_concurrent_call0/work_3
2026-08-01 15:35:51,540 - pyiron_log - INFO - run_shell: workdir=/tmp/pytest-of-hmai/pytest-195/test_run_shell_concurrent_call0/work_0
2026-08-01 15:35:51,543 - pyiron_log - INFO - run_shell: workdir=/tmp/pytest-of-hmai/pytest-195/test_run_shell_concurrent_call0/work_1
2026-08-01 15:35:51,546 - pyiron_log - INFO - run_shell: workdir=/tmp/pytest-of-hmai/pytest-195/test_run_shell_concurrent_call0/work_2
2026-08-01 15:35:51,548 - pyiron_log - INFO - run_shell: workdir=/tmp/pytest-of-hmai/pytest-195/test_run_shell_concurrent_call0/work_3
2026-08-01 15:35:51,552 - pyiron_log - INFO - run_shell: workdir=/tmp/pytest-of-hmai/pytest-195/test_run_shell_concurrent_call0/work_0
2026-08-01 15:35:51,557 - pyiron_log - INFO - run_shell: workdir=/tmp/pytest-of-hmai/pytest-195/test_run_shell_concurrent_call0/work_1
2026-08-01 15:35:51,560 - pyiron_log - INFO - run_shell: workdir=/tmp/pytest-of-hmai/pytest-195/test_run_shell_concurrent_call0/work_2
2026-08-01 15:35:51,564 - pyiron_log - INFO - run_shell: workdir=/tmp/pytest-of-hmai/pytest-195/test_run_shell_concurrent_call0/work_3
2026-08-01 15:35:51,566 - pyiron_log - INFO - run_shell: workdir=/tmp/pytest-of-hmai/pytest-195/test_run_shell_concurrent_call0/work_0
2026-08-01 15:35:51,569 - pyiron_log - INFO - run_shell: workdir=/tmp/pytest-of-hmai/pytest-195/test_run_shell_concurrent_call0/work_1
2026-08-01 15:35:51,573 - pyiron_log - INFO - run_shell: workdir=/tmp/pytest-of-hmai/pytest-195/test_run_shell_concurrent_call0/work_2
2026-08-01 15:35:51,577 - pyiron_log - INFO - run_shell: workdir=/tmp/pytest-of-hmai/pytest-195/test_run_shell_concurrent_call0/work_3
2026-08-01 15:35:51,580 - pyiron_log - INFO - run_shell: workdir=/tmp/pytest-of-hmai/pytest-195/test_run_shell_concurrent_call0/work_0
2026-08-01 15:35:51,583 - pyiron_log - INFO - run_shell: workdir=/tmp/pytest-of-hmai/pytest-195/test_run_shell_concurrent_call0/work_1
2026-08-01 15:35:51,585 - pyiron_log - INFO - run_shell: workdir=/tmp/pytest-of-hmai/pytest-195/test_run_shell_concurrent_call0/work_2
2026-08-01 15:35:51,588 - pyiron_log - INFO - run_shell: workdir=/tmp/pytest-of-hmai/pytest-195/test_run_shell_concurrent_call0/work_3
2026-08-01 15:35:51,709 - pyiron_log - INFO - run_shell: workdir=/tmp/pytest-of-hmai/pytest-195/test_run_shell_concurrent_call0/work_0
2026-08-01 15:35:51,712 - pyiron_log - INFO - run_shell: workdir=/tmp/pytest-of-hmai/pytest-195/test_run_shell_concurrent_call0/work_1
2026-08-01 15:35:51,715 - pyiron_log - INFO - run_shell: workdir=/tmp/pytest-of-hmai/pytest-195/test_run_shell_concurrent_call0/work_2
2026-08-01 15:35:51,718 - pyiron_log - INFO - run_shell: workdir=/tmp/pytest-of-hmai/pytest-195/test_run_shell_concurrent_call0/work_3
2026-08-01 15:35:51,728 - pyiron_log - INFO - run_shell: workdir=/tmp/pytest-of-hmai/pytest-195/test_run_shell_concurrent_call0/work_0
2026-08-01 15:35:51,731 - pyiron_log - INFO - run_shell: workdir=/tmp/pytest-of-hmai/pytest-195/test_run_shell_concurrent_call0/work_1
2026-08-01 15:35:51,734 - pyiron_log - INFO - run_shell: workdir=/tmp/pytest-of-hmai/pytest-195/test_run_shell_concurrent_call0/work_2
2026-08-01 15:35:51,737 - pyiron_log - INFO - run_shell: workdir=/tmp/pytest-of-hmai/pytest-195/test_run_shell_concurrent_call0/work_3
2026-08-01 15:35:51,741 - pyiron_log - INFO - run_shell: workdir=/tmp/pytest-of-hmai/pytest-195/test_run_shell_concurrent_call0/work_0
2026-08-01 15:35:51,746 - pyiron_log - INFO - run_shell: workdir=/tmp/pytest-of-hmai/pytest-195/test_run_shell_concurrent_call0/work_1
2026-08-01 15:35:51,750 - pyiron_log - INFO - run_shell: workdir=/tmp/pytest-of-hmai/pytest-195/test_run_shell_concurrent_call0/work_2
2026-08-01 15:35:51,753 - pyiron_log - INFO - run_shell: workdir=/tmp/pytest-of-hmai/pytest-195/test_run_shell_concurrent_call0/work_3
2026-08-01 15:35:51,756 - pyiron_log - INFO - run_shell: workdir=/tmp/pytest-of-hmai/pytest-195/test_run_shell_concurrent_call0/work_0
2026-08-01 15:35:51,759 - pyiron_log - INFO - run_shell: workdir=/tmp/pytest-of-hmai/pytest-195/test_run_shell_concurrent_call0/work_1
2026-08-01 15:35:51,762 - pyiron_log - INFO - run_shell: workdir=/tmp/pytest-of-hmai/pytest-195/test_run_shell_concurrent_call0/work_2
2026-08-01 15:35:51,767 - pyiron_log - INFO - run_shell: workdir=/tmp/pytest-of-hmai/pytest-195/test_run_shell_concurrent_call0/work_3
2026-08-01 15:35:51,770 - pyiron_log - INFO - run_shell: workdir=/tmp/pytest-of-hmai/pytest-195/test_run_shell_concurrent_call0/work_0
2026-08-01 15:35:51,773 - pyiron_log - INFO - run_shell: workdir=/tmp/pytest-of-hmai/pytest-195/test_run_shell_concurrent_call0/work_1
2026-08-01 15:35:51,776 - pyiron_log - INFO - run_shell: workdir=/tmp/pytest-of-hmai/pytest-195/test_run_shell_concurrent_call0/work_2
2026-08-01 15:35:51,779 - pyiron_log - INFO - run_shell: workdir=/tmp/pytest-of-hmai/pytest-195/test_run_shell_concurrent_call0/work_3
2026-08-01 15:35:51,784 - pyiron_log - INFO - run_shell: workdir=/tmp/pytest-of-hmai/pytest-195/test_run_shell_concurrent_call0/work_0
2026-08-01 15:35:51,788 - pyiron_log - INFO - run_shell: workdir=/tmp/pytest-of-hmai/pytest-195/test_run_shell_concurrent_call0/work_1
2026-08-01 15:35:51,790 - pyiron_log - INFO - run_shell: workdir=/tmp/pytest-of-hmai/pytest-195/test_run_shell_concurrent_call0/work_2
2026-08-01 15:35:51,793 - pyiron_log - INFO - run_shell: workdir=/tmp/pytest-of-hmai/pytest-195/test_run_shell_concurrent_call0/work_3
2026-08-01 15:35:51,796 - pyiron_log - INFO - run_shell: workdir=/tmp/pytest-of-hmai/pytest-195/test_run_shell_concurrent_call0/work_0
2026-08-01 15:35:51,800 - pyiron_log - INFO - run_shell: workdir=/tmp/pytest-of-hmai/pytest-195/test_run_shell_concurrent_call0/work_1
2026-08-01 15:35:51,804 - pyiron_log - INFO - run_shell: workdir=/tmp/pytest-of-hmai/pytest-195/test_run_shell_concurrent_call0/work_2
2026-08-01 15:35:51,807 - pyiron_log - INFO - run_shell: workdir=/tmp/pytest-of-hmai/pytest-195/test_run_shell_concurrent_call0/work_3
2026-08-01 15:35:51,816 - pyiron_log - INFO - run_shell: workdir=/tmp/pytest-of-hmai/pytest-195/test_run_shell_concurrent_call0/work_0
2026-08-01 15:35:51,818 - pyiron_log - INFO - run_shell: workdir=/tmp/pytest-of-hmai/pytest-195/test_run_shell_concurrent_call0/work_1
2026-08-01 15:35:51,821 - pyiron_log - INFO - run_shell: workdir=/tmp/pytest-of-hmai/pytest-195/test_run_shell_concurrent_call0/work_2
2026-08-01 15:35:51,824 - pyiron_log - INFO - run_shell: workdir=/tmp/pytest-of-hmai/pytest-195/test_run_shell_concurrent_call0/work_3
2026-08-01 15:35:51,833 - pyiron_log - INFO - run_shell: workdir=/tmp/pytest-of-hmai/pytest-195/test_run_shell_concurrent_call0/work_0
2026-08-01 15:35:51,836 - pyiron_log - INFO - run_shell: workdir=/tmp/pytest-of-hmai/pytest-195/test_run_shell_concurrent_call0/work_1
2026-08-01 15:35:51,839 - pyiron_log - INFO - run_shell: workdir=/tmp/pytest-of-hmai/pytest-195/test_run_shell_concurrent_call0/work_2
2026-08-01 15:35:51,841 - pyiron_log - INFO - run_shell: workdir=/tmp/pytest-of-hmai/pytest-195/test_run_shell_concurrent_call0/work_3
2026-08-01 15:35:51,846 - pyiron_log - INFO - run_shell: workdir=/tmp/pytest-of-hmai/pytest-195/test_run_shell_concurrent_call0/work_0
2026-08-01 15:35:51,850 - pyiron_log - INFO - run_shell: workdir=/tmp/pytest-of-hmai/pytest-195/test_run_shell_concurrent_call0/work_1
2026-08-01 15:35:51,853 - pyiron_log - INFO - run_shell: workdir=/tmp/pytest-of-hmai/pytest-195/test_run_shell_concurrent_call0/work_2
2026-08-01 15:35:51,856 - pyiron_log - INFO - run_shell: workdir=/tmp/pytest-of-hmai/pytest-195/test_run_shell_concurrent_call0/work_3
2026-08-01 15:35:51,859 - pyiron_log - INFO - run_shell: workdir=/tmp/pytest-of-hmai/pytest-195/test_run_shell_concurrent_call0/work_0
2026-08-01 15:35:51,867 - pyiron_log - INFO - run_shell: workdir=/tmp/pytest-of-hmai/pytest-195/test_run_shell_concurrent_call0/work_1
2026-08-01 15:35:51,870 - pyiron_log - INFO - run_shell: workdir=/tmp/pytest-of-hmai/pytest-195/test_run_shell_concurrent_call0/work_2
2026-08-01 15:35:51,872 - pyiron_log - INFO - run_shell: workdir=/tmp/pytest-of-hmai/pytest-195/test_run_shell_concurrent_call0/work_3
2026-08-01 15:35:51,875 - pyiron_log - INFO - run_shell: workdir=/tmp/pytest-of-hmai/pytest-195/test_run_shell_concurrent_call0/work_0
2026-08-01 15:35:51,880 - pyiron_log - INFO - run_shell: workdir=/tmp/pytest-of-hmai/pytest-195/test_run_shell_concurrent_call0/work_1
2026-08-01 15:35:51,883 - pyiron_log - INFO - run_shell: workdir=/tmp/pytest-of-hmai/pytest-195/test_run_shell_concurrent_call0/work_2
2026-08-01 15:35:51,887 - pyiron_log - INFO - run_shell: workdir=/tmp/pytest-of-hmai/pytest-195/test_run_shell_concurrent_call0/work_3
2026-08-01 15:35:51,891 - pyiron_log - INFO - run_shell: workdir=/tmp/pytest-of-hmai/pytest-195/test_run_shell_concurrent_call0/work_0
2026-08-01 15:35:51,894 - pyiron_log - INFO - run_shell: workdir=/tmp/pytest-of-hmai/pytest-195/test_run_shell_concurrent_call0/work_1
2026-08-01 15:35:51,897 - pyiron_log - INFO - run_shell: workdir=/tmp/pytest-of-hmai/pytest-195/test_run_shell_concurrent_call0/work_2
2026-08-01 15:35:51,900 - pyiron_log - INFO - run_shell: workdir=/tmp/pytest-of-hmai/pytest-195/test_run_shell_concurrent_call0/work_3
2026-08-01 15:35:51,910 - pyiron_log - INFO - run_shell: workdir=/tmp/pytest-of-hmai/pytest-195/test_run_shell_concurrent_call0/work_0
2026-08-01 15:35:51,913 - pyiron_log - INFO - run_shell: workdir=/tmp/pytest-of-hmai/pytest-195/test_run_shell_concurrent_call0/work_1
2026-08-01 15:35:51,916 - pyiron_log - INFO - run_shell: workdir=/tmp/pytest-of-hmai/pytest-195/test_run_shell_concurrent_call0/work_2
2026-08-01 15:35:51,919 - pyiron_log - INFO - run_shell: workdir=/tmp/pytest-of-hmai/pytest-195/test_run_shell_concurrent_call0/work_3
2026-08-01 15:35:51,924 - pyiron_log - INFO - run_shell: workdir=/tmp/pytest-of-hmai/pytest-195/test_run_shell_concurrent_call0/work_0
2026-08-01 15:35:51,928 - pyiron_log - INFO - run_shell: workdir=/tmp/pytest-of-hmai/pytest-195/test_run_shell_concurrent_call0/work_1
2026-08-01 15:35:51,930 - pyiron_log - INFO - run_shell: workdir=/tmp/pytest-of-hmai/pytest-195/test_run_shell_concurrent_call0/work_2
2026-08-01 15:35:51,933 - pyiron_log - INFO - run_shell: workdir=/tmp/pytest-of-hmai/pytest-195/test_run_shell_concurrent_call0/work_3
2026-08-01 15:35:51,936 - pyiron_log - INFO - run_shell: workdir=/tmp/pytest-of-hmai/pytest-195/test_run_shell_concurrent_call0/work_0
2026-08-01 15:35:51,942 - pyiron_log - INFO - run_shell: workdir=/tmp/pytest-of-hmai/pytest-195/test_run_shell_concurrent_call0/work_1
2026-08-01 15:35:51,945 - pyiron_log - INFO - run_shell: workdir=/tmp/pytest-of-hmai/pytest-195/test_run_shell_concurrent_call0/work_2
2026-08-01 15:35:51,948 - pyiron_log - INFO - run_shell: workdir=/tmp/pytest-of-hmai/pytest-195/test_run_shell_concurrent_call0/work_3
2026-08-01 15:35:51,951 - pyiron_log - INFO - run_shell: workdir=/tmp/pytest-of-hmai/pytest-195/test_run_shell_concurrent_call0/work_0
2026-08-01 15:35:51,955 - pyiron_log - INFO - run_shell: workdir=/tmp/pytest-of-hmai/pytest-195/test_run_shell_concurrent_call0/work_1
2026-08-01 15:35:51,958 - pyiron_log - INFO - run_shell: workdir=/tmp/pytest-of-hmai/pytest-195/test_run_shell_concurrent_call0/work_2
2026-08-01 15:35:51,963 - pyiron_log - INFO - run_shell: workdir=/tmp/pytest-of-hmai/pytest-195/test_run_shell_concurrent_call0/work_3
2026-08-01 15:35:51,967 - pyiron_log - INFO - run_shell: workdir=/tmp/pytest-of-hmai/pytest-195/test_run_shell_concurrent_call0/work_0
2026-08-01 15:35:51,970 - pyiron_log - INFO - run_shell: workdir=/tmp/pytest-of-hmai/pytest-195/test_run_shell_concurrent_call0/work_1
2026-08-01 15:35:51,973 - pyiron_log - INFO - run_shell: workdir=/tmp/pytest-of-hmai/pytest-195/test_run_shell_concurrent_call0/work_2
2026-08-01 15:35:51,976 - pyiron_log - INFO - run_shell: workdir=/tmp/pytest-of-hmai/pytest-195/test_run_shell_concurrent_call0/work_3
2026-08-01 15:35:51,979 - pyiron_log - INFO - run_shell: workdir=/tmp/pytest-of-hmai/pytest-195/test_run_shell_concurrent_call0/work_0
2026-08-01 15:35:51,982 - pyiron_log - INFO - run_shell: workdir=/tmp/pytest-of-hmai/pytest-195/test_run_shell_concurrent_call0/work_1
2026-08-01 15:35:51,987 - pyiron_log - INFO - run_shell: workdir=/tmp/pytest-of-hmai/pytest-195/test_run_shell_concurrent_call0/work_2
2026-08-01 15:35:51,991 - pyiron_log - INFO - run_shell: workdir=/tmp/pytest-of-hmai/pytest-195/test_run_shell_concurrent_call0/work_3
2026-08-01 15:35:52,134 - pyiron_log - INFO - File '/tmp/pytest-of-hmai/pytest-195/test_is_line_in_file_missing_f0/no_such_file' not found.
2026-08-01 15:35:52,136 - pyiron_log - INFO - run_shell: workdir=/tmp/pytest-of-hmai/pytest-195/test_run_shell_propagates_subp0
2026-08-01 15:35:52,142 - pyiron_log - INFO - made directory '/tmp/pytest-of-hmai/pytest-195/test_vasp_job_runs_end_to_end0/calc'
2026-08-01 15:35:52,155 - pyiron_log - INFO - run_shell: workdir=/tmp/pytest-of-hmai/pytest-195/test_vasp_job_runs_end_to_end0/calc
2026-08-01 15:35:52,165 - pyiron_log - INFO - Deleted: /tmp/pytest-of-hmai/pytest-195/test_vasp_job_runs_end_to_end0/calc/CHGCAR
2026-08-01 15:35:52,176 - pyiron_log - INFO - made directory '/tmp/pytest-of-hmai/pytest-195/test_vasp_job_removes_calc_dir0/calc2'
2026-08-01 15:35:52,179 - pyiron_log - INFO - run_shell: workdir=/tmp/pytest-of-hmai/pytest-195/test_vasp_job_removes_calc_dir0/calc2
2026-08-01 15:35:52,210 - pyiron_log - INFO - made directory '/tmp/pytest-of-hmai/pytest-195/test_vasp_job_runs_without_fil0/calc3'
2026-08-01 15:35:52,213 - pyiron_log - INFO - run_shell: workdir=/tmp/pytest-of-hmai/pytest-195/test_vasp_job_runs_without_fil0/calc3
2026-08-01 15:35:52,223 - pyiron_log - INFO - Deleted: /tmp/pytest-of-hmai/pytest-195/test_vasp_job_runs_without_fil0/calc3/CHGCAR
2026-08-01 15:35:52,223 - pyiron_log - INFO - Deleted: /tmp/pytest-of-hmai/pytest-195/test_vasp_job_runs_without_fil0/calc3/CHG
2026-08-01 15:35:52,223 - pyiron_log - INFO - Deleted: /tmp/pytest-of-hmai/pytest-195/test_vasp_job_runs_without_fil0/calc3/WAVECAR
2026-08-01 15:35:52,235 - pyiron_log - INFO - made directory '/tmp/pytest-of-hmai/pytest-195/test_vasp_job_explicit_empty_l0/calc4'
2026-08-01 15:35:52,240 - pyiron_log - INFO - run_shell: workdir=/tmp/pytest-of-hmai/pytest-195/test_vasp_job_explicit_empty_l0/calc4
2026-08-01 15:35:52,254 - pyiron_log - INFO - made directory '/tmp/pytest-of-hmai/pytest-195/test_create_working_directory_0/fresh'
2026-08-01 15:35:57,611 - pyiron_log - INFO - Deleted: /tmp/pytest-of-hmai/pytest-196/test_delete_files_recursively_0/vaspcalc/CHGCAR
2026-08-01 15:35:57,611 - pyiron_log - INFO - Deleted: /tmp/pytest-of-hmai/pytest-196/test_delete_files_recursively_0/vaspcalc/WAVECAR
2026-08-01 15:35:57,613 - pyiron_log - INFO - Error: /tmp/pytest-of-hmai/pytest-196/test_delete_files_recursively_1/nope is not a valid directory.
2026-08-01 15:35:57,619 - pyiron_log - INFO - compress_directory: compressed directory at /tmp/pytest-of-hmai/pytest-196/test_compress_directory_create0/vaspcalc
2026-08-01 15:35:57,622 - pyiron_log - INFO - compress_directory: compressed directory at /tmp/pytest-of-hmai/pytest-196/test_compress_directory_member0/vaspcalc
2026-08-01 15:35:57,625 - pyiron_log - INFO - compress_directory: compressed directory at /tmp/pytest-of-hmai/pytest-196/test_compress_directory_exclud0/vaspcalc
2026-08-01 15:35:57,634 - pyiron_log - INFO - run_shell: workdir=/tmp/pytest-of-hmai/pytest-196/test_run_shell_executes_in_wor0/calc
2026-08-01 15:35:57,640 - pyiron_log - INFO - run_shell: workdir=/tmp/pytest-of-hmai/pytest-196/test_run_shell_does_not_mutate0/calc
2026-08-01 15:35:57,800 - pyiron_log - INFO - run_shell: workdir=/tmp/pytest-of-hmai/pytest-196/test_run_shell_captures_failur0/calc
2026-08-01 15:35:57,807 - pyiron_log - INFO - run_shell: workdir=/tmp/pytest-of-hmai/pytest-196/test_run_shell_preserves_argum0/calc
2026-08-01 15:35:57,816 - pyiron_log - INFO - run_shell: workdir=/tmp/pytest-of-hmai/pytest-196/test_run_shell_concurrent_call0/work_0
2026-08-01 15:35:57,818 - pyiron_log - INFO - run_shell: workdir=/tmp/pytest-of-hmai/pytest-196/test_run_shell_concurrent_call0/work_1
2026-08-01 15:35:57,821 - pyiron_log - INFO - run_shell: workdir=/tmp/pytest-of-hmai/pytest-196/test_run_shell_concurrent_call0/work_2
2026-08-01 15:35:57,825 - pyiron_log - INFO - run_shell: workdir=/tmp/pytest-of-hmai/pytest-196/test_run_shell_concurrent_call0/work_3
2026-08-01 15:35:57,830 - pyiron_log - INFO - run_shell: workdir=/tmp/pytest-of-hmai/pytest-196/test_run_shell_concurrent_call0/work_0
2026-08-01 15:35:57,834 - pyiron_log - INFO - run_shell: workdir=/tmp/pytest-of-hmai/pytest-196/test_run_shell_concurrent_call0/work_1
2026-08-01 15:35:57,837 - pyiron_log - INFO - run_shell: workdir=/tmp/pytest-of-hmai/pytest-196/test_run_shell_concurrent_call0/work_2
2026-08-01 15:35:57,839 - pyiron_log - INFO - run_shell: workdir=/tmp/pytest-of-hmai/pytest-196/test_run_shell_concurrent_call0/work_3
2026-08-01 15:35:57,844 - pyiron_log - INFO - run_shell: workdir=/tmp/pytest-of-hmai/pytest-196/test_run_shell_concurrent_call0/work_0
2026-08-01 15:35:57,848 - pyiron_log - INFO - run_shell: workdir=/tmp/pytest-of-hmai/pytest-196/test_run_shell_concurrent_call0/work_1
2026-08-01 15:35:57,851 - pyiron_log - INFO - run_shell: workdir=/tmp/pytest-of-hmai/pytest-196/test_run_shell_concurrent_call0/work_2
2026-08-01 15:35:57,854 - pyiron_log - INFO - run_shell: workdir=/tmp/pytest-of-hmai/pytest-196/test_run_shell_concurrent_call0/work_3
2026-08-01 15:35:57,858 - pyiron_log - INFO - run_shell: workdir=/tmp/pytest-of-hmai/pytest-196/test_run_shell_concurrent_call0/work_0
2026-08-01 15:35:57,862 - pyiron_log - INFO - run_shell: workdir=/tmp/pytest-of-hmai/pytest-196/test_run_shell_concurrent_call0/work_1
2026-08-01 15:35:57,865 - pyiron_log - INFO - run_shell: workdir=/tmp/pytest-of-hmai/pytest-196/test_run_shell_concurrent_call0/work_2
2026-08-01 15:35:57,868 - pyiron_log - INFO - run_shell: workdir=/tmp/pytest-of-hmai/pytest-196/test_run_shell_concurrent_call0/work_3
2026-08-01 15:35:57,872 - pyiron_log - INFO - run_shell: workdir=/tmp/pytest-of-hmai/pytest-196/test_run_shell_concurrent_call0/work_0
2026-08-01 15:35:57,876 - pyiron_log - INFO - run_shell: workdir=/tmp/pytest-of-hmai/pytest-196/test_run_shell_concurrent_call0/work_1
2026-08-01 15:35:57,878 - pyiron_log - INFO - run_shell: workdir=/tmp/pytest-of-hmai/pytest-196/test_run_shell_concurrent_call0/work_2
2026-08-01 15:35:57,881 - pyiron_log - INFO - run_shell: workdir=/tmp/pytest-of-hmai/pytest-196/test_run_shell_concurrent_call0/work_3
2026-08-01 15:35:57,890 - pyiron_log - INFO - run_shell: workdir=/tmp/pytest-of-hmai/pytest-196/test_run_shell_concurrent_call0/work_0
2026-08-01 15:35:57,893 - pyiron_log - INFO - run_shell: workdir=/tmp/pytest-of-hmai/pytest-196/test_run_shell_concurrent_call0/work_1
2026-08-01 15:35:57,895 - pyiron_log - INFO - run_shell: workdir=/tmp/pytest-of-hmai/pytest-196/test_run_shell_concurrent_call0/work_2
2026-08-01 15:35:57,898 - pyiron_log - INFO - run_shell: workdir=/tmp/pytest-of-hmai/pytest-196/test_run_shell_concurrent_call0/work_3
2026-08-01 15:36:10,436 - pyiron_log - INFO - made directory '/tmp/pytest-of-hmai/pytest-197/test_vasp_job_runs_end_to_end0/calc'
2026-08-01 15:36:10,451 - pyiron_log - INFO - run_shell: workdir=/tmp/pytest-of-hmai/pytest-197/test_vasp_job_runs_end_to_end0/calc
2026-08-01 15:36:10,460 - pyiron_log - INFO - Deleted: /tmp/pytest-of-hmai/pytest-197/test_vasp_job_runs_end_to_end0/calc/CHGCAR
2026-08-01 15:36:10,472 - pyiron_log - INFO - made directory '/tmp/pytest-of-hmai/pytest-197/test_vasp_job_removes_calc_dir0/calc2'
2026-08-01 15:36:10,475 - pyiron_log - INFO - run_shell: workdir=/tmp/pytest-of-hmai/pytest-197/test_vasp_job_removes_calc_dir0/calc2
2026-08-01 15:36:10,508 - pyiron_log - INFO - made directory '/tmp/pytest-of-hmai/pytest-197/test_vasp_job_runs_without_fil0/calc3'
2026-08-01 15:36:10,511 - pyiron_log - INFO - run_shell: workdir=/tmp/pytest-of-hmai/pytest-197/test_vasp_job_runs_without_fil0/calc3
2026-08-01 15:36:10,521 - pyiron_log - INFO - Deleted: /tmp/pytest-of-hmai/pytest-197/test_vasp_job_runs_without_fil0/calc3/CHGCAR
2026-08-01 15:36:10,521 - pyiron_log - INFO - Deleted: /tmp/pytest-of-hmai/pytest-197/test_vasp_job_runs_without_fil0/calc3/CHG
2026-08-01 15:36:10,521 - pyiron_log - INFO - Deleted: /tmp/pytest-of-hmai/pytest-197/test_vasp_job_runs_without_fil0/calc3/WAVECAR
2026-08-01 15:36:10,532 - pyiron_log - INFO - made directory '/tmp/pytest-of-hmai/pytest-197/test_vasp_job_explicit_empty_l0/calc4'
2026-08-01 15:36:10,535 - pyiron_log - INFO - run_shell: workdir=/tmp/pytest-of-hmai/pytest-197/test_vasp_job_explicit_empty_l0/calc4
2026-08-01 15:36:30,949 - pyiron_log - INFO - made directory '/tmp/pytest-of-hmai/pytest-198/test_vasp_job_runs_end_to_end0/calc'
2026-08-01 15:36:30,962 - pyiron_log - INFO - run_shell: workdir=/tmp/pytest-of-hmai/pytest-198/test_vasp_job_runs_end_to_end0/calc
2026-08-01 15:36:30,971 - pyiron_log - INFO - Deleted: /tmp/pytest-of-hmai/pytest-198/test_vasp_job_runs_end_to_end0/calc/CHGCAR
2026-08-01 15:36:30,983 - pyiron_log - INFO - made directory '/tmp/pytest-of-hmai/pytest-198/test_vasp_job_removes_calc_dir0/calc2'
2026-08-01 15:36:30,987 - pyiron_log - INFO - run_shell: workdir=/tmp/pytest-of-hmai/pytest-198/test_vasp_job_removes_calc_dir0/calc2
2026-08-01 15:36:31,019 - pyiron_log - INFO - made directory '/tmp/pytest-of-hmai/pytest-198/test_vasp_job_runs_without_fil0/calc3'
2026-08-01 15:36:31,023 - pyiron_log - INFO - run_shell: workdir=/tmp/pytest-of-hmai/pytest-198/test_vasp_job_runs_without_fil0/calc3
2026-08-01 15:36:31,208 - pyiron_log - INFO - made directory '/tmp/pytest-of-hmai/pytest-198/test_vasp_job_explicit_empty_l0/calc4'
2026-08-01 15:36:31,212 - pyiron_log - INFO - run_shell: workdir=/tmp/pytest-of-hmai/pytest-198/test_vasp_job_explicit_empty_l0/calc4
2026-08-01 15:36:36,672 - pyiron_log - INFO - made directory '/tmp/pytest-of-hmai/pytest-199/test_vasp_job_runs_end_to_end0/calc'
2026-08-01 15:36:36,686 - pyiron_log - INFO - run_shell: workdir=/tmp/pytest-of-hmai/pytest-199/test_vasp_job_runs_end_to_end0/calc
2026-08-01 15:36:36,695 - pyiron_log - INFO - Deleted: /tmp/pytest-of-hmai/pytest-199/test_vasp_job_runs_end_to_end0/calc/CHGCAR
2026-08-01 15:36:36,724 - pyiron_log - INFO - made directory '/tmp/pytest-of-hmai/pytest-199/test_vasp_job_removes_calc_dir0/calc2'
2026-08-01 15:36:36,729 - pyiron_log - INFO - run_shell: workdir=/tmp/pytest-of-hmai/pytest-199/test_vasp_job_removes_calc_dir0/calc2
2026-08-01 15:36:36,930 - pyiron_log - INFO - made directory '/tmp/pytest-of-hmai/pytest-199/test_vasp_job_runs_without_fil0/calc3'
2026-08-01 15:36:36,933 - pyiron_log - INFO - run_shell: workdir=/tmp/pytest-of-hmai/pytest-199/test_vasp_job_runs_without_fil0/calc3
2026-08-01 15:36:36,940 - pyiron_log - INFO - Deleted: /tmp/pytest-of-hmai/pytest-199/test_vasp_job_runs_without_fil0/calc3/CHGCAR
2026-08-01 15:36:36,940 - pyiron_log - INFO - Deleted: /tmp/pytest-of-hmai/pytest-199/test_vasp_job_runs_without_fil0/calc3/CHG
2026-08-01 15:36:36,940 - pyiron_log - INFO - Deleted: /tmp/pytest-of-hmai/pytest-199/test_vasp_job_runs_without_fil0/calc3/WAVECAR
2026-08-01 15:36:36,951 - pyiron_log - INFO - made directory '/tmp/pytest-of-hmai/pytest-199/test_vasp_job_explicit_empty_l0/calc4'
2026-08-01 15:36:36,954 - pyiron_log - INFO - run_shell: workdir=/tmp/pytest-of-hmai/pytest-199/test_vasp_job_explicit_empty_l0/calc4
2026-08-01 15:36:42,567 - pyiron_log - INFO - made directory '/tmp/pytest-of-hmai/pytest-200/test_vasp_job_runs_end_to_end0/calc'
2026-08-01 15:36:42,582 - pyiron_log - INFO - run_shell: workdir=/tmp/pytest-of-hmai/pytest-200/test_vasp_job_runs_end_to_end0/calc
2026-08-01 15:36:42,764 - pyiron_log - INFO - made directory '/tmp/pytest-of-hmai/pytest-200/test_vasp_job_removes_calc_dir0/calc2'
2026-08-01 15:36:42,768 - pyiron_log - INFO - run_shell: workdir=/tmp/pytest-of-hmai/pytest-200/test_vasp_job_removes_calc_dir0/calc2
2026-08-01 15:36:42,804 - pyiron_log - INFO - made directory '/tmp/pytest-of-hmai/pytest-200/test_vasp_job_runs_without_fil0/calc3'
2026-08-01 15:36:42,808 - pyiron_log - INFO - run_shell: workdir=/tmp/pytest-of-hmai/pytest-200/test_vasp_job_runs_without_fil0/calc3
2026-08-01 15:36:42,833 - pyiron_log - INFO - made directory '/tmp/pytest-of-hmai/pytest-200/test_vasp_job_explicit_empty_l0/calc4'
2026-08-01 15:36:42,838 - pyiron_log - INFO - run_shell: workdir=/tmp/pytest-of-hmai/pytest-200/test_vasp_job_explicit_empty_l0/calc4
2026-08-01 15:36:48,261 - pyiron_log - INFO - made directory '/tmp/pytest-of-hmai/pytest-201/test_vasp_job_runs_end_to_end0/calc'
2026-08-01 15:36:48,279 - pyiron_log - INFO - run_shell: workdir=/tmp/pytest-of-hmai/pytest-201/test_vasp_job_runs_end_to_end0/calc
2026-08-01 15:36:48,289 - pyiron_log - INFO - Deleted: /tmp/pytest-of-hmai/pytest-201/test_vasp_job_runs_end_to_end0/calc/CHGCAR
2026-08-01 15:36:48,491 - pyiron_log - INFO - made directory '/tmp/pytest-of-hmai/pytest-201/test_vasp_job_removes_calc_dir0/calc2'
2026-08-01 15:36:48,495 - pyiron_log - INFO - run_shell: workdir=/tmp/pytest-of-hmai/pytest-201/test_vasp_job_removes_calc_dir0/calc2
2026-08-01 15:36:48,538 - pyiron_log - INFO - made directory '/tmp/pytest-of-hmai/pytest-201/test_vasp_job_runs_without_fil0/calc3'
2026-08-01 15:36:48,542 - pyiron_log - INFO - run_shell: workdir=/tmp/pytest-of-hmai/pytest-201/test_vasp_job_runs_without_fil0/calc3
2026-08-01 15:36:48,553 - pyiron_log - INFO - Deleted: /tmp/pytest-of-hmai/pytest-201/test_vasp_job_runs_without_fil0/calc3/CHGCAR
2026-08-01 15:36:48,554 - pyiron_log - INFO - Deleted: /tmp/pytest-of-hmai/pytest-201/test_vasp_job_runs_without_fil0/calc3/CHG
2026-08-01 15:36:48,554 - pyiron_log - INFO - Deleted: /tmp/pytest-of-hmai/pytest-201/test_vasp_job_runs_without_fil0/calc3/WAVECAR
2026-08-01 15:36:48,574 - pyiron_log - INFO - made directory '/tmp/pytest-of-hmai/pytest-201/test_vasp_job_explicit_empty_l0/calc4'
2026-08-01 15:36:48,578 - pyiron_log - INFO - run_shell: workdir=/tmp/pytest-of-hmai/pytest-201/test_vasp_job_explicit_empty_l0/calc4
2026-08-01 15:36:54,412 - pyiron_log - INFO - made directory '/tmp/pytest-of-hmai/pytest-202/test_create_working_directory_0/fresh'
2026-08-01 15:37:00,635 - pyiron_log - INFO - made directory '/tmp/pytest-of-hmai/pytest-203/test_create_working_directory_0/fresh'
2026-08-01 15:37:06,173 - pyiron_log - INFO - Deleted: /tmp/pytest-of-hmai/pytest-204/test_delete_files_recursively_0/vaspcalc/CHGCAR
2026-08-01 15:37:06,174 - pyiron_log - INFO - Deleted: /tmp/pytest-of-hmai/pytest-204/test_delete_files_recursively_0/vaspcalc/WAVECAR
2026-08-01 15:37:06,176 - pyiron_log - INFO - Error: /tmp/pytest-of-hmai/pytest-204/test_delete_files_recursively_1/nope is not a valid directory.
2026-08-01 15:37:06,182 - pyiron_log - INFO - compress_directory: compressed directory at /tmp/pytest-of-hmai/pytest-204/test_compress_directory_create0/vaspcalc
2026-08-01 15:37:06,186 - pyiron_log - INFO - compress_directory: compressed directory at /tmp/pytest-of-hmai/pytest-204/test_compress_directory_member0/vaspcalc
2026-08-01 15:37:06,191 - pyiron_log - INFO - compress_directory: compressed directory at /tmp/pytest-of-hmai/pytest-204/test_compress_directory_exclud0/vaspcalc
2026-08-01 15:37:06,201 - pyiron_log - INFO - run_shell: workdir=/tmp/pytest-of-hmai/pytest-204/test_run_shell_executes_in_wor0/calc
2026-08-01 15:37:06,208 - pyiron_log - INFO - run_shell: workdir=/tmp/pytest-of-hmai/pytest-204/test_run_shell_does_not_mutate0/calc
2026-08-01 15:37:06,218 - pyiron_log - INFO - run_shell: workdir=/tmp/pytest-of-hmai/pytest-204/test_run_shell_captures_failur0/calc
2026-08-01 15:37:06,227 - pyiron_log - INFO - run_shell: workdir=/tmp/pytest-of-hmai/pytest-204/test_run_shell_preserves_argum0/calc
2026-08-01 15:37:06,410 - pyiron_log - INFO - run_shell: workdir=/tmp/pytest-of-hmai/pytest-204/test_run_shell_concurrent_call0/work_0
2026-08-01 15:37:06,413 - pyiron_log - INFO - run_shell: workdir=/tmp/pytest-of-hmai/pytest-204/test_run_shell_concurrent_call0/work_1
2026-08-01 15:37:06,416 - pyiron_log - INFO - run_shell: workdir=/tmp/pytest-of-hmai/pytest-204/test_run_shell_concurrent_call0/work_2
2026-08-01 15:37:06,419 - pyiron_log - INFO - run_shell: workdir=/tmp/pytest-of-hmai/pytest-204/test_run_shell_concurrent_call0/work_3
2026-08-01 15:37:06,425 - pyiron_log - INFO - run_shell: workdir=/tmp/pytest-of-hmai/pytest-204/test_run_shell_concurrent_call0/work_0
2026-08-01 15:37:06,428 - pyiron_log - INFO - run_shell: workdir=/tmp/pytest-of-hmai/pytest-204/test_run_shell_concurrent_call0/work_1
2026-08-01 15:37:06,431 - pyiron_log - INFO - run_shell: workdir=/tmp/pytest-of-hmai/pytest-204/test_run_shell_concurrent_call0/work_2
2026-08-01 15:37:06,434 - pyiron_log - INFO - run_shell: workdir=/tmp/pytest-of-hmai/pytest-204/test_run_shell_concurrent_call0/work_3
2026-08-01 15:37:06,437 - pyiron_log - INFO - run_shell: workdir=/tmp/pytest-of-hmai/pytest-204/test_run_shell_concurrent_call0/work_0
2026-08-01 15:37:06,441 - pyiron_log - INFO - run_shell: workdir=/tmp/pytest-of-hmai/pytest-204/test_run_shell_concurrent_call0/work_1
2026-08-01 15:37:06,445 - pyiron_log - INFO - run_shell: workdir=/tmp/pytest-of-hmai/pytest-204/test_run_shell_concurrent_call0/work_2
2026-08-01 15:37:06,448 - pyiron_log - INFO - run_shell: workdir=/tmp/pytest-of-hmai/pytest-204/test_run_shell_concurrent_call0/work_3
2026-08-01 15:37:06,452 - pyiron_log - INFO - run_shell: workdir=/tmp/pytest-of-hmai/pytest-204/test_run_shell_concurrent_call0/work_0
2026-08-01 15:37:06,454 - pyiron_log - INFO - run_shell: workdir=/tmp/pytest-of-hmai/pytest-204/test_run_shell_concurrent_call0/work_1
2026-08-01 15:37:06,458 - pyiron_log - INFO - run_shell: workdir=/tmp/pytest-of-hmai/pytest-204/test_run_shell_concurrent_call0/work_2
2026-08-01 15:37:06,463 - pyiron_log - INFO - run_shell: workdir=/tmp/pytest-of-hmai/pytest-204/test_run_shell_concurrent_call0/work_3
2026-08-01 15:37:06,466 - pyiron_log - INFO - run_shell: workdir=/tmp/pytest-of-hmai/pytest-204/test_run_shell_concurrent_call0/work_0
2026-08-01 15:37:06,469 - pyiron_log - INFO - run_shell: workdir=/tmp/pytest-of-hmai/pytest-204/test_run_shell_concurrent_call0/work_1
2026-08-01 15:37:06,473 - pyiron_log - INFO - run_shell: workdir=/tmp/pytest-of-hmai/pytest-204/test_run_shell_concurrent_call0/work_2
2026-08-01 15:37:06,476 - pyiron_log - INFO - run_shell: workdir=/tmp/pytest-of-hmai/pytest-204/test_run_shell_concurrent_call0/work_3
2026-08-01 15:37:06,480 - pyiron_log - INFO - run_shell: workdir=/tmp/pytest-of-hmai/pytest-204/test_run_shell_concurrent_call0/work_0
2026-08-01 15:37:06,482 - pyiron_log - INFO - run_shell: workdir=/tmp/pytest-of-hmai/pytest-204/test_run_shell_concurrent_call0/work_1
2026-08-01 15:37:06,487 - pyiron_log - INFO - run_shell: workdir=/tmp/pytest-of-hmai/pytest-204/test_run_shell_concurrent_call0/work_2
2026-08-01 15:37:06,491 - pyiron_log - INFO - run_shell: workdir=/tmp/pytest-of-hmai/pytest-204/test_run_shell_concurrent_call0/work_3
2026-08-01 15:37:06,500 - pyiron_log - INFO - run_shell: workdir=/tmp/pytest-of-hmai/pytest-204/test_run_shell_concurrent_call0/work_0
2026-08-01 15:37:06,502 - pyiron_log - INFO - run_shell: workdir=/tmp/pytest-of-hmai/pytest-204/test_run_shell_concurrent_call0/work_1
2026-08-01 15:37:06,505 - pyiron_log - INFO - run_shell: workdir=/tmp/pytest-of-hmai/pytest-204/test_run_shell_concurrent_call0/work_2
2026-08-01 15:37:06,509 - pyiron_log - INFO - run_shell: workdir=/tmp/pytest-of-hmai/pytest-204/test_run_shell_concurrent_call0/work_3
2026-08-01 15:37:06,514 - pyiron_log - INFO - run_shell: workdir=/tmp/pytest-of-hmai/pytest-204/test_run_shell_concurrent_call0/work_0
2026-08-01 15:37:06,517 - pyiron_log - INFO - run_shell: workdir=/tmp/pytest-of-hmai/pytest-204/test_run_shell_concurrent_call0/work_1
2026-08-01 15:37:06,520 - pyiron_log - INFO - run_shell: workdir=/tmp/pytest-of-hmai/pytest-204/test_run_shell_concurrent_call0/work_2
2026-08-01 15:37:06,524 - pyiron_log - INFO - run_shell: workdir=/tmp/pytest-of-hmai/pytest-204/test_run_shell_concurrent_call0/work_3
2026-08-01 15:37:06,527 - pyiron_log - INFO - run_shell: workdir=/tmp/pytest-of-hmai/pytest-204/test_run_shell_concurrent_call0/work_0
2026-08-01 15:37:06,531 - pyiron_log - INFO - run_shell: workdir=/tmp/pytest-of-hmai/pytest-204/test_run_shell_concurrent_call0/work_1
2026-08-01 15:37:06,534 - pyiron_log - INFO - run_shell: workdir=/tmp/pytest-of-hmai/pytest-204/test_run_shell_concurrent_call0/work_2
2026-08-01 15:37:06,538 - pyiron_log - INFO - run_shell: workdir=/tmp/pytest-of-hmai/pytest-204/test_run_shell_concurrent_call0/work_3
2026-08-01 15:37:06,541 - pyiron_log - INFO - run_shell: workdir=/tmp/pytest-of-hmai/pytest-204/test_run_shell_concurrent_call0/work_0
2026-08-01 15:37:06,546 - pyiron_log - INFO - run_shell: workdir=/tmp/pytest-of-hmai/pytest-204/test_run_shell_concurrent_call0/work_1
2026-08-01 15:37:06,548 - pyiron_log - INFO - run_shell: workdir=/tmp/pytest-of-hmai/pytest-204/test_run_shell_concurrent_call0/work_2
2026-08-01 15:37:06,552 - pyiron_log - INFO - run_shell: workdir=/tmp/pytest-of-hmai/pytest-204/test_run_shell_concurrent_call0/work_3
2026-08-01 15:37:06,555 - pyiron_log - INFO - run_shell: workdir=/tmp/pytest-of-hmai/pytest-204/test_run_shell_concurrent_call0/work_0
2026-08-01 15:37:06,559 - pyiron_log - INFO - run_shell: workdir=/tmp/pytest-of-hmai/pytest-204/test_run_shell_concurrent_call0/work_1
2026-08-01 15:37:06,562 - pyiron_log - INFO - run_shell: workdir=/tmp/pytest-of-hmai/pytest-204/test_run_shell_concurrent_call0/work_2
2026-08-01 15:37:06,565 - pyiron_log - INFO - run_shell: workdir=/tmp/pytest-of-hmai/pytest-204/test_run_shell_concurrent_call0/work_3
2026-08-01 15:37:06,569 - pyiron_log - INFO - run_shell: workdir=/tmp/pytest-of-hmai/pytest-204/test_run_shell_concurrent_call0/work_0
2026-08-01 15:37:06,573 - pyiron_log - INFO - run_shell: workdir=/tmp/pytest-of-hmai/pytest-204/test_run_shell_concurrent_call0/work_1
2026-08-01 15:37:06,575 - pyiron_log - INFO - run_shell: workdir=/tmp/pytest-of-hmai/pytest-204/test_run_shell_concurrent_call0/work_2
2026-08-01 15:37:06,580 - pyiron_log - INFO - run_shell: workdir=/tmp/pytest-of-hmai/pytest-204/test_run_shell_concurrent_call0/work_3
2026-08-01 15:37:06,589 - pyiron_log - INFO - run_shell: workdir=/tmp/pytest-of-hmai/pytest-204/test_run_shell_concurrent_call0/work_0
2026-08-01 15:37:06,591 - pyiron_log - INFO - run_shell: workdir=/tmp/pytest-of-hmai/pytest-204/test_run_shell_concurrent_call0/work_1
2026-08-01 15:37:06,594 - pyiron_log - INFO - run_shell: workdir=/tmp/pytest-of-hmai/pytest-204/test_run_shell_concurrent_call0/work_2
2026-08-01 15:37:06,597 - pyiron_log - INFO - run_shell: workdir=/tmp/pytest-of-hmai/pytest-204/test_run_shell_concurrent_call0/work_3
2026-08-01 15:37:06,601 - pyiron_log - INFO - run_shell: workdir=/tmp/pytest-of-hmai/pytest-204/test_run_shell_concurrent_call0/work_0
2026-08-01 15:37:06,614 - pyiron_log - INFO - run_shell: workdir=/tmp/pytest-of-hmai/pytest-204/test_run_shell_concurrent_call0/work_1
2026-08-01 15:37:06,618 - pyiron_log - INFO - run_shell: workdir=/tmp/pytest-of-hmai/pytest-204/test_run_shell_concurrent_call0/work_2
2026-08-01 15:37:06,620 - pyiron_log - INFO - run_shell: workdir=/tmp/pytest-of-hmai/pytest-204/test_run_shell_concurrent_call0/work_3
2026-08-01 15:37:06,622 - pyiron_log - INFO - run_shell: workdir=/tmp/pytest-of-hmai/pytest-204/test_run_shell_concurrent_call0/work_0
2026-08-01 15:37:06,626 - pyiron_log - INFO - run_shell: workdir=/tmp/pytest-of-hmai/pytest-204/test_run_shell_concurrent_call0/work_1
2026-08-01 15:37:06,631 - pyiron_log - INFO - run_shell: workdir=/tmp/pytest-of-hmai/pytest-204/test_run_shell_concurrent_call0/work_2
2026-08-01 15:37:06,635 - pyiron_log - INFO - run_shell: workdir=/tmp/pytest-of-hmai/pytest-204/test_run_shell_concurrent_call0/work_3
2026-08-01 15:37:06,637 - pyiron_log - INFO - run_shell: workdir=/tmp/pytest-of-hmai/pytest-204/test_run_shell_concurrent_call0/work_0
2026-08-01 15:37:06,641 - pyiron_log - INFO - run_shell: workdir=/tmp/pytest-of-hmai/pytest-204/test_run_shell_concurrent_call0/work_1
2026-08-01 15:37:06,644 - pyiron_log - INFO - run_shell: workdir=/tmp/pytest-of-hmai/pytest-204/test_run_shell_concurrent_call0/work_2
2026-08-01 15:37:06,648 - pyiron_log - INFO - run_shell: workdir=/tmp/pytest-of-hmai/pytest-204/test_run_shell_concurrent_call0/work_3
2026-08-01 15:37:06,652 - pyiron_log - INFO - run_shell: workdir=/tmp/pytest-of-hmai/pytest-204/test_run_shell_concurrent_call0/work_0
2026-08-01 15:37:06,656 - pyiron_log - INFO - run_shell: workdir=/tmp/pytest-of-hmai/pytest-204/test_run_shell_concurrent_call0/work_1
2026-08-01 15:37:06,658 - pyiron_log - INFO - run_shell: workdir=/tmp/pytest-of-hmai/pytest-204/test_run_shell_concurrent_call0/work_2
2026-08-01 15:37:06,662 - pyiron_log - INFO - run_shell: workdir=/tmp/pytest-of-hmai/pytest-204/test_run_shell_concurrent_call0/work_3
2026-08-01 15:37:06,664 - pyiron_log - INFO - run_shell: workdir=/tmp/pytest-of-hmai/pytest-204/test_run_shell_concurrent_call0/work_0
2026-08-01 15:37:06,669 - pyiron_log - INFO - run_shell: workdir=/tmp/pytest-of-hmai/pytest-204/test_run_shell_concurrent_call0/work_1
2026-08-01 15:37:06,672 - pyiron_log - INFO - run_shell: workdir=/tmp/pytest-of-hmai/pytest-204/test_run_shell_concurrent_call0/work_2
2026-08-01 15:37:06,675 - pyiron_log - INFO - run_shell: workdir=/tmp/pytest-of-hmai/pytest-204/test_run_shell_concurrent_call0/work_3
2026-08-01 15:37:06,685 - pyiron_log - INFO - run_shell: workdir=/tmp/pytest-of-hmai/pytest-204/test_run_shell_concurrent_call0/work_0
2026-08-01 15:37:06,687 - pyiron_log - INFO - run_shell: workdir=/tmp/pytest-of-hmai/pytest-204/test_run_shell_concurrent_call0/work_1
2026-08-01 15:37:06,690 - pyiron_log - INFO - run_shell: workdir=/tmp/pytest-of-hmai/pytest-204/test_run_shell_concurrent_call0/work_2
2026-08-01 15:37:06,693 - pyiron_log - INFO - run_shell: workdir=/tmp/pytest-of-hmai/pytest-204/test_run_shell_concurrent_call0/work_3
2026-08-01 15:37:06,699 - pyiron_log - INFO - run_shell: workdir=/tmp/pytest-of-hmai/pytest-204/test_run_shell_concurrent_call0/work_0
2026-08-01 15:37:06,702 - pyiron_log - INFO - run_shell: workdir=/tmp/pytest-of-hmai/pytest-204/test_run_shell_concurrent_call0/work_1
2026-08-01 15:37:06,705 - pyiron_log - INFO - run_shell: workdir=/tmp/pytest-of-hmai/pytest-204/test_run_shell_concurrent_call0/work_2
2026-08-01 15:37:06,707 - pyiron_log - INFO - run_shell: workdir=/tmp/pytest-of-hmai/pytest-204/test_run_shell_concurrent_call0/work_3
2026-08-01 15:37:06,712 - pyiron_log - INFO - run_shell: workdir=/tmp/pytest-of-hmai/pytest-204/test_run_shell_concurrent_call0/work_0
2026-08-01 15:37:06,716 - pyiron_log - INFO - run_shell: workdir=/tmp/pytest-of-hmai/pytest-204/test_run_shell_concurrent_call0/work_1
2026-08-01 15:37:06,719 - pyiron_log - INFO - run_shell: workdir=/tmp/pytest-of-hmai/pytest-204/test_run_shell_concurrent_call0/work_2
2026-08-01 15:37:06,721 - pyiron_log - INFO - run_shell: workdir=/tmp/pytest-of-hmai/pytest-204/test_run_shell_concurrent_call0/work_3
2026-08-01 15:37:06,724 - pyiron_log - INFO - run_shell: workdir=/tmp/pytest-of-hmai/pytest-204/test_run_shell_concurrent_call0/work_0
2026-08-01 15:37:06,726 - pyiron_log - INFO - run_shell: workdir=/tmp/pytest-of-hmai/pytest-204/test_run_shell_concurrent_call0/work_1
2026-08-01 15:37:06,734 - pyiron_log - INFO - run_shell: workdir=/tmp/pytest-of-hmai/pytest-204/test_run_shell_concurrent_call0/work_2
2026-08-01 15:37:06,738 - pyiron_log - INFO - run_shell: workdir=/tmp/pytest-of-hmai/pytest-204/test_run_shell_concurrent_call0/work_3
2026-08-01 15:37:06,740 - pyiron_log - INFO - run_shell: workdir=/tmp/pytest-of-hmai/pytest-204/test_run_shell_concurrent_call0/work_0
2026-08-01 15:37:06,743 - pyiron_log - INFO - run_shell: workdir=/tmp/pytest-of-hmai/pytest-204/test_run_shell_concurrent_call0/work_1
2026-08-01 15:37:06,748 - pyiron_log - INFO - run_shell: workdir=/tmp/pytest-of-hmai/pytest-204/test_run_shell_concurrent_call0/work_2
2026-08-01 15:37:06,752 - pyiron_log - INFO - run_shell: workdir=/tmp/pytest-of-hmai/pytest-204/test_run_shell_concurrent_call0/work_3
2026-08-01 15:37:06,755 - pyiron_log - INFO - run_shell: workdir=/tmp/pytest-of-hmai/pytest-204/test_run_shell_concurrent_call0/work_0
2026-08-01 15:37:06,758 - pyiron_log - INFO - run_shell: workdir=/tmp/pytest-of-hmai/pytest-204/test_run_shell_concurrent_call0/work_1
2026-08-01 15:37:06,761 - pyiron_log - INFO - run_shell: workdir=/tmp/pytest-of-hmai/pytest-204/test_run_shell_concurrent_call0/work_2
2026-08-01 15:37:06,766 - pyiron_log - INFO - run_shell: workdir=/tmp/pytest-of-hmai/pytest-204/test_run_shell_concurrent_call0/work_3
2026-08-01 15:37:06,775 - pyiron_log - INFO - run_shell: workdir=/tmp/pytest-of-hmai/pytest-204/test_run_shell_concurrent_call0/work_0
2026-08-01 15:37:06,778 - pyiron_log - INFO - run_shell: workdir=/tmp/pytest-of-hmai/pytest-204/test_run_shell_concurrent_call0/work_1
2026-08-01 15:37:06,781 - pyiron_log - INFO - run_shell: workdir=/tmp/pytest-of-hmai/pytest-204/test_run_shell_concurrent_call0/work_2
2026-08-01 15:37:06,784 - pyiron_log - INFO - run_shell: workdir=/tmp/pytest-of-hmai/pytest-204/test_run_shell_concurrent_call0/work_3
2026-08-01 15:37:06,790 - pyiron_log - INFO - run_shell: workdir=/tmp/pytest-of-hmai/pytest-204/test_run_shell_concurrent_call0/work_0
2026-08-01 15:37:06,793 - pyiron_log - INFO - run_shell: workdir=/tmp/pytest-of-hmai/pytest-204/test_run_shell_concurrent_call0/work_1
2026-08-01 15:37:06,796 - pyiron_log - INFO - run_shell: workdir=/tmp/pytest-of-hmai/pytest-204/test_run_shell_concurrent_call0/work_2
2026-08-01 15:37:06,799 - pyiron_log - INFO - run_shell: workdir=/tmp/pytest-of-hmai/pytest-204/test_run_shell_concurrent_call0/work_3
2026-08-01 15:37:06,803 - pyiron_log - INFO - run_shell: workdir=/tmp/pytest-of-hmai/pytest-204/test_run_shell_concurrent_call0/work_0
2026-08-01 15:37:06,807 - pyiron_log - INFO - run_shell: workdir=/tmp/pytest-of-hmai/pytest-204/test_run_shell_concurrent_call0/work_1
2026-08-01 15:37:06,810 - pyiron_log - INFO - run_shell: workdir=/tmp/pytest-of-hmai/pytest-204/test_run_shell_concurrent_call0/work_2
2026-08-01 15:37:06,813 - pyiron_log - INFO - run_shell: workdir=/tmp/pytest-of-hmai/pytest-204/test_run_shell_concurrent_call0/work_3
2026-08-01 15:37:06,815 - pyiron_log - INFO - run_shell: workdir=/tmp/pytest-of-hmai/pytest-204/test_run_shell_concurrent_call0/work_0
2026-08-01 15:37:06,819 - pyiron_log - INFO - run_shell: workdir=/tmp/pytest-of-hmai/pytest-204/test_run_shell_concurrent_call0/work_1
2026-08-01 15:37:06,824 - pyiron_log - INFO - run_shell: workdir=/tmp/pytest-of-hmai/pytest-204/test_run_shell_concurrent_call0/work_2
2026-08-01 15:37:06,828 - pyiron_log - INFO - run_shell: workdir=/tmp/pytest-of-hmai/pytest-204/test_run_shell_concurrent_call0/work_3
2026-08-01 15:37:06,831 - pyiron_log - INFO - run_shell: workdir=/tmp/pytest-of-hmai/pytest-204/test_run_shell_concurrent_call0/work_0
2026-08-01 15:37:06,833 - pyiron_log - INFO - run_shell: workdir=/tmp/pytest-of-hmai/pytest-204/test_run_shell_concurrent_call0/work_1
2026-08-01 15:37:06,836 - pyiron_log - INFO - run_shell: workdir=/tmp/pytest-of-hmai/pytest-204/test_run_shell_concurrent_call0/work_2
2026-08-01 15:37:06,840 - pyiron_log - INFO - run_shell: workdir=/tmp/pytest-of-hmai/pytest-204/test_run_shell_concurrent_call0/work_3
2026-08-01 15:37:06,847 - pyiron_log - INFO - run_shell: workdir=/tmp/pytest-of-hmai/pytest-204/test_run_shell_concurrent_call0/work_0
2026-08-01 15:37:06,849 - pyiron_log - INFO - run_shell: workdir=/tmp/pytest-of-hmai/pytest-204/test_run_shell_concurrent_call0/work_1
2026-08-01 15:37:06,853 - pyiron_log - INFO - run_shell: workdir=/tmp/pytest-of-hmai/pytest-204/test_run_shell_concurrent_call0/work_2
2026-08-01 15:37:06,856 - pyiron_log - INFO - run_shell: workdir=/tmp/pytest-of-hmai/pytest-204/test_run_shell_concurrent_call0/work_3
2026-08-01 15:37:11,867 - pyiron_log - INFO - made directory '/tmp/pytest-of-hmai/pytest-205/test_create_working_directory_0/fresh'
2026-08-01 15:37:23,630 - pyiron_log - INFO - Deleted: /tmp/pytest-of-hmai/pytest-206/test_delete_files_recursively_0/vaspcalc/CHGCAR
2026-08-01 15:37:23,630 - pyiron_log - INFO - Deleted: /tmp/pytest-of-hmai/pytest-206/test_delete_files_recursively_0/vaspcalc/WAVECAR
2026-08-01 15:37:23,632 - pyiron_log - INFO - Error: /tmp/pytest-of-hmai/pytest-206/test_delete_files_recursively_1/nope is not a valid directory.
2026-08-01 15:37:23,637 - pyiron_log - INFO - compress_directory: compressed directory at /tmp/pytest-of-hmai/pytest-206/test_compress_directory_create0/vaspcalc
2026-08-01 15:37:23,641 - pyiron_log - INFO - compress_directory: compressed directory at /tmp/pytest-of-hmai/pytest-206/test_compress_directory_member0/vaspcalc
2026-08-01 15:37:23,644 - pyiron_log - INFO - compress_directory: compressed directory at /tmp/pytest-of-hmai/pytest-206/test_compress_directory_exclud0/vaspcalc
2026-08-01 15:37:23,653 - pyiron_log - INFO - run_shell: workdir=/tmp/pytest-of-hmai/pytest-206/test_run_shell_executes_in_wor0/calc
2026-08-01 15:37:23,664 - pyiron_log - INFO - run_shell: workdir=/tmp/pytest-of-hmai/pytest-206/test_run_shell_does_not_mutate0/calc
2026-08-01 15:37:23,674 - pyiron_log - INFO - run_shell: workdir=/tmp/pytest-of-hmai/pytest-206/test_run_shell_captures_failur0/calc
2026-08-01 15:37:23,683 - pyiron_log - INFO - run_shell: workdir=/tmp/pytest-of-hmai/pytest-206/test_run_shell_preserves_argum0/calc
2026-08-01 15:37:23,692 - pyiron_log - INFO - run_shell: workdir=/tmp/pytest-of-hmai/pytest-206/test_run_shell_concurrent_call0/work_0
2026-08-01 15:37:23,695 - pyiron_log - INFO - run_shell: workdir=/tmp/pytest-of-hmai/pytest-206/test_run_shell_concurrent_call0/work_1
2026-08-01 15:37:23,698 - pyiron_log - INFO - run_shell: workdir=/tmp/pytest-of-hmai/pytest-206/test_run_shell_concurrent_call0/work_2
2026-08-01 15:37:23,701 - pyiron_log - INFO - run_shell: workdir=/tmp/pytest-of-hmai/pytest-206/test_run_shell_concurrent_call0/work_3
2026-08-01 15:37:23,706 - pyiron_log - INFO - run_shell: workdir=/tmp/pytest-of-hmai/pytest-206/test_run_shell_concurrent_call0/work_0
2026-08-01 15:37:23,709 - pyiron_log - INFO - run_shell: workdir=/tmp/pytest-of-hmai/pytest-206/test_run_shell_concurrent_call0/work_1
2026-08-01 15:37:23,713 - pyiron_log - INFO - run_shell: workdir=/tmp/pytest-of-hmai/pytest-206/test_run_shell_concurrent_call0/work_2
2026-08-01 15:37:23,715 - pyiron_log - INFO - run_shell: workdir=/tmp/pytest-of-hmai/pytest-206/test_run_shell_concurrent_call0/work_3
2026-08-01 15:37:23,717 - pyiron_log - INFO - run_shell: workdir=/tmp/pytest-of-hmai/pytest-206/test_run_shell_concurrent_call0/work_0
2026-08-01 15:37:23,722 - pyiron_log - INFO - run_shell: workdir=/tmp/pytest-of-hmai/pytest-206/test_run_shell_concurrent_call0/work_1
2026-08-01 15:37:23,725 - pyiron_log - INFO - run_shell: workdir=/tmp/pytest-of-hmai/pytest-206/test_run_shell_concurrent_call0/work_2
2026-08-01 15:37:23,729 - pyiron_log - INFO - run_shell: workdir=/tmp/pytest-of-hmai/pytest-206/test_run_shell_concurrent_call0/work_3
2026-08-01 15:37:23,731 - pyiron_log - INFO - run_shell: workdir=/tmp/pytest-of-hmai/pytest-206/test_run_shell_concurrent_call0/work_0
2026-08-01 15:37:23,735 - pyiron_log - INFO - run_shell: workdir=/tmp/pytest-of-hmai/pytest-206/test_run_shell_concurrent_call0/work_1
2026-08-01 15:37:23,739 - pyiron_log - INFO - run_shell: workdir=/tmp/pytest-of-hmai/pytest-206/test_run_shell_concurrent_call0/work_2
2026-08-01 15:37:23,742 - pyiron_log - INFO - run_shell: workdir=/tmp/pytest-of-hmai/pytest-206/test_run_shell_concurrent_call0/work_3
2026-08-01 15:37:23,746 - pyiron_log - INFO - run_shell: workdir=/tmp/pytest-of-hmai/pytest-206/test_run_shell_concurrent_call0/work_0
2026-08-01 15:37:23,749 - pyiron_log - INFO - run_shell: workdir=/tmp/pytest-of-hmai/pytest-206/test_run_shell_concurrent_call0/work_1
2026-08-01 15:37:23,752 - pyiron_log - INFO - run_shell: workdir=/tmp/pytest-of-hmai/pytest-206/test_run_shell_concurrent_call0/work_2
2026-08-01 15:37:23,755 - pyiron_log - INFO - run_shell: workdir=/tmp/pytest-of-hmai/pytest-206/test_run_shell_concurrent_call0/work_3
2026-08-01 15:37:23,759 - pyiron_log - INFO - run_shell: workdir=/tmp/pytest-of-hmai/pytest-206/test_run_shell_concurrent_call0/work_0
2026-08-01 15:37:23,764 - pyiron_log - INFO - run_shell: workdir=/tmp/pytest-of-hmai/pytest-206/test_run_shell_concurrent_call0/work_1
2026-08-01 15:37:23,766 - pyiron_log - INFO - run_shell: workdir=/tmp/pytest-of-hmai/pytest-206/test_run_shell_concurrent_call0/work_2
2026-08-01 15:37:23,770 - pyiron_log - INFO - run_shell: workdir=/tmp/pytest-of-hmai/pytest-206/test_run_shell_concurrent_call0/work_3
2026-08-01 15:37:23,779 - pyiron_log - INFO - run_shell: workdir=/tmp/pytest-of-hmai/pytest-206/test_run_shell_concurrent_call0/work_0
2026-08-01 15:37:23,781 - pyiron_log - INFO - run_shell: workdir=/tmp/pytest-of-hmai/pytest-206/test_run_shell_concurrent_call0/work_1
2026-08-01 15:37:23,784 - pyiron_log - INFO - run_shell: workdir=/tmp/pytest-of-hmai/pytest-206/test_run_shell_concurrent_call0/work_2
2026-08-01 15:37:23,787 - pyiron_log - INFO - run_shell: workdir=/tmp/pytest-of-hmai/pytest-206/test_run_shell_concurrent_call0/work_3
2026-08-01 15:37:23,792 - pyiron_log - INFO - run_shell: workdir=/tmp/pytest-of-hmai/pytest-206/test_run_shell_concurrent_call0/work_0
2026-08-01 15:37:23,795 - pyiron_log - INFO - run_shell: workdir=/tmp/pytest-of-hmai/pytest-206/test_run_shell_concurrent_call0/work_1
2026-08-01 15:37:23,798 - pyiron_log - INFO - run_shell: workdir=/tmp/pytest-of-hmai/pytest-206/test_run_shell_concurrent_call0/work_2
2026-08-01 15:37:23,801 - pyiron_log - INFO - run_shell: workdir=/tmp/pytest-of-hmai/pytest-206/test_run_shell_concurrent_call0/work_3
2026-08-01 15:37:23,805 - pyiron_log - INFO - run_shell: workdir=/tmp/pytest-of-hmai/pytest-206/test_run_shell_concurrent_call0/work_0
2026-08-01 15:37:23,809 - pyiron_log - INFO - run_shell: workdir=/tmp/pytest-of-hmai/pytest-206/test_run_shell_concurrent_call0/work_1
2026-08-01 15:37:23,812 - pyiron_log - INFO - run_shell: workdir=/tmp/pytest-of-hmai/pytest-206/test_run_shell_concurrent_call0/work_2
2026-08-01 15:37:23,816 - pyiron_log - INFO - run_shell: workdir=/tmp/pytest-of-hmai/pytest-206/test_run_shell_concurrent_call0/work_3
2026-08-01 15:37:23,819 - pyiron_log - INFO - run_shell: workdir=/tmp/pytest-of-hmai/pytest-206/test_run_shell_concurrent_call0/work_0
2026-08-01 15:37:23,823 - pyiron_log - INFO - run_shell: workdir=/tmp/pytest-of-hmai/pytest-206/test_run_shell_concurrent_call0/work_1
2026-08-01 15:37:23,826 - pyiron_log - INFO - run_shell: workdir=/tmp/pytest-of-hmai/pytest-206/test_run_shell_concurrent_call0/work_2
2026-08-01 15:37:23,830 - pyiron_log - INFO - run_shell: workdir=/tmp/pytest-of-hmai/pytest-206/test_run_shell_concurrent_call0/work_3
2026-08-01 15:37:23,833 - pyiron_log - INFO - run_shell: workdir=/tmp/pytest-of-hmai/pytest-206/test_run_shell_concurrent_call0/work_0
2026-08-01 15:37:23,836 - pyiron_log - INFO - run_shell: workdir=/tmp/pytest-of-hmai/pytest-206/test_run_shell_concurrent_call0/work_1
2026-08-01 15:37:23,838 - pyiron_log - INFO - run_shell: workdir=/tmp/pytest-of-hmai/pytest-206/test_run_shell_concurrent_call0/work_2
2026-08-01 15:37:23,856 - pyiron_log - INFO - run_shell: workdir=/tmp/pytest-of-hmai/pytest-206/test_run_shell_concurrent_call0/work_3
2026-08-01 15:37:23,859 - pyiron_log - INFO - run_shell: workdir=/tmp/pytest-of-hmai/pytest-206/test_run_shell_concurrent_call0/work_0
2026-08-01 15:37:23,862 - pyiron_log - INFO - run_shell: workdir=/tmp/pytest-of-hmai/pytest-206/test_run_shell_concurrent_call0/work_1
2026-08-01 15:37:23,864 - pyiron_log - INFO - run_shell: workdir=/tmp/pytest-of-hmai/pytest-206/test_run_shell_concurrent_call0/work_2
2026-08-01 15:37:23,868 - pyiron_log - INFO - run_shell: workdir=/tmp/pytest-of-hmai/pytest-206/test_run_shell_concurrent_call0/work_3
2026-08-01 15:37:23,879 - pyiron_log - INFO - run_shell: workdir=/tmp/pytest-of-hmai/pytest-206/test_run_shell_concurrent_call0/work_0
2026-08-01 15:37:23,881 - pyiron_log - INFO - run_shell: workdir=/tmp/pytest-of-hmai/pytest-206/test_run_shell_concurrent_call0/work_1
2026-08-01 15:37:23,884 - pyiron_log - INFO - run_shell: workdir=/tmp/pytest-of-hmai/pytest-206/test_run_shell_concurrent_call0/work_2
2026-08-01 15:37:23,887 - pyiron_log - INFO - run_shell: workdir=/tmp/pytest-of-hmai/pytest-206/test_run_shell_concurrent_call0/work_3
2026-08-01 15:37:23,895 - pyiron_log - INFO - run_shell: workdir=/tmp/pytest-of-hmai/pytest-206/test_run_shell_concurrent_call0/work_0
2026-08-01 15:37:23,899 - pyiron_log - INFO - run_shell: workdir=/tmp/pytest-of-hmai/pytest-206/test_run_shell_concurrent_call0/work_1
2026-08-01 15:37:23,901 - pyiron_log - INFO - run_shell: workdir=/tmp/pytest-of-hmai/pytest-206/test_run_shell_concurrent_call0/work_2
2026-08-01 15:37:23,904 - pyiron_log - INFO - run_shell: workdir=/tmp/pytest-of-hmai/pytest-206/test_run_shell_concurrent_call0/work_3
2026-08-01 15:37:23,909 - pyiron_log - INFO - run_shell: workdir=/tmp/pytest-of-hmai/pytest-206/test_run_shell_concurrent_call0/work_0
2026-08-01 15:37:23,913 - pyiron_log - INFO - run_shell: workdir=/tmp/pytest-of-hmai/pytest-206/test_run_shell_concurrent_call0/work_1
2026-08-01 15:37:23,916 - pyiron_log - INFO - run_shell: workdir=/tmp/pytest-of-hmai/pytest-206/test_run_shell_concurrent_call0/work_2
2026-08-01 15:37:23,919 - pyiron_log - INFO - run_shell: workdir=/tmp/pytest-of-hmai/pytest-206/test_run_shell_concurrent_call0/work_3
2026-08-01 15:37:23,922 - pyiron_log - INFO - run_shell: workdir=/tmp/pytest-of-hmai/pytest-206/test_run_shell_concurrent_call0/work_0
2026-08-01 15:37:23,927 - pyiron_log - INFO - run_shell: workdir=/tmp/pytest-of-hmai/pytest-206/test_run_shell_concurrent_call0/work_1
2026-08-01 15:37:23,930 - pyiron_log - INFO - run_shell: workdir=/tmp/pytest-of-hmai/pytest-206/test_run_shell_concurrent_call0/work_2
2026-08-01 15:37:23,932 - pyiron_log - INFO - run_shell: workdir=/tmp/pytest-of-hmai/pytest-206/test_run_shell_concurrent_call0/work_3
2026-08-01 15:37:23,936 - pyiron_log - INFO - run_shell: workdir=/tmp/pytest-of-hmai/pytest-206/test_run_shell_concurrent_call0/work_0
2026-08-01 15:37:23,940 - pyiron_log - INFO - run_shell: workdir=/tmp/pytest-of-hmai/pytest-206/test_run_shell_concurrent_call0/work_1
2026-08-01 15:37:23,944 - pyiron_log - INFO - run_shell: workdir=/tmp/pytest-of-hmai/pytest-206/test_run_shell_concurrent_call0/work_2
2026-08-01 15:37:23,947 - pyiron_log - INFO - run_shell: workdir=/tmp/pytest-of-hmai/pytest-206/test_run_shell_concurrent_call0/work_3
2026-08-01 15:37:23,950 - pyiron_log - INFO - run_shell: workdir=/tmp/pytest-of-hmai/pytest-206/test_run_shell_concurrent_call0/work_0
2026-08-01 15:37:23,953 - pyiron_log - INFO - run_shell: workdir=/tmp/pytest-of-hmai/pytest-206/test_run_shell_concurrent_call0/work_1
2026-08-01 15:37:23,956 - pyiron_log - INFO - run_shell: workdir=/tmp/pytest-of-hmai/pytest-206/test_run_shell_concurrent_call0/work_2
2026-08-01 15:37:23,961 - pyiron_log - INFO - run_shell: workdir=/tmp/pytest-of-hmai/pytest-206/test_run_shell_concurrent_call0/work_3
2026-08-01 15:37:23,970 - pyiron_log - INFO - run_shell: workdir=/tmp/pytest-of-hmai/pytest-206/test_run_shell_concurrent_call0/work_0
2026-08-01 15:37:23,973 - pyiron_log - INFO - run_shell: workdir=/tmp/pytest-of-hmai/pytest-206/test_run_shell_concurrent_call0/work_1
2026-08-01 15:37:23,976 - pyiron_log - INFO - run_shell: workdir=/tmp/pytest-of-hmai/pytest-206/test_run_shell_concurrent_call0/work_2
2026-08-01 15:37:23,979 - pyiron_log - INFO - run_shell: workdir=/tmp/pytest-of-hmai/pytest-206/test_run_shell_concurrent_call0/work_3
2026-08-01 15:37:23,983 - pyiron_log - INFO - run_shell: workdir=/tmp/pytest-of-hmai/pytest-206/test_run_shell_concurrent_call0/work_0
2026-08-01 15:37:23,988 - pyiron_log - INFO - run_shell: workdir=/tmp/pytest-of-hmai/pytest-206/test_run_shell_concurrent_call0/work_1
2026-08-01 15:37:23,991 - pyiron_log - INFO - run_shell: workdir=/tmp/pytest-of-hmai/pytest-206/test_run_shell_concurrent_call0/work_2
2026-08-01 15:37:23,995 - pyiron_log - INFO - run_shell: workdir=/tmp/pytest-of-hmai/pytest-206/test_run_shell_concurrent_call0/work_3
2026-08-01 15:37:23,998 - pyiron_log - INFO - run_shell: workdir=/tmp/pytest-of-hmai/pytest-206/test_run_shell_concurrent_call0/work_0
2026-08-01 15:37:24,001 - pyiron_log - INFO - run_shell: workdir=/tmp/pytest-of-hmai/pytest-206/test_run_shell_concurrent_call0/work_1
2026-08-01 15:37:24,005 - pyiron_log - INFO - run_shell: workdir=/tmp/pytest-of-hmai/pytest-206/test_run_shell_concurrent_call0/work_2
2026-08-01 15:37:24,008 - pyiron_log - INFO - run_shell: workdir=/tmp/pytest-of-hmai/pytest-206/test_run_shell_concurrent_call0/work_3
2026-08-01 15:37:24,012 - pyiron_log - INFO - run_shell: workdir=/tmp/pytest-of-hmai/pytest-206/test_run_shell_concurrent_call0/work_0
2026-08-01 15:37:24,016 - pyiron_log - INFO - run_shell: workdir=/tmp/pytest-of-hmai/pytest-206/test_run_shell_concurrent_call0/work_1
2026-08-01 15:37:24,020 - pyiron_log - INFO - run_shell: workdir=/tmp/pytest-of-hmai/pytest-206/test_run_shell_concurrent_call0/work_2
2026-08-01 15:37:24,023 - pyiron_log - INFO - run_shell: workdir=/tmp/pytest-of-hmai/pytest-206/test_run_shell_concurrent_call0/work_3
2026-08-01 15:37:24,026 - pyiron_log - INFO - run_shell: workdir=/tmp/pytest-of-hmai/pytest-206/test_run_shell_concurrent_call0/work_0
2026-08-01 15:37:24,030 - pyiron_log - INFO - run_shell: workdir=/tmp/pytest-of-hmai/pytest-206/test_run_shell_concurrent_call0/work_1
2026-08-01 15:37:24,034 - pyiron_log - INFO - run_shell: workdir=/tmp/pytest-of-hmai/pytest-206/test_run_shell_concurrent_call0/work_2
2026-08-01 15:37:24,038 - pyiron_log - INFO - run_shell: workdir=/tmp/pytest-of-hmai/pytest-206/test_run_shell_concurrent_call0/work_3
2026-08-01 15:37:24,041 - pyiron_log - INFO - run_shell: workdir=/tmp/pytest-of-hmai/pytest-206/test_run_shell_concurrent_call0/work_0
2026-08-01 15:37:24,043 - pyiron_log - INFO - run_shell: workdir=/tmp/pytest-of-hmai/pytest-206/test_run_shell_concurrent_call0/work_1
2026-08-01 15:37:24,047 - pyiron_log - INFO - run_shell: workdir=/tmp/pytest-of-hmai/pytest-206/test_run_shell_concurrent_call0/work_2
2026-08-01 15:37:24,052 - pyiron_log - INFO - run_shell: workdir=/tmp/pytest-of-hmai/pytest-206/test_run_shell_concurrent_call0/work_3
2026-08-01 15:37:24,061 - pyiron_log - INFO - run_shell: workdir=/tmp/pytest-of-hmai/pytest-206/test_run_shell_concurrent_call0/work_0
2026-08-01 15:37:24,063 - pyiron_log - INFO - run_shell: workdir=/tmp/pytest-of-hmai/pytest-206/test_run_shell_concurrent_call0/work_1
2026-08-01 15:37:24,066 - pyiron_log - INFO - run_shell: workdir=/tmp/pytest-of-hmai/pytest-206/test_run_shell_concurrent_call0/work_2
2026-08-01 15:37:24,069 - pyiron_log - INFO - run_shell: workdir=/tmp/pytest-of-hmai/pytest-206/test_run_shell_concurrent_call0/work_3
2026-08-01 15:37:24,077 - pyiron_log - INFO - run_shell: workdir=/tmp/pytest-of-hmai/pytest-206/test_run_shell_concurrent_call0/work_0
2026-08-01 15:37:24,079 - pyiron_log - INFO - run_shell: workdir=/tmp/pytest-of-hmai/pytest-206/test_run_shell_concurrent_call0/work_1
2026-08-01 15:37:24,083 - pyiron_log - INFO - run_shell: workdir=/tmp/pytest-of-hmai/pytest-206/test_run_shell_concurrent_call0/work_2
2026-08-01 15:37:24,085 - pyiron_log - INFO - run_shell: workdir=/tmp/pytest-of-hmai/pytest-206/test_run_shell_concurrent_call0/work_3
2026-08-01 15:37:24,090 - pyiron_log - INFO - run_shell: workdir=/tmp/pytest-of-hmai/pytest-206/test_run_shell_concurrent_call0/work_0
2026-08-01 15:37:24,093 - pyiron_log - INFO - run_shell: workdir=/tmp/pytest-of-hmai/pytest-206/test_run_shell_concurrent_call0/work_1
2026-08-01 15:37:24,096 - pyiron_log - INFO - run_shell: workdir=/tmp/pytest-of-hmai/pytest-206/test_run_shell_concurrent_call0/work_2
2026-08-01 15:37:24,098 - pyiron_log - INFO - run_shell: workdir=/tmp/pytest-of-hmai/pytest-206/test_run_shell_concurrent_call0/work_3
2026-08-01 15:37:24,102 - pyiron_log - INFO - run_shell: workdir=/tmp/pytest-of-hmai/pytest-206/test_run_shell_concurrent_call0/work_0
2026-08-01 15:37:24,107 - pyiron_log - INFO - run_shell: workdir=/tmp/pytest-of-hmai/pytest-206/test_run_shell_concurrent_call0/work_1
2026-08-01 15:37:24,111 - pyiron_log - INFO - run_shell: workdir=/tmp/pytest-of-hmai/pytest-206/test_run_shell_concurrent_call0/work_2
2026-08-01 15:37:24,113 - pyiron_log - INFO - run_shell: workdir=/tmp/pytest-of-hmai/pytest-206/test_run_shell_concurrent_call0/work_3
2026-08-01 15:37:24,116 - pyiron_log - INFO - run_shell: workdir=/tmp/pytest-of-hmai/pytest-206/test_run_shell_concurrent_call0/work_0
2026-08-01 15:37:24,121 - pyiron_log - INFO - run_shell: workdir=/tmp/pytest-of-hmai/pytest-206/test_run_shell_concurrent_call0/work_1
2026-08-01 15:37:24,124 - pyiron_log - INFO - run_shell: workdir=/tmp/pytest-of-hmai/pytest-206/test_run_shell_concurrent_call0/work_2
2026-08-01 15:37:24,128 - pyiron_log - INFO - run_shell: workdir=/tmp/pytest-of-hmai/pytest-206/test_run_shell_concurrent_call0/work_3
2026-08-01 15:37:24,131 - pyiron_log - INFO - run_shell: workdir=/tmp/pytest-of-hmai/pytest-206/test_run_shell_concurrent_call0/work_0
2026-08-01 15:37:24,135 - pyiron_log - INFO - run_shell: workdir=/tmp/pytest-of-hmai/pytest-206/test_run_shell_concurrent_call0/work_1
2026-08-01 15:37:24,138 - pyiron_log - INFO - run_shell: workdir=/tmp/pytest-of-hmai/pytest-206/test_run_shell_concurrent_call0/work_2
2026-08-01 15:37:24,142 - pyiron_log - INFO - run_shell: workdir=/tmp/pytest-of-hmai/pytest-206/test_run_shell_concurrent_call0/work_3
2026-08-01 15:37:24,260 - pyiron_log - INFO - File '/tmp/pytest-of-hmai/pytest-206/test_is_line_in_file_missing_f0/no_such_file' not found.
2026-08-01 15:37:24,262 - pyiron_log - INFO - run_shell: workdir=/tmp/pytest-of-hmai/pytest-206/test_run_shell_propagates_subp0
2026-08-01 15:37:24,269 - pyiron_log - INFO - made directory '/tmp/pytest-of-hmai/pytest-206/test_vasp_job_runs_end_to_end0/calc'
2026-08-01 15:37:24,283 - pyiron_log - INFO - run_shell: workdir=/tmp/pytest-of-hmai/pytest-206/test_vasp_job_runs_end_to_end0/calc
2026-08-01 15:37:24,292 - pyiron_log - INFO - Deleted: /tmp/pytest-of-hmai/pytest-206/test_vasp_job_runs_end_to_end0/calc/CHGCAR
2026-08-01 15:37:24,305 - pyiron_log - INFO - made directory '/tmp/pytest-of-hmai/pytest-206/test_vasp_job_removes_calc_dir0/calc2'
2026-08-01 15:37:24,308 - pyiron_log - INFO - run_shell: workdir=/tmp/pytest-of-hmai/pytest-206/test_vasp_job_removes_calc_dir0/calc2
2026-08-01 15:37:24,343 - pyiron_log - INFO - made directory '/tmp/pytest-of-hmai/pytest-206/test_vasp_job_runs_without_fil0/calc3'
2026-08-01 15:37:24,346 - pyiron_log - INFO - run_shell: workdir=/tmp/pytest-of-hmai/pytest-206/test_vasp_job_runs_without_fil0/calc3
2026-08-01 15:37:24,356 - pyiron_log - INFO - Deleted: /tmp/pytest-of-hmai/pytest-206/test_vasp_job_runs_without_fil0/calc3/CHGCAR
2026-08-01 15:37:24,356 - pyiron_log - INFO - Deleted: /tmp/pytest-of-hmai/pytest-206/test_vasp_job_runs_without_fil0/calc3/CHG
2026-08-01 15:37:24,357 - pyiron_log - INFO - Deleted: /tmp/pytest-of-hmai/pytest-206/test_vasp_job_runs_without_fil0/calc3/WAVECAR
2026-08-01 15:37:24,370 - pyiron_log - INFO - made directory '/tmp/pytest-of-hmai/pytest-206/test_vasp_job_explicit_empty_l0/calc4'
2026-08-01 15:37:24,374 - pyiron_log - INFO - run_shell: workdir=/tmp/pytest-of-hmai/pytest-206/test_vasp_job_explicit_empty_l0/calc4
2026-08-01 15:37:24,391 - pyiron_log - INFO - made directory '/tmp/pytest-of-hmai/pytest-206/test_create_working_directory_0/fresh'
2026-08-01 15:37:29,661 - pyiron_log - INFO - Deleted: /tmp/pytest-of-hmai/pytest-207/test_delete_files_recursively_0/vaspcalc/CHGCAR
2026-08-01 15:37:29,661 - pyiron_log - INFO - Deleted: /tmp/pytest-of-hmai/pytest-207/test_delete_files_recursively_0/vaspcalc/WAVECAR
2026-08-01 15:37:29,664 - pyiron_log - INFO - Error: /tmp/pytest-of-hmai/pytest-207/test_delete_files_recursively_1/nope is not a valid directory.
2026-08-01 15:37:29,669 - pyiron_log - INFO - compress_directory: compressed directory at /tmp/pytest-of-hmai/pytest-207/test_compress_directory_create0/vaspcalc
2026-08-01 15:37:29,672 - pyiron_log - INFO - compress_directory: compressed directory at /tmp/pytest-of-hmai/pytest-207/test_compress_directory_member0/vaspcalc
2026-08-01 15:37:29,676 - pyiron_log - INFO - compress_directory: compressed directory at /tmp/pytest-of-hmai/pytest-207/test_compress_directory_exclud0/vaspcalc
2026-08-01 15:37:29,685 - pyiron_log - INFO - run_shell: workdir=/tmp/pytest-of-hmai/pytest-207/test_run_shell_executes_in_wor0/calc
2026-08-01 15:37:29,691 - pyiron_log - INFO - run_shell: workdir=/tmp/pytest-of-hmai/pytest-207/test_run_shell_does_not_mutate0/calc
2026-08-01 15:37:29,856 - pyiron_log - INFO - run_shell: workdir=/tmp/pytest-of-hmai/pytest-207/test_run_shell_captures_failur0/calc
2026-08-01 15:37:29,863 - pyiron_log - INFO - run_shell: workdir=/tmp/pytest-of-hmai/pytest-207/test_run_shell_preserves_argum0/calc
2026-08-01 15:37:29,872 - pyiron_log - INFO - run_shell: workdir=/tmp/pytest-of-hmai/pytest-207/test_run_shell_concurrent_call0/work_0
2026-08-01 15:37:29,875 - pyiron_log - INFO - run_shell: workdir=/tmp/pytest-of-hmai/pytest-207/test_run_shell_concurrent_call0/work_1
2026-08-01 15:37:29,877 - pyiron_log - INFO - run_shell: workdir=/tmp/pytest-of-hmai/pytest-207/test_run_shell_concurrent_call0/work_2
2026-08-01 15:37:29,880 - pyiron_log - INFO - run_shell: workdir=/tmp/pytest-of-hmai/pytest-207/test_run_shell_concurrent_call0/work_3
2026-08-01 15:37:29,886 - pyiron_log - INFO - run_shell: workdir=/tmp/pytest-of-hmai/pytest-207/test_run_shell_concurrent_call0/work_0
2026-08-01 15:37:29,889 - pyiron_log - INFO - run_shell: workdir=/tmp/pytest-of-hmai/pytest-207/test_run_shell_concurrent_call0/work_1
2026-08-01 15:37:29,892 - pyiron_log - INFO - run_shell: workdir=/tmp/pytest-of-hmai/pytest-207/test_run_shell_concurrent_call0/work_2
2026-08-01 15:37:29,895 - pyiron_log - INFO - run_shell: workdir=/tmp/pytest-of-hmai/pytest-207/test_run_shell_concurrent_call0/work_3
2026-08-01 15:37:29,899 - pyiron_log - INFO - run_shell: workdir=/tmp/pytest-of-hmai/pytest-207/test_run_shell_concurrent_call0/work_0
2026-08-01 15:37:29,902 - pyiron_log - INFO - run_shell: workdir=/tmp/pytest-of-hmai/pytest-207/test_run_shell_concurrent_call0/work_1
2026-08-01 15:37:29,907 - pyiron_log - INFO - run_shell: workdir=/tmp/pytest-of-hmai/pytest-207/test_run_shell_concurrent_call0/work_2
2026-08-01 15:37:29,910 - pyiron_log - INFO - run_shell: workdir=/tmp/pytest-of-hmai/pytest-207/test_run_shell_concurrent_call0/work_3
2026-08-01 15:37:29,914 - pyiron_log - INFO - run_shell: workdir=/tmp/pytest-of-hmai/pytest-207/test_run_shell_concurrent_call0/work_0
2026-08-01 15:37:29,919 - pyiron_log - INFO - run_shell: workdir=/tmp/pytest-of-hmai/pytest-207/test_run_shell_concurrent_call0/work_2
2026-08-01 15:37:29,919 - pyiron_log - INFO - run_shell: workdir=/tmp/pytest-of-hmai/pytest-207/test_run_shell_concurrent_call0/work_1
2026-08-01 15:37:29,924 - pyiron_log - INFO - run_shell: workdir=/tmp/pytest-of-hmai/pytest-207/test_run_shell_concurrent_call0/work_3
2026-08-01 15:37:29,927 - pyiron_log - INFO - run_shell: workdir=/tmp/pytest-of-hmai/pytest-207/test_run_shell_concurrent_call0/work_0
2026-08-01 15:37:29,932 - pyiron_log - INFO - run_shell: workdir=/tmp/pytest-of-hmai/pytest-207/test_run_shell_concurrent_call0/work_2
2026-08-01 15:37:29,932 - pyiron_log - INFO - run_shell: workdir=/tmp/pytest-of-hmai/pytest-207/test_run_shell_concurrent_call0/work_1
2026-08-01 15:37:29,948 - pyiron_log - INFO - run_shell: workdir=/tmp/pytest-of-hmai/pytest-207/test_run_shell_concurrent_call0/work_3
2026-08-01 15:37:29,953 - pyiron_log - INFO - run_shell: workdir=/tmp/pytest-of-hmai/pytest-207/test_run_shell_concurrent_call0/work_0
2026-08-01 15:37:29,956 - pyiron_log - INFO - run_shell: workdir=/tmp/pytest-of-hmai/pytest-207/test_run_shell_concurrent_call0/work_2
2026-08-01 15:37:29,957 - pyiron_log - INFO - run_shell: workdir=/tmp/pytest-of-hmai/pytest-207/test_run_shell_concurrent_call0/work_1
2026-08-01 15:37:29,963 - pyiron_log - INFO - run_shell: workdir=/tmp/pytest-of-hmai/pytest-207/test_run_shell_concurrent_call0/work_3
2026-08-01 15:37:47,588 - pyiron_log - INFO - made directory '/tmp/pytest-of-hmai/pytest-208/test_vasp_job_runs_end_to_end0/calc'
2026-08-01 15:37:47,602 - pyiron_log - INFO - run_shell: workdir=/tmp/pytest-of-hmai/pytest-208/test_vasp_job_runs_end_to_end0/calc
2026-08-01 15:37:47,610 - pyiron_log - INFO - Deleted: /tmp/pytest-of-hmai/pytest-208/test_vasp_job_runs_end_to_end0/calc/CHGCAR
2026-08-01 15:37:47,627 - pyiron_log - INFO - made directory '/tmp/pytest-of-hmai/pytest-208/test_vasp_job_removes_calc_dir0/calc2'
2026-08-01 15:37:47,630 - pyiron_log - INFO - run_shell: workdir=/tmp/pytest-of-hmai/pytest-208/test_vasp_job_removes_calc_dir0/calc2
2026-08-01 15:37:47,662 - pyiron_log - INFO - made directory '/tmp/pytest-of-hmai/pytest-208/test_vasp_job_runs_without_fil0/calc3'
2026-08-01 15:37:47,665 - pyiron_log - INFO - run_shell: workdir=/tmp/pytest-of-hmai/pytest-208/test_vasp_job_runs_without_fil0/calc3
2026-08-01 15:37:47,846 - pyiron_log - INFO - made directory '/tmp/pytest-of-hmai/pytest-208/test_vasp_job_explicit_empty_l0/calc4'
2026-08-01 15:37:47,849 - pyiron_log - INFO - run_shell: workdir=/tmp/pytest-of-hmai/pytest-208/test_vasp_job_explicit_empty_l0/calc4
2026-08-01 15:37:53,462 - pyiron_log - INFO - made directory '/tmp/pytest-of-hmai/pytest-209/test_vasp_job_runs_end_to_end0/calc'
2026-08-01 15:37:53,478 - pyiron_log - INFO - run_shell: workdir=/tmp/pytest-of-hmai/pytest-209/test_vasp_job_runs_end_to_end0/calc
2026-08-01 15:37:53,488 - pyiron_log - INFO - Deleted: /tmp/pytest-of-hmai/pytest-209/test_vasp_job_runs_end_to_end0/calc/CHGCAR
2026-08-01 15:37:53,501 - pyiron_log - INFO - made directory '/tmp/pytest-of-hmai/pytest-209/test_vasp_job_removes_calc_dir0/calc2'
2026-08-01 15:37:53,505 - pyiron_log - INFO - run_shell: workdir=/tmp/pytest-of-hmai/pytest-209/test_vasp_job_removes_calc_dir0/calc2
2026-08-01 15:37:53,698 - pyiron_log - INFO - made directory '/tmp/pytest-of-hmai/pytest-209/test_vasp_job_runs_without_fil0/calc3'
2026-08-01 15:37:53,702 - pyiron_log - INFO - run_shell: workdir=/tmp/pytest-of-hmai/pytest-209/test_vasp_job_runs_without_fil0/calc3
2026-08-01 15:37:53,712 - pyiron_log - INFO - Deleted: /tmp/pytest-of-hmai/pytest-209/test_vasp_job_runs_without_fil0/calc3/CHGCAR
2026-08-01 15:37:53,712 - pyiron_log - INFO - Deleted: /tmp/pytest-of-hmai/pytest-209/test_vasp_job_runs_without_fil0/calc3/CHG
2026-08-01 15:37:53,712 - pyiron_log - INFO - Deleted: /tmp/pytest-of-hmai/pytest-209/test_vasp_job_runs_without_fil0/calc3/WAVECAR
2026-08-01 15:37:53,724 - pyiron_log - INFO - made directory '/tmp/pytest-of-hmai/pytest-209/test_vasp_job_explicit_empty_l0/calc4'
2026-08-01 15:37:53,728 - pyiron_log - INFO - run_shell: workdir=/tmp/pytest-of-hmai/pytest-209/test_vasp_job_explicit_empty_l0/calc4
2026-08-01 15:37:59,327 - pyiron_log - INFO - made directory '/tmp/pytest-of-hmai/pytest-210/test_vasp_job_runs_end_to_end0/calc'
2026-08-01 15:37:59,342 - pyiron_log - INFO - run_shell: workdir=/tmp/pytest-of-hmai/pytest-210/test_vasp_job_runs_end_to_end0/calc
2026-08-01 15:37:59,530 - pyiron_log - INFO - made directory '/tmp/pytest-of-hmai/pytest-210/test_vasp_job_removes_calc_dir0/calc2'
2026-08-01 15:37:59,535 - pyiron_log - INFO - run_shell: workdir=/tmp/pytest-of-hmai/pytest-210/test_vasp_job_removes_calc_dir0/calc2
2026-08-01 15:37:59,569 - pyiron_log - INFO - made directory '/tmp/pytest-of-hmai/pytest-210/test_vasp_job_runs_without_fil0/calc3'
2026-08-01 15:37:59,573 - pyiron_log - INFO - run_shell: workdir=/tmp/pytest-of-hmai/pytest-210/test_vasp_job_runs_without_fil0/calc3
2026-08-01 15:37:59,598 - pyiron_log - INFO - made directory '/tmp/pytest-of-hmai/pytest-210/test_vasp_job_explicit_empty_l0/calc4'
2026-08-01 15:37:59,603 - pyiron_log - INFO - run_shell: workdir=/tmp/pytest-of-hmai/pytest-210/test_vasp_job_explicit_empty_l0/calc4
2026-08-01 15:38:05,409 - pyiron_log - INFO - made directory '/tmp/pytest-of-hmai/pytest-211/test_vasp_job_runs_end_to_end0/calc'
2026-08-01 15:38:05,423 - pyiron_log - INFO - run_shell: workdir=/tmp/pytest-of-hmai/pytest-211/test_vasp_job_runs_end_to_end0/calc
2026-08-01 15:38:05,433 - pyiron_log - INFO - Deleted: /tmp/pytest-of-hmai/pytest-211/test_vasp_job_runs_end_to_end0/calc/CHGCAR
2026-08-01 15:38:05,631 - pyiron_log - INFO - made directory '/tmp/pytest-of-hmai/pytest-211/test_vasp_job_removes_calc_dir0/calc2'
2026-08-01 15:38:05,635 - pyiron_log - INFO - run_shell: workdir=/tmp/pytest-of-hmai/pytest-211/test_vasp_job_removes_calc_dir0/calc2
2026-08-01 15:38:05,675 - pyiron_log - INFO - made directory '/tmp/pytest-of-hmai/pytest-211/test_vasp_job_runs_without_fil0/calc3'
2026-08-01 15:38:05,679 - pyiron_log - INFO - run_shell: workdir=/tmp/pytest-of-hmai/pytest-211/test_vasp_job_runs_without_fil0/calc3
2026-08-01 15:38:05,690 - pyiron_log - INFO - Deleted: /tmp/pytest-of-hmai/pytest-211/test_vasp_job_runs_without_fil0/calc3/CHGCAR
2026-08-01 15:38:05,690 - pyiron_log - INFO - Deleted: /tmp/pytest-of-hmai/pytest-211/test_vasp_job_runs_without_fil0/calc3/CHG
2026-08-01 15:38:05,690 - pyiron_log - INFO - Deleted: /tmp/pytest-of-hmai/pytest-211/test_vasp_job_runs_without_fil0/calc3/WAVECAR
2026-08-01 15:38:05,707 - pyiron_log - INFO - made directory '/tmp/pytest-of-hmai/pytest-211/test_vasp_job_explicit_empty_l0/calc4'
2026-08-01 15:38:05,711 - pyiron_log - INFO - run_shell: workdir=/tmp/pytest-of-hmai/pytest-211/test_vasp_job_explicit_empty_l0/calc4
2026-08-01 15:38:11,585 - pyiron_log - INFO - made directory '/tmp/pytest-of-hmai/pytest-212/test_create_working_directory_0/fresh'
2026-08-01 15:38:17,275 - pyiron_log - INFO - made directory '/tmp/pytest-of-hmai/pytest-213/test_create_working_directory_0/fresh'
2026-08-01 15:38:23,143 - pyiron_log - INFO - Deleted: /tmp/pytest-of-hmai/pytest-214/test_delete_files_recursively_0/vaspcalc/CHGCAR
2026-08-01 15:38:23,143 - pyiron_log - INFO - Deleted: /tmp/pytest-of-hmai/pytest-214/test_delete_files_recursively_0/vaspcalc/WAVECAR
2026-08-01 15:38:23,145 - pyiron_log - INFO - Error: /tmp/pytest-of-hmai/pytest-214/test_delete_files_recursively_1/nope is not a valid directory.
2026-08-01 15:38:23,151 - pyiron_log - INFO - compress_directory: compressed directory at /tmp/pytest-of-hmai/pytest-214/test_compress_directory_create0/vaspcalc
2026-08-01 15:38:23,156 - pyiron_log - INFO - compress_directory: compressed directory at /tmp/pytest-of-hmai/pytest-214/test_compress_directory_member0/vaspcalc
2026-08-01 15:38:23,159 - pyiron_log - INFO - compress_directory: compressed directory at /tmp/pytest-of-hmai/pytest-214/test_compress_directory_exclud0/vaspcalc
2026-08-01 15:38:23,168 - pyiron_log - INFO - run_shell: workdir=/tmp/pytest-of-hmai/pytest-214/test_run_shell_executes_in_wor0/calc
2026-08-01 15:38:23,175 - pyiron_log - INFO - run_shell: workdir=/tmp/pytest-of-hmai/pytest-214/test_run_shell_does_not_mutate0/calc
2026-08-01 15:38:23,182 - pyiron_log - INFO - run_shell: workdir=/tmp/pytest-of-hmai/pytest-214/test_run_shell_captures_failur0/calc
2026-08-01 15:38:23,189 - pyiron_log - INFO - run_shell: workdir=/tmp/pytest-of-hmai/pytest-214/test_run_shell_preserves_argum0/calc
2026-08-01 15:38:23,382 - pyiron_log - INFO - run_shell: workdir=/tmp/pytest-of-hmai/pytest-214/test_run_shell_concurrent_call0/work_0
2026-08-01 15:38:23,385 - pyiron_log - INFO - run_shell: workdir=/tmp/pytest-of-hmai/pytest-214/test_run_shell_concurrent_call0/work_1
2026-08-01 15:38:23,388 - pyiron_log - INFO - run_shell: workdir=/tmp/pytest-of-hmai/pytest-214/test_run_shell_concurrent_call0/work_2
2026-08-01 15:38:23,391 - pyiron_log - INFO - run_shell: workdir=/tmp/pytest-of-hmai/pytest-214/test_run_shell_concurrent_call0/work_3
2026-08-01 15:38:23,393 - pyiron_log - INFO - run_shell: workdir=/tmp/pytest-of-hmai/pytest-214/test_run_shell_concurrent_call0/work_0
2026-08-01 15:38:23,399 - pyiron_log - INFO - run_shell: workdir=/tmp/pytest-of-hmai/pytest-214/test_run_shell_concurrent_call0/work_1
2026-08-01 15:38:23,400 - pyiron_log - INFO - run_shell: workdir=/tmp/pytest-of-hmai/pytest-214/test_run_shell_concurrent_call0/work_2
2026-08-01 15:38:23,403 - pyiron_log - INFO - run_shell: workdir=/tmp/pytest-of-hmai/pytest-214/test_run_shell_concurrent_call0/work_3
2026-08-01 15:38:23,406 - pyiron_log - INFO - run_shell: workdir=/tmp/pytest-of-hmai/pytest-214/test_run_shell_concurrent_call0/work_0
2026-08-01 15:38:23,410 - pyiron_log - INFO - run_shell: workdir=/tmp/pytest-of-hmai/pytest-214/test_run_shell_concurrent_call0/work_1
2026-08-01 15:38:23,413 - pyiron_log - INFO - run_shell: workdir=/tmp/pytest-of-hmai/pytest-214/test_run_shell_concurrent_call0/work_2
2026-08-01 15:38:23,416 - pyiron_log - INFO - run_shell: workdir=/tmp/pytest-of-hmai/pytest-214/test_run_shell_concurrent_call0/work_3
2026-08-01 15:38:23,420 - pyiron_log - INFO - run_shell: workdir=/tmp/pytest-of-hmai/pytest-214/test_run_shell_concurrent_call0/work_0
2026-08-01 15:38:23,422 - pyiron_log - INFO - run_shell: workdir=/tmp/pytest-of-hmai/pytest-214/test_run_shell_concurrent_call0/work_1
2026-08-01 15:38:23,425 - pyiron_log - INFO - run_shell: workdir=/tmp/pytest-of-hmai/pytest-214/test_run_shell_concurrent_call0/work_2
2026-08-01 15:38:23,428 - pyiron_log - INFO - run_shell: workdir=/tmp/pytest-of-hmai/pytest-214/test_run_shell_concurrent_call0/work_3
2026-08-01 15:38:23,432 - pyiron_log - INFO - run_shell: workdir=/tmp/pytest-of-hmai/pytest-214/test_run_shell_concurrent_call0/work_0
2026-08-01 15:38:23,434 - pyiron_log - INFO - run_shell: workdir=/tmp/pytest-of-hmai/pytest-214/test_run_shell_concurrent_call0/work_1
2026-08-01 15:38:23,438 - pyiron_log - INFO - run_shell: workdir=/tmp/pytest-of-hmai/pytest-214/test_run_shell_concurrent_call0/work_2
2026-08-01 15:38:23,441 - pyiron_log - INFO - run_shell: workdir=/tmp/pytest-of-hmai/pytest-214/test_run_shell_concurrent_call0/work_3
2026-08-01 15:38:23,443 - pyiron_log - INFO - run_shell: workdir=/tmp/pytest-of-hmai/pytest-214/test_run_shell_concurrent_call0/work_0
2026-08-01 15:38:23,445 - pyiron_log - INFO - run_shell: workdir=/tmp/pytest-of-hmai/pytest-214/test_run_shell_concurrent_call0/work_1
2026-08-01 15:38:23,449 - pyiron_log - INFO - run_shell: workdir=/tmp/pytest-of-hmai/pytest-214/test_run_shell_concurrent_call0/work_2
2026-08-01 15:38:23,452 - pyiron_log - INFO - run_shell: workdir=/tmp/pytest-of-hmai/pytest-214/test_run_shell_concurrent_call0/work_3
2026-08-01 15:38:23,460 - pyiron_log - INFO - run_shell: workdir=/tmp/pytest-of-hmai/pytest-214/test_run_shell_concurrent_call0/work_0
2026-08-01 15:38:23,462 - pyiron_log - INFO - run_shell: workdir=/tmp/pytest-of-hmai/pytest-214/test_run_shell_concurrent_call0/work_1
2026-08-01 15:38:23,464 - pyiron_log - INFO - run_shell: workdir=/tmp/pytest-of-hmai/pytest-214/test_run_shell_concurrent_call0/work_2
2026-08-01 15:38:23,467 - pyiron_log - INFO - run_shell: workdir=/tmp/pytest-of-hmai/pytest-214/test_run_shell_concurrent_call0/work_3
2026-08-01 15:38:23,473 - pyiron_log - INFO - run_shell: workdir=/tmp/pytest-of-hmai/pytest-214/test_run_shell_concurrent_call0/work_0
2026-08-01 15:38:23,476 - pyiron_log - INFO - run_shell: workdir=/tmp/pytest-of-hmai/pytest-214/test_run_shell_concurrent_call0/work_1
2026-08-01 15:38:23,479 - pyiron_log - INFO - run_shell: workdir=/tmp/pytest-of-hmai/pytest-214/test_run_shell_concurrent_call0/work_2
2026-08-01 15:38:23,482 - pyiron_log - INFO - run_shell: workdir=/tmp/pytest-of-hmai/pytest-214/test_run_shell_concurrent_call0/work_3
2026-08-01 15:38:23,485 - pyiron_log - INFO - run_shell: workdir=/tmp/pytest-of-hmai/pytest-214/test_run_shell_concurrent_call0/work_0
2026-08-01 15:38:23,490 - pyiron_log - INFO - run_shell: workdir=/tmp/pytest-of-hmai/pytest-214/test_run_shell_concurrent_call0/work_1
2026-08-01 15:38:23,494 - pyiron_log - INFO - run_shell: workdir=/tmp/pytest-of-hmai/pytest-214/test_run_shell_concurrent_call0/work_2
2026-08-01 15:38:23,497 - pyiron_log - INFO - run_shell: workdir=/tmp/pytest-of-hmai/pytest-214/test_run_shell_concurrent_call0/work_3
2026-08-01 15:38:23,499 - pyiron_log - INFO - run_shell: workdir=/tmp/pytest-of-hmai/pytest-214/test_run_shell_concurrent_call0/work_0
2026-08-01 15:38:23,504 - pyiron_log - INFO - run_shell: workdir=/tmp/pytest-of-hmai/pytest-214/test_run_shell_concurrent_call0/work_1
2026-08-01 15:38:23,508 - pyiron_log - INFO - run_shell: workdir=/tmp/pytest-of-hmai/pytest-214/test_run_shell_concurrent_call0/work_2
2026-08-01 15:38:23,511 - pyiron_log - INFO - run_shell: workdir=/tmp/pytest-of-hmai/pytest-214/test_run_shell_concurrent_call0/work_3
2026-08-01 15:38:23,514 - pyiron_log - INFO - run_shell: workdir=/tmp/pytest-of-hmai/pytest-214/test_run_shell_concurrent_call0/work_0
2026-08-01 15:38:23,517 - pyiron_log - INFO - run_shell: workdir=/tmp/pytest-of-hmai/pytest-214/test_run_shell_concurrent_call0/work_1
2026-08-01 15:38:23,519 - pyiron_log - INFO - run_shell: workdir=/tmp/pytest-of-hmai/pytest-214/test_run_shell_concurrent_call0/work_2
2026-08-01 15:38:23,527 - pyiron_log - INFO - run_shell: workdir=/tmp/pytest-of-hmai/pytest-214/test_run_shell_concurrent_call0/work_3
2026-08-01 15:38:23,530 - pyiron_log - INFO - run_shell: workdir=/tmp/pytest-of-hmai/pytest-214/test_run_shell_concurrent_call0/work_0
2026-08-01 15:38:23,532 - pyiron_log - INFO - run_shell: workdir=/tmp/pytest-of-hmai/pytest-214/test_run_shell_concurrent_call0/work_1
2026-08-01 15:38:23,536 - pyiron_log - INFO - run_shell: workdir=/tmp/pytest-of-hmai/pytest-214/test_run_shell_concurrent_call0/work_2
2026-08-01 15:38:23,540 - pyiron_log - INFO - run_shell: workdir=/tmp/pytest-of-hmai/pytest-214/test_run_shell_concurrent_call0/work_3
2026-08-01 15:38:23,549 - pyiron_log - INFO - run_shell: workdir=/tmp/pytest-of-hmai/pytest-214/test_run_shell_concurrent_call0/work_0
2026-08-01 15:38:23,552 - pyiron_log - INFO - run_shell: workdir=/tmp/pytest-of-hmai/pytest-214/test_run_shell_concurrent_call0/work_1
2026-08-01 15:38:23,555 - pyiron_log - INFO - run_shell: workdir=/tmp/pytest-of-hmai/pytest-214/test_run_shell_concurrent_call0/work_2
2026-08-01 15:38:23,558 - pyiron_log - INFO - run_shell: workdir=/tmp/pytest-of-hmai/pytest-214/test_run_shell_concurrent_call0/work_3
2026-08-01 15:38:23,567 - pyiron_log - INFO - run_shell: workdir=/tmp/pytest-of-hmai/pytest-214/test_run_shell_concurrent_call0/work_0
2026-08-01 15:38:23,570 - pyiron_log - INFO - run_shell: workdir=/tmp/pytest-of-hmai/pytest-214/test_run_shell_concurrent_call0/work_1
2026-08-01 15:38:23,572 - pyiron_log - INFO - run_shell: workdir=/tmp/pytest-of-hmai/pytest-214/test_run_shell_concurrent_call0/work_2
2026-08-01 15:38:23,574 - pyiron_log - INFO - run_shell: workdir=/tmp/pytest-of-hmai/pytest-214/test_run_shell_concurrent_call0/work_3
2026-08-01 15:38:23,582 - pyiron_log - INFO - run_shell: workdir=/tmp/pytest-of-hmai/pytest-214/test_run_shell_concurrent_call0/work_0
2026-08-01 15:38:23,586 - pyiron_log - INFO - run_shell: workdir=/tmp/pytest-of-hmai/pytest-214/test_run_shell_concurrent_call0/work_1
2026-08-01 15:38:23,588 - pyiron_log - INFO - run_shell: workdir=/tmp/pytest-of-hmai/pytest-214/test_run_shell_concurrent_call0/work_2
2026-08-01 15:38:23,590 - pyiron_log - INFO - run_shell: workdir=/tmp/pytest-of-hmai/pytest-214/test_run_shell_concurrent_call0/work_3
2026-08-01 15:38:23,593 - pyiron_log - INFO - run_shell: workdir=/tmp/pytest-of-hmai/pytest-214/test_run_shell_concurrent_call0/work_0
2026-08-01 15:38:23,601 - pyiron_log - INFO - run_shell: workdir=/tmp/pytest-of-hmai/pytest-214/test_run_shell_concurrent_call0/work_1
2026-08-01 15:38:23,604 - pyiron_log - INFO - run_shell: workdir=/tmp/pytest-of-hmai/pytest-214/test_run_shell_concurrent_call0/work_2
2026-08-01 15:38:23,607 - pyiron_log - INFO - run_shell: workdir=/tmp/pytest-of-hmai/pytest-214/test_run_shell_concurrent_call0/work_3
2026-08-01 15:38:23,609 - pyiron_log - INFO - run_shell: workdir=/tmp/pytest-of-hmai/pytest-214/test_run_shell_concurrent_call0/work_0
2026-08-01 15:38:23,617 - pyiron_log - INFO - run_shell: workdir=/tmp/pytest-of-hmai/pytest-214/test_run_shell_concurrent_call0/work_1
2026-08-01 15:38:23,620 - pyiron_log - INFO - run_shell: workdir=/tmp/pytest-of-hmai/pytest-214/test_run_shell_concurrent_call0/work_2
2026-08-01 15:38:23,623 - pyiron_log - INFO - run_shell: workdir=/tmp/pytest-of-hmai/pytest-214/test_run_shell_concurrent_call0/work_3
2026-08-01 15:38:23,627 - pyiron_log - INFO - run_shell: workdir=/tmp/pytest-of-hmai/pytest-214/test_run_shell_concurrent_call0/work_0
2026-08-01 15:38:23,631 - pyiron_log - INFO - run_shell: workdir=/tmp/pytest-of-hmai/pytest-214/test_run_shell_concurrent_call0/work_1
2026-08-01 15:38:23,635 - pyiron_log - INFO - run_shell: workdir=/tmp/pytest-of-hmai/pytest-214/test_run_shell_concurrent_call0/work_2
2026-08-01 15:38:23,637 - pyiron_log - INFO - run_shell: workdir=/tmp/pytest-of-hmai/pytest-214/test_run_shell_concurrent_call0/work_3
2026-08-01 15:38:23,647 - pyiron_log - INFO - run_shell: workdir=/tmp/pytest-of-hmai/pytest-214/test_run_shell_concurrent_call0/work_0
2026-08-01 15:38:23,650 - pyiron_log - INFO - run_shell: workdir=/tmp/pytest-of-hmai/pytest-214/test_run_shell_concurrent_call0/work_1
2026-08-01 15:38:23,652 - pyiron_log - INFO - run_shell: workdir=/tmp/pytest-of-hmai/pytest-214/test_run_shell_concurrent_call0/work_2
2026-08-01 15:38:23,655 - pyiron_log - INFO - run_shell: workdir=/tmp/pytest-of-hmai/pytest-214/test_run_shell_concurrent_call0/work_3
2026-08-01 15:38:23,662 - pyiron_log - INFO - run_shell: workdir=/tmp/pytest-of-hmai/pytest-214/test_run_shell_concurrent_call0/work_0
2026-08-01 15:38:23,664 - pyiron_log - INFO - run_shell: workdir=/tmp/pytest-of-hmai/pytest-214/test_run_shell_concurrent_call0/work_1
2026-08-01 15:38:23,667 - pyiron_log - INFO - run_shell: workdir=/tmp/pytest-of-hmai/pytest-214/test_run_shell_concurrent_call0/work_2
2026-08-01 15:38:23,670 - pyiron_log - INFO - run_shell: workdir=/tmp/pytest-of-hmai/pytest-214/test_run_shell_concurrent_call0/work_3
2026-08-01 15:38:23,675 - pyiron_log - INFO - run_shell: workdir=/tmp/pytest-of-hmai/pytest-214/test_run_shell_concurrent_call0/work_0
2026-08-01 15:38:23,676 - pyiron_log - INFO - run_shell: workdir=/tmp/pytest-of-hmai/pytest-214/test_run_shell_concurrent_call0/work_1
2026-08-01 15:38:23,679 - pyiron_log - INFO - run_shell: workdir=/tmp/pytest-of-hmai/pytest-214/test_run_shell_concurrent_call0/work_2
2026-08-01 15:38:23,681 - pyiron_log - INFO - run_shell: workdir=/tmp/pytest-of-hmai/pytest-214/test_run_shell_concurrent_call0/work_3
2026-08-01 15:38:23,685 - pyiron_log - INFO - run_shell: workdir=/tmp/pytest-of-hmai/pytest-214/test_run_shell_concurrent_call0/work_0
2026-08-01 15:38:23,688 - pyiron_log - INFO - run_shell: workdir=/tmp/pytest-of-hmai/pytest-214/test_run_shell_concurrent_call0/work_1
2026-08-01 15:38:23,691 - pyiron_log - INFO - run_shell: workdir=/tmp/pytest-of-hmai/pytest-214/test_run_shell_concurrent_call0/work_2
2026-08-01 15:38:23,693 - pyiron_log - INFO - run_shell: workdir=/tmp/pytest-of-hmai/pytest-214/test_run_shell_concurrent_call0/work_3
2026-08-01 15:38:23,697 - pyiron_log - INFO - run_shell: workdir=/tmp/pytest-of-hmai/pytest-214/test_run_shell_concurrent_call0/work_0
2026-08-01 15:38:23,701 - pyiron_log - INFO - run_shell: workdir=/tmp/pytest-of-hmai/pytest-214/test_run_shell_concurrent_call0/work_1
2026-08-01 15:38:23,704 - pyiron_log - INFO - run_shell: workdir=/tmp/pytest-of-hmai/pytest-214/test_run_shell_concurrent_call0/work_2
2026-08-01 15:38:23,708 - pyiron_log - INFO - run_shell: workdir=/tmp/pytest-of-hmai/pytest-214/test_run_shell_concurrent_call0/work_3
2026-08-01 15:38:23,710 - pyiron_log - INFO - run_shell: workdir=/tmp/pytest-of-hmai/pytest-214/test_run_shell_concurrent_call0/work_0
2026-08-01 15:38:23,713 - pyiron_log - INFO - run_shell: workdir=/tmp/pytest-of-hmai/pytest-214/test_run_shell_concurrent_call0/work_1
2026-08-01 15:38:23,721 - pyiron_log - INFO - run_shell: workdir=/tmp/pytest-of-hmai/pytest-214/test_run_shell_concurrent_call0/work_2
2026-08-01 15:38:23,724 - pyiron_log - INFO - run_shell: workdir=/tmp/pytest-of-hmai/pytest-214/test_run_shell_concurrent_call0/work_3
2026-08-01 15:38:23,734 - pyiron_log - INFO - run_shell: workdir=/tmp/pytest-of-hmai/pytest-214/test_run_shell_concurrent_call0/work_0
2026-08-01 15:38:23,736 - pyiron_log - INFO - run_shell: workdir=/tmp/pytest-of-hmai/pytest-214/test_run_shell_concurrent_call0/work_1
2026-08-01 15:38:23,739 - pyiron_log - INFO - run_shell: workdir=/tmp/pytest-of-hmai/pytest-214/test_run_shell_concurrent_call0/work_2
2026-08-01 15:38:23,743 - pyiron_log - INFO - run_shell: workdir=/tmp/pytest-of-hmai/pytest-214/test_run_shell_concurrent_call0/work_3
2026-08-01 15:38:23,749 - pyiron_log - INFO - run_shell: workdir=/tmp/pytest-of-hmai/pytest-214/test_run_shell_concurrent_call0/work_0
2026-08-01 15:38:23,751 - pyiron_log - INFO - run_shell: workdir=/tmp/pytest-of-hmai/pytest-214/test_run_shell_concurrent_call0/work_1
2026-08-01 15:38:23,756 - pyiron_log - INFO - run_shell: workdir=/tmp/pytest-of-hmai/pytest-214/test_run_shell_concurrent_call0/work_2
2026-08-01 15:38:23,758 - pyiron_log - INFO - run_shell: workdir=/tmp/pytest-of-hmai/pytest-214/test_run_shell_concurrent_call0/work_3
2026-08-01 15:38:23,762 - pyiron_log - INFO - run_shell: workdir=/tmp/pytest-of-hmai/pytest-214/test_run_shell_concurrent_call0/work_0
2026-08-01 15:38:23,764 - pyiron_log - INFO - run_shell: workdir=/tmp/pytest-of-hmai/pytest-214/test_run_shell_concurrent_call0/work_1
2026-08-01 15:38:23,768 - pyiron_log - INFO - run_shell: workdir=/tmp/pytest-of-hmai/pytest-214/test_run_shell_concurrent_call0/work_2
2026-08-01 15:38:23,773 - pyiron_log - INFO - run_shell: workdir=/tmp/pytest-of-hmai/pytest-214/test_run_shell_concurrent_call0/work_3
2026-08-01 15:38:23,776 - pyiron_log - INFO - run_shell: workdir=/tmp/pytest-of-hmai/pytest-214/test_run_shell_concurrent_call0/work_0
2026-08-01 15:38:23,779 - pyiron_log - INFO - run_shell: workdir=/tmp/pytest-of-hmai/pytest-214/test_run_shell_concurrent_call0/work_1
2026-08-01 15:38:23,783 - pyiron_log - INFO - run_shell: workdir=/tmp/pytest-of-hmai/pytest-214/test_run_shell_concurrent_call0/work_2
2026-08-01 15:38:23,786 - pyiron_log - INFO - run_shell: workdir=/tmp/pytest-of-hmai/pytest-214/test_run_shell_concurrent_call0/work_3
2026-08-01 15:38:23,790 - pyiron_log - INFO - run_shell: workdir=/tmp/pytest-of-hmai/pytest-214/test_run_shell_concurrent_call0/work_0
2026-08-01 15:38:23,793 - pyiron_log - INFO - run_shell: workdir=/tmp/pytest-of-hmai/pytest-214/test_run_shell_concurrent_call0/work_1
2026-08-01 15:38:23,796 - pyiron_log - INFO - run_shell: workdir=/tmp/pytest-of-hmai/pytest-214/test_run_shell_concurrent_call0/work_2
2026-08-01 15:38:23,800 - pyiron_log - INFO - run_shell: workdir=/tmp/pytest-of-hmai/pytest-214/test_run_shell_concurrent_call0/work_3
2026-08-01 15:38:23,806 - pyiron_log - INFO - run_shell: workdir=/tmp/pytest-of-hmai/pytest-214/test_run_shell_concurrent_call0/work_0
2026-08-01 15:38:23,809 - pyiron_log - INFO - run_shell: workdir=/tmp/pytest-of-hmai/pytest-214/test_run_shell_concurrent_call0/work_1
2026-08-01 15:38:23,811 - pyiron_log - INFO - run_shell: workdir=/tmp/pytest-of-hmai/pytest-214/test_run_shell_concurrent_call0/work_2
2026-08-01 15:38:23,815 - pyiron_log - INFO - run_shell: workdir=/tmp/pytest-of-hmai/pytest-214/test_run_shell_concurrent_call0/work_3
2026-08-01 15:38:29,578 - pyiron_log - INFO - made directory '/tmp/pytest-of-hmai/pytest-215/test_create_working_directory_0/fresh'
2026-08-01 15:38:42,010 - pyiron_log - INFO - Deleted: /tmp/pytest-of-hmai/pytest-216/test_delete_files_recursively_0/vaspcalc/CHGCAR
2026-08-01 15:38:42,010 - pyiron_log - INFO - Deleted: /tmp/pytest-of-hmai/pytest-216/test_delete_files_recursively_0/vaspcalc/WAVECAR
2026-08-01 15:38:42,012 - pyiron_log - INFO - Error: /tmp/pytest-of-hmai/pytest-216/test_delete_files_recursively_1/nope is not a valid directory.
2026-08-01 15:38:42,017 - pyiron_log - INFO - compress_directory: compressed directory at /tmp/pytest-of-hmai/pytest-216/test_compress_directory_create0/vaspcalc
2026-08-01 15:38:42,020 - pyiron_log - INFO - compress_directory: compressed directory at /tmp/pytest-of-hmai/pytest-216/test_compress_directory_member0/vaspcalc
2026-08-01 15:38:42,024 - pyiron_log - INFO - compress_directory: compressed directory at /tmp/pytest-of-hmai/pytest-216/test_compress_directory_exclud0/vaspcalc
2026-08-01 15:38:42,033 - pyiron_log - INFO - run_shell: workdir=/tmp/pytest-of-hmai/pytest-216/test_run_shell_executes_in_wor0/calc
2026-08-01 15:38:42,040 - pyiron_log - INFO - run_shell: workdir=/tmp/pytest-of-hmai/pytest-216/test_run_shell_does_not_mutate0/calc
2026-08-01 15:38:42,046 - pyiron_log - INFO - run_shell: workdir=/tmp/pytest-of-hmai/pytest-216/test_run_shell_captures_failur0/calc
2026-08-01 15:38:42,053 - pyiron_log - INFO - run_shell: workdir=/tmp/pytest-of-hmai/pytest-216/test_run_shell_preserves_argum0/calc
2026-08-01 15:38:42,062 - pyiron_log - INFO - run_shell: workdir=/tmp/pytest-of-hmai/pytest-216/test_run_shell_concurrent_call0/work_0
2026-08-01 15:38:42,065 - pyiron_log - INFO - run_shell: workdir=/tmp/pytest-of-hmai/pytest-216/test_run_shell_concurrent_call0/work_1
2026-08-01 15:38:42,068 - pyiron_log - INFO - run_shell: workdir=/tmp/pytest-of-hmai/pytest-216/test_run_shell_concurrent_call0/work_2
2026-08-01 15:38:42,072 - pyiron_log - INFO - run_shell: workdir=/tmp/pytest-of-hmai/pytest-216/test_run_shell_concurrent_call0/work_3
2026-08-01 15:38:42,077 - pyiron_log - INFO - run_shell: workdir=/tmp/pytest-of-hmai/pytest-216/test_run_shell_concurrent_call0/work_0
2026-08-01 15:38:42,081 - pyiron_log - INFO - run_shell: workdir=/tmp/pytest-of-hmai/pytest-216/test_run_shell_concurrent_call0/work_1
2026-08-01 15:38:42,083 - pyiron_log - INFO - run_shell: workdir=/tmp/pytest-of-hmai/pytest-216/test_run_shell_concurrent_call0/work_2
2026-08-01 15:38:42,087 - pyiron_log - INFO - run_shell: workdir=/tmp/pytest-of-hmai/pytest-216/test_run_shell_concurrent_call0/work_3
2026-08-01 15:38:42,091 - pyiron_log - INFO - run_shell: workdir=/tmp/pytest-of-hmai/pytest-216/test_run_shell_concurrent_call0/work_0
2026-08-01 15:38:42,094 - pyiron_log - INFO - run_shell: workdir=/tmp/pytest-of-hmai/pytest-216/test_run_shell_concurrent_call0/work_1
2026-08-01 15:38:42,097 - pyiron_log - INFO - run_shell: workdir=/tmp/pytest-of-hmai/pytest-216/test_run_shell_concurrent_call0/work_2
2026-08-01 15:38:42,100 - pyiron_log - INFO - run_shell: workdir=/tmp/pytest-of-hmai/pytest-216/test_run_shell_concurrent_call0/work_3
2026-08-01 15:38:42,104 - pyiron_log - INFO - run_shell: workdir=/tmp/pytest-of-hmai/pytest-216/test_run_shell_concurrent_call0/work_0
2026-08-01 15:38:42,108 - pyiron_log - INFO - run_shell: workdir=/tmp/pytest-of-hmai/pytest-216/test_run_shell_concurrent_call0/work_1
2026-08-01 15:38:42,111 - pyiron_log - INFO - run_shell: workdir=/tmp/pytest-of-hmai/pytest-216/test_run_shell_concurrent_call0/work_2
2026-08-01 15:38:42,114 - pyiron_log - INFO - run_shell: workdir=/tmp/pytest-of-hmai/pytest-216/test_run_shell_concurrent_call0/work_3
2026-08-01 15:38:42,119 - pyiron_log - INFO - run_shell: workdir=/tmp/pytest-of-hmai/pytest-216/test_run_shell_concurrent_call0/work_0
2026-08-01 15:38:42,122 - pyiron_log - INFO - run_shell: workdir=/tmp/pytest-of-hmai/pytest-216/test_run_shell_concurrent_call0/work_1
2026-08-01 15:38:42,125 - pyiron_log - INFO - run_shell: workdir=/tmp/pytest-of-hmai/pytest-216/test_run_shell_concurrent_call0/work_2
2026-08-01 15:38:42,128 - pyiron_log - INFO - run_shell: workdir=/tmp/pytest-of-hmai/pytest-216/test_run_shell_concurrent_call0/work_3
2026-08-01 15:38:42,132 - pyiron_log - INFO - run_shell: workdir=/tmp/pytest-of-hmai/pytest-216/test_run_shell_concurrent_call0/work_0
2026-08-01 15:38:42,136 - pyiron_log - INFO - run_shell: workdir=/tmp/pytest-of-hmai/pytest-216/test_run_shell_concurrent_call0/work_1
2026-08-01 15:38:42,140 - pyiron_log - INFO - run_shell: workdir=/tmp/pytest-of-hmai/pytest-216/test_run_shell_concurrent_call0/work_2
2026-08-01 15:38:42,144 - pyiron_log - INFO - run_shell: workdir=/tmp/pytest-of-hmai/pytest-216/test_run_shell_concurrent_call0/work_3
2026-08-01 15:38:42,153 - pyiron_log - INFO - run_shell: workdir=/tmp/pytest-of-hmai/pytest-216/test_run_shell_concurrent_call0/work_0
2026-08-01 15:38:42,156 - pyiron_log - INFO - run_shell: workdir=/tmp/pytest-of-hmai/pytest-216/test_run_shell_concurrent_call0/work_1
2026-08-01 15:38:42,159 - pyiron_log - INFO - run_shell: workdir=/tmp/pytest-of-hmai/pytest-216/test_run_shell_concurrent_call0/work_2
2026-08-01 15:38:42,162 - pyiron_log - INFO - run_shell: workdir=/tmp/pytest-of-hmai/pytest-216/test_run_shell_concurrent_call0/work_3
2026-08-01 15:38:42,167 - pyiron_log - INFO - run_shell: workdir=/tmp/pytest-of-hmai/pytest-216/test_run_shell_concurrent_call0/work_0
2026-08-01 15:38:42,170 - pyiron_log - INFO - run_shell: workdir=/tmp/pytest-of-hmai/pytest-216/test_run_shell_concurrent_call0/work_1
2026-08-01 15:38:42,174 - pyiron_log - INFO - run_shell: workdir=/tmp/pytest-of-hmai/pytest-216/test_run_shell_concurrent_call0/work_2
2026-08-01 15:38:42,177 - pyiron_log - INFO - run_shell: workdir=/tmp/pytest-of-hmai/pytest-216/test_run_shell_concurrent_call0/work_3
2026-08-01 15:38:42,180 - pyiron_log - INFO - run_shell: workdir=/tmp/pytest-of-hmai/pytest-216/test_run_shell_concurrent_call0/work_0
2026-08-01 15:38:42,184 - pyiron_log - INFO - run_shell: workdir=/tmp/pytest-of-hmai/pytest-216/test_run_shell_concurrent_call0/work_1
2026-08-01 15:38:42,188 - pyiron_log - INFO - run_shell: workdir=/tmp/pytest-of-hmai/pytest-216/test_run_shell_concurrent_call0/work_2
2026-08-01 15:38:42,191 - pyiron_log - INFO - run_shell: workdir=/tmp/pytest-of-hmai/pytest-216/test_run_shell_concurrent_call0/work_3
2026-08-01 15:38:42,194 - pyiron_log - INFO - run_shell: workdir=/tmp/pytest-of-hmai/pytest-216/test_run_shell_concurrent_call0/work_0
2026-08-01 15:38:42,197 - pyiron_log - INFO - run_shell: workdir=/tmp/pytest-of-hmai/pytest-216/test_run_shell_concurrent_call0/work_1
2026-08-01 15:38:42,201 - pyiron_log - INFO - run_shell: workdir=/tmp/pytest-of-hmai/pytest-216/test_run_shell_concurrent_call0/work_2
2026-08-01 15:38:42,206 - pyiron_log - INFO - run_shell: workdir=/tmp/pytest-of-hmai/pytest-216/test_run_shell_concurrent_call0/work_3
2026-08-01 15:38:42,209 - pyiron_log - INFO - run_shell: workdir=/tmp/pytest-of-hmai/pytest-216/test_run_shell_concurrent_call0/work_0
2026-08-01 15:38:42,211 - pyiron_log - INFO - run_shell: workdir=/tmp/pytest-of-hmai/pytest-216/test_run_shell_concurrent_call0/work_1
2026-08-01 15:38:42,215 - pyiron_log - INFO - run_shell: workdir=/tmp/pytest-of-hmai/pytest-216/test_run_shell_concurrent_call0/work_2
2026-08-01 15:38:42,218 - pyiron_log - INFO - run_shell: workdir=/tmp/pytest-of-hmai/pytest-216/test_run_shell_concurrent_call0/work_3
2026-08-01 15:38:42,225 - pyiron_log - INFO - run_shell: workdir=/tmp/pytest-of-hmai/pytest-216/test_run_shell_concurrent_call0/work_0
2026-08-01 15:38:42,228 - pyiron_log - INFO - run_shell: workdir=/tmp/pytest-of-hmai/pytest-216/test_run_shell_concurrent_call0/work_1
2026-08-01 15:38:42,231 - pyiron_log - INFO - run_shell: workdir=/tmp/pytest-of-hmai/pytest-216/test_run_shell_concurrent_call0/work_2
2026-08-01 15:38:42,236 - pyiron_log - INFO - run_shell: workdir=/tmp/pytest-of-hmai/pytest-216/test_run_shell_concurrent_call0/work_3
2026-08-01 15:38:42,245 - pyiron_log - INFO - run_shell: workdir=/tmp/pytest-of-hmai/pytest-216/test_run_shell_concurrent_call0/work_0
2026-08-01 15:38:42,247 - pyiron_log - INFO - run_shell: workdir=/tmp/pytest-of-hmai/pytest-216/test_run_shell_concurrent_call0/work_1
2026-08-01 15:38:42,251 - pyiron_log - INFO - run_shell: workdir=/tmp/pytest-of-hmai/pytest-216/test_run_shell_concurrent_call0/work_2
2026-08-01 15:38:42,254 - pyiron_log - INFO - run_shell: workdir=/tmp/pytest-of-hmai/pytest-216/test_run_shell_concurrent_call0/work_3
2026-08-01 15:38:42,261 - pyiron_log - INFO - run_shell: workdir=/tmp/pytest-of-hmai/pytest-216/test_run_shell_concurrent_call0/work_0
2026-08-01 15:38:42,264 - pyiron_log - INFO - run_shell: workdir=/tmp/pytest-of-hmai/pytest-216/test_run_shell_concurrent_call0/work_1
2026-08-01 15:38:42,268 - pyiron_log - INFO - run_shell: workdir=/tmp/pytest-of-hmai/pytest-216/test_run_shell_concurrent_call0/work_2
2026-08-01 15:38:42,270 - pyiron_log - INFO - run_shell: workdir=/tmp/pytest-of-hmai/pytest-216/test_run_shell_concurrent_call0/work_3
2026-08-01 15:38:42,276 - pyiron_log - INFO - run_shell: workdir=/tmp/pytest-of-hmai/pytest-216/test_run_shell_concurrent_call0/work_0
2026-08-01 15:38:42,279 - pyiron_log - INFO - run_shell: workdir=/tmp/pytest-of-hmai/pytest-216/test_run_shell_concurrent_call0/work_1
2026-08-01 15:38:42,282 - pyiron_log - INFO - run_shell: workdir=/tmp/pytest-of-hmai/pytest-216/test_run_shell_concurrent_call0/work_2
2026-08-01 15:38:42,285 - pyiron_log - INFO - run_shell: workdir=/tmp/pytest-of-hmai/pytest-216/test_run_shell_concurrent_call0/work_3
2026-08-01 15:38:42,287 - pyiron_log - INFO - run_shell: workdir=/tmp/pytest-of-hmai/pytest-216/test_run_shell_concurrent_call0/work_0
2026-08-01 15:38:42,294 - pyiron_log - INFO - run_shell: workdir=/tmp/pytest-of-hmai/pytest-216/test_run_shell_concurrent_call0/work_1
2026-08-01 15:38:42,297 - pyiron_log - INFO - run_shell: workdir=/tmp/pytest-of-hmai/pytest-216/test_run_shell_concurrent_call0/work_2
2026-08-01 15:38:42,300 - pyiron_log - INFO - run_shell: workdir=/tmp/pytest-of-hmai/pytest-216/test_run_shell_concurrent_call0/work_3
2026-08-01 15:38:42,304 - pyiron_log - INFO - run_shell: workdir=/tmp/pytest-of-hmai/pytest-216/test_run_shell_concurrent_call0/work_0
2026-08-01 15:38:42,308 - pyiron_log - INFO - run_shell: workdir=/tmp/pytest-of-hmai/pytest-216/test_run_shell_concurrent_call0/work_1
2026-08-01 15:38:42,312 - pyiron_log - INFO - run_shell: workdir=/tmp/pytest-of-hmai/pytest-216/test_run_shell_concurrent_call0/work_2
2026-08-01 15:38:42,315 - pyiron_log - INFO - run_shell: workdir=/tmp/pytest-of-hmai/pytest-216/test_run_shell_concurrent_call0/work_3
2026-08-01 15:38:42,319 - pyiron_log - INFO - run_shell: workdir=/tmp/pytest-of-hmai/pytest-216/test_run_shell_concurrent_call0/work_0
2026-08-01 15:38:42,321 - pyiron_log - INFO - run_shell: workdir=/tmp/pytest-of-hmai/pytest-216/test_run_shell_concurrent_call0/work_1
2026-08-01 15:38:42,325 - pyiron_log - INFO - run_shell: workdir=/tmp/pytest-of-hmai/pytest-216/test_run_shell_concurrent_call0/work_2
2026-08-01 15:38:42,329 - pyiron_log - INFO - run_shell: workdir=/tmp/pytest-of-hmai/pytest-216/test_run_shell_concurrent_call0/work_3
2026-08-01 15:38:42,339 - pyiron_log - INFO - run_shell: workdir=/tmp/pytest-of-hmai/pytest-216/test_run_shell_concurrent_call0/work_0
2026-08-01 15:38:42,341 - pyiron_log - INFO - run_shell: workdir=/tmp/pytest-of-hmai/pytest-216/test_run_shell_concurrent_call0/work_1
2026-08-01 15:38:42,344 - pyiron_log - INFO - run_shell: workdir=/tmp/pytest-of-hmai/pytest-216/test_run_shell_concurrent_call0/work_2
2026-08-01 15:38:42,347 - pyiron_log - INFO - run_shell: workdir=/tmp/pytest-of-hmai/pytest-216/test_run_shell_concurrent_call0/work_3
2026-08-01 15:38:42,352 - pyiron_log - INFO - run_shell: workdir=/tmp/pytest-of-hmai/pytest-216/test_run_shell_concurrent_call0/work_0
2026-08-01 15:38:42,356 - pyiron_log - INFO - run_shell: workdir=/tmp/pytest-of-hmai/pytest-216/test_run_shell_concurrent_call0/work_1
2026-08-01 15:38:42,359 - pyiron_log - INFO - run_shell: workdir=/tmp/pytest-of-hmai/pytest-216/test_run_shell_concurrent_call0/work_2
2026-08-01 15:38:42,362 - pyiron_log - INFO - run_shell: workdir=/tmp/pytest-of-hmai/pytest-216/test_run_shell_concurrent_call0/work_3
2026-08-01 15:38:42,365 - pyiron_log - INFO - run_shell: workdir=/tmp/pytest-of-hmai/pytest-216/test_run_shell_concurrent_call0/work_0
2026-08-01 15:38:42,368 - pyiron_log - INFO - run_shell: workdir=/tmp/pytest-of-hmai/pytest-216/test_run_shell_concurrent_call0/work_1
2026-08-01 15:38:42,371 - pyiron_log - INFO - run_shell: workdir=/tmp/pytest-of-hmai/pytest-216/test_run_shell_concurrent_call0/work_2
2026-08-01 15:38:42,376 - pyiron_log - INFO - run_shell: workdir=/tmp/pytest-of-hmai/pytest-216/test_run_shell_concurrent_call0/work_3
2026-08-01 15:38:42,379 - pyiron_log - INFO - run_shell: workdir=/tmp/pytest-of-hmai/pytest-216/test_run_shell_concurrent_call0/work_0
2026-08-01 15:38:42,382 - pyiron_log - INFO - run_shell: workdir=/tmp/pytest-of-hmai/pytest-216/test_run_shell_concurrent_call0/work_1
2026-08-01 15:38:42,385 - pyiron_log - INFO - run_shell: workdir=/tmp/pytest-of-hmai/pytest-216/test_run_shell_concurrent_call0/work_2
2026-08-01 15:38:42,388 - pyiron_log - INFO - run_shell: workdir=/tmp/pytest-of-hmai/pytest-216/test_run_shell_concurrent_call0/work_3
2026-08-01 15:38:42,393 - pyiron_log - INFO - run_shell: workdir=/tmp/pytest-of-hmai/pytest-216/test_run_shell_concurrent_call0/work_0
2026-08-01 15:38:42,397 - pyiron_log - INFO - run_shell: workdir=/tmp/pytest-of-hmai/pytest-216/test_run_shell_concurrent_call0/work_1
2026-08-01 15:38:42,400 - pyiron_log - INFO - run_shell: workdir=/tmp/pytest-of-hmai/pytest-216/test_run_shell_concurrent_call0/work_2
2026-08-01 15:38:42,403 - pyiron_log - INFO - run_shell: workdir=/tmp/pytest-of-hmai/pytest-216/test_run_shell_concurrent_call0/work_3
2026-08-01 15:38:42,405 - pyiron_log - INFO - run_shell: workdir=/tmp/pytest-of-hmai/pytest-216/test_run_shell_concurrent_call0/work_0
2026-08-01 15:38:42,408 - pyiron_log - INFO - run_shell: workdir=/tmp/pytest-of-hmai/pytest-216/test_run_shell_concurrent_call0/work_1
2026-08-01 15:38:42,413 - pyiron_log - INFO - run_shell: workdir=/tmp/pytest-of-hmai/pytest-216/test_run_shell_concurrent_call0/work_2
2026-08-01 15:38:42,416 - pyiron_log - INFO - run_shell: workdir=/tmp/pytest-of-hmai/pytest-216/test_run_shell_concurrent_call0/work_3
2026-08-01 15:38:42,425 - pyiron_log - INFO - run_shell: workdir=/tmp/pytest-of-hmai/pytest-216/test_run_shell_concurrent_call0/work_0
2026-08-01 15:38:42,428 - pyiron_log - INFO - run_shell: workdir=/tmp/pytest-of-hmai/pytest-216/test_run_shell_concurrent_call0/work_1
2026-08-01 15:38:42,431 - pyiron_log - INFO - run_shell: workdir=/tmp/pytest-of-hmai/pytest-216/test_run_shell_concurrent_call0/work_2
2026-08-01 15:38:42,434 - pyiron_log - INFO - run_shell: workdir=/tmp/pytest-of-hmai/pytest-216/test_run_shell_concurrent_call0/work_3
2026-08-01 15:38:42,439 - pyiron_log - INFO - run_shell: workdir=/tmp/pytest-of-hmai/pytest-216/test_run_shell_concurrent_call0/work_0
2026-08-01 15:38:42,442 - pyiron_log - INFO - run_shell: workdir=/tmp/pytest-of-hmai/pytest-216/test_run_shell_concurrent_call0/work_1
2026-08-01 15:38:42,446 - pyiron_log - INFO - run_shell: workdir=/tmp/pytest-of-hmai/pytest-216/test_run_shell_concurrent_call0/work_2
2026-08-01 15:38:42,449 - pyiron_log - INFO - run_shell: workdir=/tmp/pytest-of-hmai/pytest-216/test_run_shell_concurrent_call0/work_3
2026-08-01 15:38:42,453 - pyiron_log - INFO - run_shell: workdir=/tmp/pytest-of-hmai/pytest-216/test_run_shell_concurrent_call0/work_0
2026-08-01 15:38:42,456 - pyiron_log - INFO - run_shell: workdir=/tmp/pytest-of-hmai/pytest-216/test_run_shell_concurrent_call0/work_1
2026-08-01 15:38:42,460 - pyiron_log - INFO - run_shell: workdir=/tmp/pytest-of-hmai/pytest-216/test_run_shell_concurrent_call0/work_2
2026-08-01 15:38:42,463 - pyiron_log - INFO - run_shell: workdir=/tmp/pytest-of-hmai/pytest-216/test_run_shell_concurrent_call0/work_3
2026-08-01 15:38:42,467 - pyiron_log - INFO - run_shell: workdir=/tmp/pytest-of-hmai/pytest-216/test_run_shell_concurrent_call0/work_0
2026-08-01 15:38:42,470 - pyiron_log - INFO - run_shell: workdir=/tmp/pytest-of-hmai/pytest-216/test_run_shell_concurrent_call0/work_1
2026-08-01 15:38:42,474 - pyiron_log - INFO - run_shell: workdir=/tmp/pytest-of-hmai/pytest-216/test_run_shell_concurrent_call0/work_2
2026-08-01 15:38:42,477 - pyiron_log - INFO - run_shell: workdir=/tmp/pytest-of-hmai/pytest-216/test_run_shell_concurrent_call0/work_3
2026-08-01 15:38:42,481 - pyiron_log - INFO - run_shell: workdir=/tmp/pytest-of-hmai/pytest-216/test_run_shell_concurrent_call0/work_0
2026-08-01 15:38:42,484 - pyiron_log - INFO - run_shell: workdir=/tmp/pytest-of-hmai/pytest-216/test_run_shell_concurrent_call0/work_1
2026-08-01 15:38:42,488 - pyiron_log - INFO - run_shell: workdir=/tmp/pytest-of-hmai/pytest-216/test_run_shell_concurrent_call0/work_2
2026-08-01 15:38:42,491 - pyiron_log - INFO - run_shell: workdir=/tmp/pytest-of-hmai/pytest-216/test_run_shell_concurrent_call0/work_3
2026-08-01 15:38:42,495 - pyiron_log - INFO - run_shell: workdir=/tmp/pytest-of-hmai/pytest-216/test_run_shell_concurrent_call0/work_0
2026-08-01 15:38:42,499 - pyiron_log - INFO - run_shell: workdir=/tmp/pytest-of-hmai/pytest-216/test_run_shell_concurrent_call0/work_1
2026-08-01 15:38:42,503 - pyiron_log - INFO - run_shell: workdir=/tmp/pytest-of-hmai/pytest-216/test_run_shell_concurrent_call0/work_2
2026-08-01 15:38:42,507 - pyiron_log - INFO - run_shell: workdir=/tmp/pytest-of-hmai/pytest-216/test_run_shell_concurrent_call0/work_3
2026-08-01 15:38:42,619 - pyiron_log - INFO - File '/tmp/pytest-of-hmai/pytest-216/test_is_line_in_file_missing_f0/no_such_file' not found.
2026-08-01 15:38:42,620 - pyiron_log - INFO - run_shell: workdir=/tmp/pytest-of-hmai/pytest-216/test_run_shell_propagates_subp0
2026-08-01 15:38:42,629 - pyiron_log - INFO - made directory '/tmp/pytest-of-hmai/pytest-216/test_vasp_job_runs_end_to_end0/calc'
2026-08-01 15:38:42,643 - pyiron_log - INFO - run_shell: workdir=/tmp/pytest-of-hmai/pytest-216/test_vasp_job_runs_end_to_end0/calc
2026-08-01 15:38:42,653 - pyiron_log - INFO - Deleted: /tmp/pytest-of-hmai/pytest-216/test_vasp_job_runs_end_to_end0/calc/CHGCAR
2026-08-01 15:38:42,666 - pyiron_log - INFO - made directory '/tmp/pytest-of-hmai/pytest-216/test_vasp_job_removes_calc_dir0/calc2'
2026-08-01 15:38:42,670 - pyiron_log - INFO - run_shell: workdir=/tmp/pytest-of-hmai/pytest-216/test_vasp_job_removes_calc_dir0/calc2
2026-08-01 15:38:42,702 - pyiron_log - INFO - made directory '/tmp/pytest-of-hmai/pytest-216/test_vasp_job_runs_without_fil0/calc3'
2026-08-01 15:38:42,706 - pyiron_log - INFO - run_shell: workdir=/tmp/pytest-of-hmai/pytest-216/test_vasp_job_runs_without_fil0/calc3
2026-08-01 15:38:42,715 - pyiron_log - INFO - Deleted: /tmp/pytest-of-hmai/pytest-216/test_vasp_job_runs_without_fil0/calc3/CHGCAR
2026-08-01 15:38:42,716 - pyiron_log - INFO - Deleted: /tmp/pytest-of-hmai/pytest-216/test_vasp_job_runs_without_fil0/calc3/CHG
2026-08-01 15:38:42,716 - pyiron_log - INFO - Deleted: /tmp/pytest-of-hmai/pytest-216/test_vasp_job_runs_without_fil0/calc3/WAVECAR
2026-08-01 15:38:42,727 - pyiron_log - INFO - made directory '/tmp/pytest-of-hmai/pytest-216/test_vasp_job_explicit_empty_l0/calc4'
2026-08-01 15:38:42,729 - pyiron_log - INFO - run_shell: workdir=/tmp/pytest-of-hmai/pytest-216/test_vasp_job_explicit_empty_l0/calc4
2026-08-01 15:38:42,745 - pyiron_log - INFO - made directory '/tmp/pytest-of-hmai/pytest-216/test_create_working_directory_0/fresh'
2026-08-01 15:38:48,556 - pyiron_log - INFO - Deleted: /tmp/pytest-of-hmai/pytest-217/test_delete_files_recursively_0/vaspcalc/CHGCAR
2026-08-01 15:38:48,556 - pyiron_log - INFO - Deleted: /tmp/pytest-of-hmai/pytest-217/test_delete_files_recursively_0/vaspcalc/WAVECAR
2026-08-01 15:38:48,558 - pyiron_log - INFO - Error: /tmp/pytest-of-hmai/pytest-217/test_delete_files_recursively_1/nope is not a valid directory.
2026-08-01 15:38:48,565 - pyiron_log - INFO - compress_directory: compressed directory at /tmp/pytest-of-hmai/pytest-217/test_compress_directory_create0/vaspcalc
2026-08-01 15:38:48,569 - pyiron_log - INFO - compress_directory: compressed directory at /tmp/pytest-of-hmai/pytest-217/test_compress_directory_member0/vaspcalc
2026-08-01 15:38:48,572 - pyiron_log - INFO - compress_directory: compressed directory at /tmp/pytest-of-hmai/pytest-217/test_compress_directory_exclud0/vaspcalc
2026-08-01 15:38:48,581 - pyiron_log - INFO - run_shell: workdir=/tmp/pytest-of-hmai/pytest-217/test_run_shell_executes_in_wor0/calc
2026-08-01 15:38:48,588 - pyiron_log - INFO - run_shell: workdir=/tmp/pytest-of-hmai/pytest-217/test_run_shell_does_not_mutate0/calc
2026-08-01 15:38:48,760 - pyiron_log - INFO - run_shell: workdir=/tmp/pytest-of-hmai/pytest-217/test_run_shell_captures_failur0/calc
2026-08-01 15:38:48,767 - pyiron_log - INFO - run_shell: workdir=/tmp/pytest-of-hmai/pytest-217/test_run_shell_preserves_argum0/calc
2026-08-01 15:38:48,776 - pyiron_log - INFO - run_shell: workdir=/tmp/pytest-of-hmai/pytest-217/test_run_shell_concurrent_call0/work_0
2026-08-01 15:38:48,779 - pyiron_log - INFO - run_shell: workdir=/tmp/pytest-of-hmai/pytest-217/test_run_shell_concurrent_call0/work_1
2026-08-01 15:38:48,781 - pyiron_log - INFO - run_shell: workdir=/tmp/pytest-of-hmai/pytest-217/test_run_shell_concurrent_call0/work_2
2026-08-01 15:38:48,785 - pyiron_log - INFO - run_shell: workdir=/tmp/pytest-of-hmai/pytest-217/test_run_shell_concurrent_call0/work_3
2026-08-01 15:38:48,788 - pyiron_log - INFO - run_shell: workdir=/tmp/pytest-of-hmai/pytest-217/test_run_shell_concurrent_call0/work_0
2026-08-01 15:38:48,793 - pyiron_log - INFO - run_shell: workdir=/tmp/pytest-of-hmai/pytest-217/test_run_shell_concurrent_call0/work_1
2026-08-01 15:38:48,797 - pyiron_log - INFO - run_shell: workdir=/tmp/pytest-of-hmai/pytest-217/test_run_shell_concurrent_call0/work_2
2026-08-01 15:38:48,799 - pyiron_log - INFO - run_shell: workdir=/tmp/pytest-of-hmai/pytest-217/test_run_shell_concurrent_call0/work_3
2026-08-01 15:38:48,802 - pyiron_log - INFO - run_shell: workdir=/tmp/pytest-of-hmai/pytest-217/test_run_shell_concurrent_call0/work_0
2026-08-01 15:38:48,806 - pyiron_log - INFO - run_shell: workdir=/tmp/pytest-of-hmai/pytest-217/test_run_shell_concurrent_call0/work_1
2026-08-01 15:38:48,810 - pyiron_log - INFO - run_shell: workdir=/tmp/pytest-of-hmai/pytest-217/test_run_shell_concurrent_call0/work_2
2026-08-01 15:38:48,812 - pyiron_log - INFO - run_shell: workdir=/tmp/pytest-of-hmai/pytest-217/test_run_shell_concurrent_call0/work_3
2026-08-01 15:38:48,815 - pyiron_log - INFO - run_shell: workdir=/tmp/pytest-of-hmai/pytest-217/test_run_shell_concurrent_call0/work_0
2026-08-01 15:38:48,818 - pyiron_log - INFO - run_shell: workdir=/tmp/pytest-of-hmai/pytest-217/test_run_shell_concurrent_call0/work_1
2026-08-01 15:38:48,826 - pyiron_log - INFO - run_shell: workdir=/tmp/pytest-of-hmai/pytest-217/test_run_shell_concurrent_call0/work_2
2026-08-01 15:38:48,831 - pyiron_log - INFO - run_shell: workdir=/tmp/pytest-of-hmai/pytest-217/test_run_shell_concurrent_call0/work_3
2026-08-01 15:38:48,831 - pyiron_log - INFO - run_shell: workdir=/tmp/pytest-of-hmai/pytest-217/test_run_shell_concurrent_call0/work_0
2026-08-01 15:38:48,834 - pyiron_log - INFO - run_shell: workdir=/tmp/pytest-of-hmai/pytest-217/test_run_shell_concurrent_call0/work_1
2026-08-01 15:38:48,838 - pyiron_log - INFO - run_shell: workdir=/tmp/pytest-of-hmai/pytest-217/test_run_shell_concurrent_call0/work_2
2026-08-01 15:38:48,843 - pyiron_log - INFO - run_shell: workdir=/tmp/pytest-of-hmai/pytest-217/test_run_shell_concurrent_call0/work_3
2026-08-01 15:38:48,846 - pyiron_log - INFO - run_shell: workdir=/tmp/pytest-of-hmai/pytest-217/test_run_shell_concurrent_call0/work_0
2026-08-01 15:38:48,852 - pyiron_log - INFO - run_shell: workdir=/tmp/pytest-of-hmai/pytest-217/test_run_shell_concurrent_call0/work_2
2026-08-01 15:38:48,852 - pyiron_log - INFO - run_shell: workdir=/tmp/pytest-of-hmai/pytest-217/test_run_shell_concurrent_call0/work_1
2026-08-01 15:38:48,855 - pyiron_log - INFO - run_shell: workdir=/tmp/pytest-of-hmai/pytest-217/test_run_shell_concurrent_call0/work_3
2026-08-01 15:39:03,223 - pyiron_log - INFO - made directory '/tmp/pytest-of-hmai/pytest-218/test_vasp_job_runs_end_to_end0/calc'
2026-08-01 15:39:03,237 - pyiron_log - INFO - run_shell: workdir=/tmp/pytest-of-hmai/pytest-218/test_vasp_job_runs_end_to_end0/calc
2026-08-01 15:39:03,247 - pyiron_log - INFO - Deleted: /tmp/pytest-of-hmai/pytest-218/test_vasp_job_runs_end_to_end0/calc/CHGCAR
2026-08-01 15:39:03,264 - pyiron_log - INFO - made directory '/tmp/pytest-of-hmai/pytest-218/test_vasp_job_removes_calc_dir0/calc2'
2026-08-01 15:39:03,268 - pyiron_log - INFO - run_shell: workdir=/tmp/pytest-of-hmai/pytest-218/test_vasp_job_removes_calc_dir0/calc2
2026-08-01 15:39:03,303 - pyiron_log - INFO - made directory '/tmp/pytest-of-hmai/pytest-218/test_vasp_job_runs_without_fil0/calc3'
2026-08-01 15:39:03,307 - pyiron_log - INFO - run_shell: workdir=/tmp/pytest-of-hmai/pytest-218/test_vasp_job_runs_without_fil0/calc3
2026-08-01 15:39:03,320 - pyiron_log - INFO - Deleted: /tmp/pytest-of-hmai/pytest-218/test_vasp_job_runs_without_fil0/calc3/CHGCAR
2026-08-01 15:39:03,320 - pyiron_log - INFO - Deleted: /tmp/pytest-of-hmai/pytest-218/test_vasp_job_runs_without_fil0/calc3/CHG
2026-08-01 15:39:03,321 - pyiron_log - INFO - Deleted: /tmp/pytest-of-hmai/pytest-218/test_vasp_job_runs_without_fil0/calc3/WAVECAR
2026-08-01 15:39:03,335 - pyiron_log - INFO - made directory '/tmp/pytest-of-hmai/pytest-218/test_vasp_job_explicit_empty_l0/calc4'
2026-08-01 15:39:03,340 - pyiron_log - INFO - run_shell: workdir=/tmp/pytest-of-hmai/pytest-218/test_vasp_job_explicit_empty_l0/calc4
2026-08-01 15:39:25,779 - pyiron_log - INFO - made directory '/tmp/pytest-of-hmai/pytest-219/test_vasp_job_runs_end_to_end0/calc'
2026-08-01 15:39:25,793 - pyiron_log - INFO - run_shell: workdir=/tmp/pytest-of-hmai/pytest-219/test_vasp_job_runs_end_to_end0/calc
2026-08-01 15:39:25,802 - pyiron_log - INFO - Deleted: /tmp/pytest-of-hmai/pytest-219/test_vasp_job_runs_end_to_end0/calc/CHGCAR
2026-08-01 15:39:25,815 - pyiron_log - INFO - made directory '/tmp/pytest-of-hmai/pytest-219/test_vasp_job_removes_calc_dir0/calc2'
2026-08-01 15:39:25,818 - pyiron_log - INFO - run_shell: workdir=/tmp/pytest-of-hmai/pytest-219/test_vasp_job_removes_calc_dir0/calc2
2026-08-01 15:39:25,848 - pyiron_log - INFO - made directory '/tmp/pytest-of-hmai/pytest-219/test_vasp_job_runs_without_fil0/calc3'
2026-08-01 15:39:25,851 - pyiron_log - INFO - run_shell: workdir=/tmp/pytest-of-hmai/pytest-219/test_vasp_job_runs_without_fil0/calc3
2026-08-01 15:39:25,873 - pyiron_log - INFO - made directory '/tmp/pytest-of-hmai/pytest-219/test_vasp_job_explicit_empty_l0/calc4'
2026-08-01 15:39:25,877 - pyiron_log - INFO - run_shell: workdir=/tmp/pytest-of-hmai/pytest-219/test_vasp_job_explicit_empty_l0/calc4
2026-08-01 15:39:31,126 - pyiron_log - INFO - made directory '/tmp/pytest-of-hmai/pytest-220/test_vasp_job_runs_end_to_end0/calc'
2026-08-01 15:39:31,141 - pyiron_log - INFO - run_shell: workdir=/tmp/pytest-of-hmai/pytest-220/test_vasp_job_runs_end_to_end0/calc
2026-08-01 15:39:31,151 - pyiron_log - INFO - Deleted: /tmp/pytest-of-hmai/pytest-220/test_vasp_job_runs_end_to_end0/calc/CHGCAR
2026-08-01 15:39:31,162 - pyiron_log - INFO - made directory '/tmp/pytest-of-hmai/pytest-220/test_vasp_job_removes_calc_dir0/calc2'
2026-08-01 15:39:31,166 - pyiron_log - INFO - run_shell: workdir=/tmp/pytest-of-hmai/pytest-220/test_vasp_job_removes_calc_dir0/calc2
2026-08-01 15:39:31,200 - pyiron_log - INFO - made directory '/tmp/pytest-of-hmai/pytest-220/test_vasp_job_runs_without_fil0/calc3'
2026-08-01 15:39:31,203 - pyiron_log - INFO - run_shell: workdir=/tmp/pytest-of-hmai/pytest-220/test_vasp_job_runs_without_fil0/calc3
2026-08-01 15:39:31,213 - pyiron_log - INFO - Deleted: /tmp/pytest-of-hmai/pytest-220/test_vasp_job_runs_without_fil0/calc3/CHGCAR
2026-08-01 15:39:31,213 - pyiron_log - INFO - Deleted: /tmp/pytest-of-hmai/pytest-220/test_vasp_job_runs_without_fil0/calc3/CHG
2026-08-01 15:39:31,213 - pyiron_log - INFO - Deleted: /tmp/pytest-of-hmai/pytest-220/test_vasp_job_runs_without_fil0/calc3/WAVECAR
2026-08-01 15:39:31,227 - pyiron_log - INFO - made directory '/tmp/pytest-of-hmai/pytest-220/test_vasp_job_explicit_empty_l0/calc4'
2026-08-01 15:39:31,230 - pyiron_log - INFO - run_shell: workdir=/tmp/pytest-of-hmai/pytest-220/test_vasp_job_explicit_empty_l0/calc4
2026-08-01 15:39:36,608 - pyiron_log - INFO - made directory '/tmp/pytest-of-hmai/pytest-221/test_vasp_job_runs_end_to_end0/calc'
2026-08-01 15:39:36,622 - pyiron_log - INFO - run_shell: workdir=/tmp/pytest-of-hmai/pytest-221/test_vasp_job_runs_end_to_end0/calc
2026-08-01 15:39:36,642 - pyiron_log - INFO - made directory '/tmp/pytest-of-hmai/pytest-221/test_vasp_job_removes_calc_dir0/calc2'
2026-08-01 15:39:36,645 - pyiron_log - INFO - run_shell: workdir=/tmp/pytest-of-hmai/pytest-221/test_vasp_job_removes_calc_dir0/calc2
2026-08-01 15:39:36,678 - pyiron_log - INFO - made directory '/tmp/pytest-of-hmai/pytest-221/test_vasp_job_runs_without_fil0/calc3'
2026-08-01 15:39:36,682 - pyiron_log - INFO - run_shell: workdir=/tmp/pytest-of-hmai/pytest-221/test_vasp_job_runs_without_fil0/calc3
2026-08-01 15:39:36,702 - pyiron_log - INFO - made directory '/tmp/pytest-of-hmai/pytest-221/test_vasp_job_explicit_empty_l0/calc4'
2026-08-01 15:39:36,706 - pyiron_log - INFO - run_shell: workdir=/tmp/pytest-of-hmai/pytest-221/test_vasp_job_explicit_empty_l0/calc4
2026-08-01 15:39:42,291 - pyiron_log - INFO - made directory '/tmp/pytest-of-hmai/pytest-222/test_vasp_job_runs_end_to_end0/calc'
2026-08-01 15:39:42,306 - pyiron_log - INFO - run_shell: workdir=/tmp/pytest-of-hmai/pytest-222/test_vasp_job_runs_end_to_end0/calc
2026-08-01 15:39:42,316 - pyiron_log - INFO - Deleted: /tmp/pytest-of-hmai/pytest-222/test_vasp_job_runs_end_to_end0/calc/CHGCAR
2026-08-01 15:39:42,331 - pyiron_log - INFO - made directory '/tmp/pytest-of-hmai/pytest-222/test_vasp_job_removes_calc_dir0/calc2'
2026-08-01 15:39:42,336 - pyiron_log - INFO - run_shell: workdir=/tmp/pytest-of-hmai/pytest-222/test_vasp_job_removes_calc_dir0/calc2
2026-08-01 15:39:42,372 - pyiron_log - INFO - made directory '/tmp/pytest-of-hmai/pytest-222/test_vasp_job_runs_without_fil0/calc3'
2026-08-01 15:39:42,377 - pyiron_log - INFO - run_shell: workdir=/tmp/pytest-of-hmai/pytest-222/test_vasp_job_runs_without_fil0/calc3
2026-08-01 15:39:42,388 - pyiron_log - INFO - Deleted: /tmp/pytest-of-hmai/pytest-222/test_vasp_job_runs_without_fil0/calc3/CHGCAR
2026-08-01 15:39:42,388 - pyiron_log - INFO - Deleted: /tmp/pytest-of-hmai/pytest-222/test_vasp_job_runs_without_fil0/calc3/CHG
2026-08-01 15:39:42,389 - pyiron_log - INFO - Deleted: /tmp/pytest-of-hmai/pytest-222/test_vasp_job_runs_without_fil0/calc3/WAVECAR
2026-08-01 15:39:42,402 - pyiron_log - INFO - made directory '/tmp/pytest-of-hmai/pytest-222/test_vasp_job_explicit_empty_l0/calc4'
2026-08-01 15:39:42,406 - pyiron_log - INFO - run_shell: workdir=/tmp/pytest-of-hmai/pytest-222/test_vasp_job_explicit_empty_l0/calc4
2026-08-01 15:39:48,896 - pyiron_log - INFO - made directory '/tmp/pytest-of-hmai/pytest-223/test_create_working_directory_0/fresh'
2026-08-01 15:39:54,641 - pyiron_log - INFO - made directory '/tmp/pytest-of-hmai/pytest-224/test_create_working_directory_0/fresh'
2026-08-01 15:40:00,123 - pyiron_log - INFO - Deleted: /tmp/pytest-of-hmai/pytest-225/test_delete_files_recursively_0/vaspcalc/CHGCAR
2026-08-01 15:40:00,123 - pyiron_log - INFO - Deleted: /tmp/pytest-of-hmai/pytest-225/test_delete_files_recursively_0/vaspcalc/WAVECAR
2026-08-01 15:40:00,125 - pyiron_log - INFO - Error: /tmp/pytest-of-hmai/pytest-225/test_delete_files_recursively_1/nope is not a valid directory.
2026-08-01 15:40:00,130 - pyiron_log - INFO - compress_directory: compressed directory at /tmp/pytest-of-hmai/pytest-225/test_compress_directory_create0/vaspcalc
2026-08-01 15:40:00,134 - pyiron_log - INFO - compress_directory: compressed directory at /tmp/pytest-of-hmai/pytest-225/test_compress_directory_member0/vaspcalc
2026-08-01 15:40:00,138 - pyiron_log - INFO - compress_directory: compressed directory at /tmp/pytest-of-hmai/pytest-225/test_compress_directory_exclud0/vaspcalc
2026-08-01 15:40:00,147 - pyiron_log - INFO - run_shell: workdir=/tmp/pytest-of-hmai/pytest-225/test_run_shell_executes_in_wor0/calc
2026-08-01 15:40:00,154 - pyiron_log - INFO - run_shell: workdir=/tmp/pytest-of-hmai/pytest-225/test_run_shell_does_not_mutate0/calc
2026-08-01 15:40:00,161 - pyiron_log - INFO - run_shell: workdir=/tmp/pytest-of-hmai/pytest-225/test_run_shell_captures_failur0/calc
2026-08-01 15:40:00,168 - pyiron_log - INFO - run_shell: workdir=/tmp/pytest-of-hmai/pytest-225/test_run_shell_preserves_argum0/calc
2026-08-01 15:40:00,178 - pyiron_log - INFO - run_shell: workdir=/tmp/pytest-of-hmai/pytest-225/test_run_shell_concurrent_call0/work_0
2026-08-01 15:40:00,181 - pyiron_log - INFO - run_shell: workdir=/tmp/pytest-of-hmai/pytest-225/test_run_shell_concurrent_call0/work_1
2026-08-01 15:40:00,184 - pyiron_log - INFO - run_shell: workdir=/tmp/pytest-of-hmai/pytest-225/test_run_shell_concurrent_call0/work_2
2026-08-01 15:40:00,188 - pyiron_log - INFO - run_shell: workdir=/tmp/pytest-of-hmai/pytest-225/test_run_shell_concurrent_call0/work_3
2026-08-01 15:40:00,193 - pyiron_log - INFO - run_shell: workdir=/tmp/pytest-of-hmai/pytest-225/test_run_shell_concurrent_call0/work_0
2026-08-01 15:40:00,196 - pyiron_log - INFO - run_shell: workdir=/tmp/pytest-of-hmai/pytest-225/test_run_shell_concurrent_call0/work_1
2026-08-01 15:40:00,198 - pyiron_log - INFO - run_shell: workdir=/tmp/pytest-of-hmai/pytest-225/test_run_shell_concurrent_call0/work_2
2026-08-01 15:40:00,201 - pyiron_log - INFO - run_shell: workdir=/tmp/pytest-of-hmai/pytest-225/test_run_shell_concurrent_call0/work_3
2026-08-01 15:40:00,204 - pyiron_log - INFO - run_shell: workdir=/tmp/pytest-of-hmai/pytest-225/test_run_shell_concurrent_call0/work_0
2026-08-01 15:40:00,207 - pyiron_log - INFO - run_shell: workdir=/tmp/pytest-of-hmai/pytest-225/test_run_shell_concurrent_call0/work_1
2026-08-01 15:40:00,212 - pyiron_log - INFO - run_shell: workdir=/tmp/pytest-of-hmai/pytest-225/test_run_shell_concurrent_call0/work_2
2026-08-01 15:40:00,216 - pyiron_log - INFO - run_shell: workdir=/tmp/pytest-of-hmai/pytest-225/test_run_shell_concurrent_call0/work_3
2026-08-01 15:40:00,218 - pyiron_log - INFO - run_shell: workdir=/tmp/pytest-of-hmai/pytest-225/test_run_shell_concurrent_call0/work_0
2026-08-01 15:40:00,221 - pyiron_log - INFO - run_shell: workdir=/tmp/pytest-of-hmai/pytest-225/test_run_shell_concurrent_call0/work_1
2026-08-01 15:40:00,225 - pyiron_log - INFO - run_shell: workdir=/tmp/pytest-of-hmai/pytest-225/test_run_shell_concurrent_call0/work_2
2026-08-01 15:40:00,228 - pyiron_log - INFO - run_shell: workdir=/tmp/pytest-of-hmai/pytest-225/test_run_shell_concurrent_call0/work_3
2026-08-01 15:40:00,232 - pyiron_log - INFO - run_shell: workdir=/tmp/pytest-of-hmai/pytest-225/test_run_shell_concurrent_call0/work_0
2026-08-01 15:40:00,236 - pyiron_log - INFO - run_shell: workdir=/tmp/pytest-of-hmai/pytest-225/test_run_shell_concurrent_call0/work_1
2026-08-01 15:40:00,239 - pyiron_log - INFO - run_shell: workdir=/tmp/pytest-of-hmai/pytest-225/test_run_shell_concurrent_call0/work_2
2026-08-01 15:40:00,241 - pyiron_log - INFO - run_shell: workdir=/tmp/pytest-of-hmai/pytest-225/test_run_shell_concurrent_call0/work_3
2026-08-01 15:40:00,245 - pyiron_log - INFO - run_shell: workdir=/tmp/pytest-of-hmai/pytest-225/test_run_shell_concurrent_call0/work_0
2026-08-01 15:40:00,250 - pyiron_log - INFO - run_shell: workdir=/tmp/pytest-of-hmai/pytest-225/test_run_shell_concurrent_call0/work_1
2026-08-01 15:40:00,253 - pyiron_log - INFO - run_shell: workdir=/tmp/pytest-of-hmai/pytest-225/test_run_shell_concurrent_call0/work_2
2026-08-01 15:40:00,255 - pyiron_log - INFO - run_shell: workdir=/tmp/pytest-of-hmai/pytest-225/test_run_shell_concurrent_call0/work_3
2026-08-01 15:40:00,265 - pyiron_log - INFO - run_shell: workdir=/tmp/pytest-of-hmai/pytest-225/test_run_shell_concurrent_call0/work_0
2026-08-01 15:40:00,268 - pyiron_log - INFO - run_shell: workdir=/tmp/pytest-of-hmai/pytest-225/test_run_shell_concurrent_call0/work_1
2026-08-01 15:40:00,270 - pyiron_log - INFO - run_shell: workdir=/tmp/pytest-of-hmai/pytest-225/test_run_shell_concurrent_call0/work_2
2026-08-01 15:40:00,274 - pyiron_log - INFO - run_shell: workdir=/tmp/pytest-of-hmai/pytest-225/test_run_shell_concurrent_call0/work_3
2026-08-01 15:40:00,281 - pyiron_log - INFO - run_shell: workdir=/tmp/pytest-of-hmai/pytest-225/test_run_shell_concurrent_call0/work_0
2026-08-01 15:40:00,285 - pyiron_log - INFO - run_shell: workdir=/tmp/pytest-of-hmai/pytest-225/test_run_shell_concurrent_call0/work_1
2026-08-01 15:40:00,287 - pyiron_log - INFO - run_shell: workdir=/tmp/pytest-of-hmai/pytest-225/test_run_shell_concurrent_call0/work_2
2026-08-01 15:40:00,290 - pyiron_log - INFO - run_shell: workdir=/tmp/pytest-of-hmai/pytest-225/test_run_shell_concurrent_call0/work_3
2026-08-01 15:40:00,294 - pyiron_log - INFO - run_shell: workdir=/tmp/pytest-of-hmai/pytest-225/test_run_shell_concurrent_call0/work_0
2026-08-01 15:40:00,298 - pyiron_log - INFO - run_shell: workdir=/tmp/pytest-of-hmai/pytest-225/test_run_shell_concurrent_call0/work_1
2026-08-01 15:40:00,301 - pyiron_log - INFO - run_shell: workdir=/tmp/pytest-of-hmai/pytest-225/test_run_shell_concurrent_call0/work_2
2026-08-01 15:40:00,304 - pyiron_log - INFO - run_shell: workdir=/tmp/pytest-of-hmai/pytest-225/test_run_shell_concurrent_call0/work_3
2026-08-01 15:40:00,307 - pyiron_log - INFO - run_shell: workdir=/tmp/pytest-of-hmai/pytest-225/test_run_shell_concurrent_call0/work_0
2026-08-01 15:40:00,311 - pyiron_log - INFO - run_shell: workdir=/tmp/pytest-of-hmai/pytest-225/test_run_shell_concurrent_call0/work_1
2026-08-01 15:40:00,316 - pyiron_log - INFO - run_shell: workdir=/tmp/pytest-of-hmai/pytest-225/test_run_shell_concurrent_call0/work_2
2026-08-01 15:40:00,319 - pyiron_log - INFO - run_shell: workdir=/tmp/pytest-of-hmai/pytest-225/test_run_shell_concurrent_call0/work_3
2026-08-01 15:40:00,322 - pyiron_log - INFO - run_shell: workdir=/tmp/pytest-of-hmai/pytest-225/test_run_shell_concurrent_call0/work_0
2026-08-01 15:40:00,325 - pyiron_log - INFO - run_shell: workdir=/tmp/pytest-of-hmai/pytest-225/test_run_shell_concurrent_call0/work_1
2026-08-01 15:40:00,328 - pyiron_log - INFO - run_shell: workdir=/tmp/pytest-of-hmai/pytest-225/test_run_shell_concurrent_call0/work_2
2026-08-01 15:40:00,333 - pyiron_log - INFO - run_shell: workdir=/tmp/pytest-of-hmai/pytest-225/test_run_shell_concurrent_call0/work_3
2026-08-01 15:40:00,336 - pyiron_log - INFO - run_shell: workdir=/tmp/pytest-of-hmai/pytest-225/test_run_shell_concurrent_call0/work_0
2026-08-01 15:40:00,339 - pyiron_log - INFO - run_shell: workdir=/tmp/pytest-of-hmai/pytest-225/test_run_shell_concurrent_call0/work_1
2026-08-01 15:40:00,342 - pyiron_log - INFO - run_shell: workdir=/tmp/pytest-of-hmai/pytest-225/test_run_shell_concurrent_call0/work_2
2026-08-01 15:40:00,346 - pyiron_log - INFO - run_shell: workdir=/tmp/pytest-of-hmai/pytest-225/test_run_shell_concurrent_call0/work_3
2026-08-01 15:40:00,356 - pyiron_log - INFO - run_shell: workdir=/tmp/pytest-of-hmai/pytest-225/test_run_shell_concurrent_call0/work_0
2026-08-01 15:40:00,359 - pyiron_log - INFO - run_shell: workdir=/tmp/pytest-of-hmai/pytest-225/test_run_shell_concurrent_call0/work_1
2026-08-01 15:40:00,362 - pyiron_log - INFO - run_shell: workdir=/tmp/pytest-of-hmai/pytest-225/test_run_shell_concurrent_call0/work_2
2026-08-01 15:40:00,366 - pyiron_log - INFO - run_shell: workdir=/tmp/pytest-of-hmai/pytest-225/test_run_shell_concurrent_call0/work_3
2026-08-01 15:40:00,369 - pyiron_log - INFO - run_shell: workdir=/tmp/pytest-of-hmai/pytest-225/test_run_shell_concurrent_call0/work_0
2026-08-01 15:40:00,372 - pyiron_log - INFO - run_shell: workdir=/tmp/pytest-of-hmai/pytest-225/test_run_shell_concurrent_call0/work_1
2026-08-01 15:40:00,377 - pyiron_log - INFO - run_shell: workdir=/tmp/pytest-of-hmai/pytest-225/test_run_shell_concurrent_call0/work_2
2026-08-01 15:40:00,381 - pyiron_log - INFO - run_shell: workdir=/tmp/pytest-of-hmai/pytest-225/test_run_shell_concurrent_call0/work_3
2026-08-01 15:40:00,384 - pyiron_log - INFO - run_shell: workdir=/tmp/pytest-of-hmai/pytest-225/test_run_shell_concurrent_call0/work_0
2026-08-01 15:40:00,386 - pyiron_log - INFO - run_shell: workdir=/tmp/pytest-of-hmai/pytest-225/test_run_shell_concurrent_call0/work_1
2026-08-01 15:40:00,390 - pyiron_log - INFO - run_shell: workdir=/tmp/pytest-of-hmai/pytest-225/test_run_shell_concurrent_call0/work_2
2026-08-01 15:40:00,395 - pyiron_log - INFO - run_shell: workdir=/tmp/pytest-of-hmai/pytest-225/test_run_shell_concurrent_call0/work_3
2026-08-01 15:40:00,398 - pyiron_log - INFO - run_shell: workdir=/tmp/pytest-of-hmai/pytest-225/test_run_shell_concurrent_call0/work_0
2026-08-01 15:40:00,401 - pyiron_log - INFO - run_shell: workdir=/tmp/pytest-of-hmai/pytest-225/test_run_shell_concurrent_call0/work_1
2026-08-01 15:40:00,405 - pyiron_log - INFO - run_shell: workdir=/tmp/pytest-of-hmai/pytest-225/test_run_shell_concurrent_call0/work_2
2026-08-01 15:40:00,408 - pyiron_log - INFO - run_shell: workdir=/tmp/pytest-of-hmai/pytest-225/test_run_shell_concurrent_call0/work_3
2026-08-01 15:40:00,411 - pyiron_log - INFO - run_shell: workdir=/tmp/pytest-of-hmai/pytest-225/test_run_shell_concurrent_call0/work_0
2026-08-01 15:40:00,415 - pyiron_log - INFO - run_shell: workdir=/tmp/pytest-of-hmai/pytest-225/test_run_shell_concurrent_call0/work_1
2026-08-01 15:40:00,419 - pyiron_log - INFO - run_shell: workdir=/tmp/pytest-of-hmai/pytest-225/test_run_shell_concurrent_call0/work_2
2026-08-01 15:40:00,422 - pyiron_log - INFO - run_shell: workdir=/tmp/pytest-of-hmai/pytest-225/test_run_shell_concurrent_call0/work_3
2026-08-01 15:40:00,425 - pyiron_log - INFO - run_shell: workdir=/tmp/pytest-of-hmai/pytest-225/test_run_shell_concurrent_call0/work_0
2026-08-01 15:40:00,428 - pyiron_log - INFO - run_shell: workdir=/tmp/pytest-of-hmai/pytest-225/test_run_shell_concurrent_call0/work_1
2026-08-01 15:40:00,432 - pyiron_log - INFO - run_shell: workdir=/tmp/pytest-of-hmai/pytest-225/test_run_shell_concurrent_call0/work_2
2026-08-01 15:40:00,436 - pyiron_log - INFO - run_shell: workdir=/tmp/pytest-of-hmai/pytest-225/test_run_shell_concurrent_call0/work_3
2026-08-01 15:40:00,445 - pyiron_log - INFO - run_shell: workdir=/tmp/pytest-of-hmai/pytest-225/test_run_shell_concurrent_call0/work_0
2026-08-01 15:40:00,447 - pyiron_log - INFO - run_shell: workdir=/tmp/pytest-of-hmai/pytest-225/test_run_shell_concurrent_call0/work_1
2026-08-01 15:40:00,451 - pyiron_log - INFO - run_shell: workdir=/tmp/pytest-of-hmai/pytest-225/test_run_shell_concurrent_call0/work_2
2026-08-01 15:40:00,454 - pyiron_log - INFO - run_shell: workdir=/tmp/pytest-of-hmai/pytest-225/test_run_shell_concurrent_call0/work_3
2026-08-01 15:40:00,461 - pyiron_log - INFO - run_shell: workdir=/tmp/pytest-of-hmai/pytest-225/test_run_shell_concurrent_call0/work_0
2026-08-01 15:40:00,464 - pyiron_log - INFO - run_shell: workdir=/tmp/pytest-of-hmai/pytest-225/test_run_shell_concurrent_call0/work_1
2026-08-01 15:40:00,467 - pyiron_log - INFO - run_shell: workdir=/tmp/pytest-of-hmai/pytest-225/test_run_shell_concurrent_call0/work_2
2026-08-01 15:40:00,471 - pyiron_log - INFO - run_shell: workdir=/tmp/pytest-of-hmai/pytest-225/test_run_shell_concurrent_call0/work_3
2026-08-01 15:40:00,475 - pyiron_log - INFO - run_shell: workdir=/tmp/pytest-of-hmai/pytest-225/test_run_shell_concurrent_call0/work_0
2026-08-01 15:40:00,477 - pyiron_log - INFO - run_shell: workdir=/tmp/pytest-of-hmai/pytest-225/test_run_shell_concurrent_call0/work_1
2026-08-01 15:40:00,481 - pyiron_log - INFO - run_shell: workdir=/tmp/pytest-of-hmai/pytest-225/test_run_shell_concurrent_call0/work_2
2026-08-01 15:40:00,484 - pyiron_log - INFO - run_shell: workdir=/tmp/pytest-of-hmai/pytest-225/test_run_shell_concurrent_call0/work_3
2026-08-01 15:40:00,488 - pyiron_log - INFO - run_shell: workdir=/tmp/pytest-of-hmai/pytest-225/test_run_shell_concurrent_call0/work_0
2026-08-01 15:40:00,492 - pyiron_log - INFO - run_shell: workdir=/tmp/pytest-of-hmai/pytest-225/test_run_shell_concurrent_call0/work_1
2026-08-01 15:40:00,494 - pyiron_log - INFO - run_shell: workdir=/tmp/pytest-of-hmai/pytest-225/test_run_shell_concurrent_call0/work_2
2026-08-01 15:40:00,497 - pyiron_log - INFO - run_shell: workdir=/tmp/pytest-of-hmai/pytest-225/test_run_shell_concurrent_call0/work_3
2026-08-01 15:40:00,500 - pyiron_log - INFO - run_shell: workdir=/tmp/pytest-of-hmai/pytest-225/test_run_shell_concurrent_call0/work_0
2026-08-01 15:40:00,507 - pyiron_log - INFO - run_shell: workdir=/tmp/pytest-of-hmai/pytest-225/test_run_shell_concurrent_call0/work_1
2026-08-01 15:40:00,510 - pyiron_log - INFO - run_shell: workdir=/tmp/pytest-of-hmai/pytest-225/test_run_shell_concurrent_call0/work_2
2026-08-01 15:40:00,513 - pyiron_log - INFO - run_shell: workdir=/tmp/pytest-of-hmai/pytest-225/test_run_shell_concurrent_call0/work_3
2026-08-01 15:40:00,515 - pyiron_log - INFO - run_shell: workdir=/tmp/pytest-of-hmai/pytest-225/test_run_shell_concurrent_call0/work_0
2026-08-01 15:40:00,519 - pyiron_log - INFO - run_shell: workdir=/tmp/pytest-of-hmai/pytest-225/test_run_shell_concurrent_call0/work_1
2026-08-01 15:40:00,523 - pyiron_log - INFO - run_shell: workdir=/tmp/pytest-of-hmai/pytest-225/test_run_shell_concurrent_call0/work_2
2026-08-01 15:40:00,527 - pyiron_log - INFO - run_shell: workdir=/tmp/pytest-of-hmai/pytest-225/test_run_shell_concurrent_call0/work_3
2026-08-01 15:40:00,536 - pyiron_log - INFO - run_shell: workdir=/tmp/pytest-of-hmai/pytest-225/test_run_shell_concurrent_call0/work_0
2026-08-01 15:40:00,538 - pyiron_log - INFO - run_shell: workdir=/tmp/pytest-of-hmai/pytest-225/test_run_shell_concurrent_call0/work_1
2026-08-01 15:40:00,541 - pyiron_log - INFO - run_shell: workdir=/tmp/pytest-of-hmai/pytest-225/test_run_shell_concurrent_call0/work_2
2026-08-01 15:40:00,544 - pyiron_log - INFO - run_shell: workdir=/tmp/pytest-of-hmai/pytest-225/test_run_shell_concurrent_call0/work_3
2026-08-01 15:40:00,549 - pyiron_log - INFO - run_shell: workdir=/tmp/pytest-of-hmai/pytest-225/test_run_shell_concurrent_call0/work_0
2026-08-01 15:40:00,553 - pyiron_log - INFO - run_shell: workdir=/tmp/pytest-of-hmai/pytest-225/test_run_shell_concurrent_call0/work_1
2026-08-01 15:40:00,556 - pyiron_log - INFO - run_shell: workdir=/tmp/pytest-of-hmai/pytest-225/test_run_shell_concurrent_call0/work_2
2026-08-01 15:40:00,559 - pyiron_log - INFO - run_shell: workdir=/tmp/pytest-of-hmai/pytest-225/test_run_shell_concurrent_call0/work_3
2026-08-01 15:40:00,563 - pyiron_log - INFO - run_shell: workdir=/tmp/pytest-of-hmai/pytest-225/test_run_shell_concurrent_call0/work_0
2026-08-01 15:40:00,567 - pyiron_log - INFO - run_shell: workdir=/tmp/pytest-of-hmai/pytest-225/test_run_shell_concurrent_call0/work_1
2026-08-01 15:40:00,570 - pyiron_log - INFO - run_shell: workdir=/tmp/pytest-of-hmai/pytest-225/test_run_shell_concurrent_call0/work_2
2026-08-01 15:40:00,573 - pyiron_log - INFO - run_shell: workdir=/tmp/pytest-of-hmai/pytest-225/test_run_shell_concurrent_call0/work_3
2026-08-01 15:40:00,575 - pyiron_log - INFO - run_shell: workdir=/tmp/pytest-of-hmai/pytest-225/test_run_shell_concurrent_call0/work_0
2026-08-01 15:40:00,581 - pyiron_log - INFO - run_shell: workdir=/tmp/pytest-of-hmai/pytest-225/test_run_shell_concurrent_call0/work_1
2026-08-01 15:40:00,585 - pyiron_log - INFO - run_shell: workdir=/tmp/pytest-of-hmai/pytest-225/test_run_shell_concurrent_call0/work_2
2026-08-01 15:40:00,587 - pyiron_log - INFO - run_shell: workdir=/tmp/pytest-of-hmai/pytest-225/test_run_shell_concurrent_call0/work_3
2026-08-01 15:40:00,590 - pyiron_log - INFO - run_shell: workdir=/tmp/pytest-of-hmai/pytest-225/test_run_shell_concurrent_call0/work_0
2026-08-01 15:40:00,593 - pyiron_log - INFO - run_shell: workdir=/tmp/pytest-of-hmai/pytest-225/test_run_shell_concurrent_call0/work_1
2026-08-01 15:40:00,598 - pyiron_log - INFO - run_shell: workdir=/tmp/pytest-of-hmai/pytest-225/test_run_shell_concurrent_call0/work_2
2026-08-01 15:40:00,601 - pyiron_log - INFO - run_shell: workdir=/tmp/pytest-of-hmai/pytest-225/test_run_shell_concurrent_call0/work_3
2026-08-01 15:40:00,604 - pyiron_log - INFO - run_shell: workdir=/tmp/pytest-of-hmai/pytest-225/test_run_shell_concurrent_call0/work_0
2026-08-01 15:40:00,607 - pyiron_log - INFO - run_shell: workdir=/tmp/pytest-of-hmai/pytest-225/test_run_shell_concurrent_call0/work_1
2026-08-01 15:40:00,611 - pyiron_log - INFO - run_shell: workdir=/tmp/pytest-of-hmai/pytest-225/test_run_shell_concurrent_call0/work_2
2026-08-01 15:40:00,615 - pyiron_log - INFO - run_shell: workdir=/tmp/pytest-of-hmai/pytest-225/test_run_shell_concurrent_call0/work_3
2026-08-01 15:40:05,923 - pyiron_log - INFO - made directory '/tmp/pytest-of-hmai/pytest-226/test_create_working_directory_0/fresh'
2026-08-01 15:40:17,818 - pyiron_log - INFO - Deleted: /tmp/pytest-of-hmai/pytest-227/test_delete_files_recursively_0/vaspcalc/CHGCAR
2026-08-01 15:40:17,818 - pyiron_log - INFO - Deleted: /tmp/pytest-of-hmai/pytest-227/test_delete_files_recursively_0/vaspcalc/WAVECAR
2026-08-01 15:40:17,820 - pyiron_log - INFO - Error: /tmp/pytest-of-hmai/pytest-227/test_delete_files_recursively_1/nope is not a valid directory.
2026-08-01 15:40:17,825 - pyiron_log - INFO - compress_directory: compressed directory at /tmp/pytest-of-hmai/pytest-227/test_compress_directory_create0/vaspcalc
2026-08-01 15:40:17,829 - pyiron_log - INFO - compress_directory: compressed directory at /tmp/pytest-of-hmai/pytest-227/test_compress_directory_member0/vaspcalc
2026-08-01 15:40:17,833 - pyiron_log - INFO - compress_directory: compressed directory at /tmp/pytest-of-hmai/pytest-227/test_compress_directory_exclud0/vaspcalc
2026-08-01 15:40:17,842 - pyiron_log - INFO - run_shell: workdir=/tmp/pytest-of-hmai/pytest-227/test_run_shell_executes_in_wor0/calc
2026-08-01 15:40:17,849 - pyiron_log - INFO - run_shell: workdir=/tmp/pytest-of-hmai/pytest-227/test_run_shell_does_not_mutate0/calc
2026-08-01 15:40:17,856 - pyiron_log - INFO - run_shell: workdir=/tmp/pytest-of-hmai/pytest-227/test_run_shell_captures_failur0/calc
2026-08-01 15:40:17,863 - pyiron_log - INFO - run_shell: workdir=/tmp/pytest-of-hmai/pytest-227/test_run_shell_preserves_argum0/calc
2026-08-01 15:40:17,872 - pyiron_log - INFO - run_shell: workdir=/tmp/pytest-of-hmai/pytest-227/test_run_shell_concurrent_call0/work_0
2026-08-01 15:40:17,875 - pyiron_log - INFO - run_shell: workdir=/tmp/pytest-of-hmai/pytest-227/test_run_shell_concurrent_call0/work_1
2026-08-01 15:40:17,878 - pyiron_log - INFO - run_shell: workdir=/tmp/pytest-of-hmai/pytest-227/test_run_shell_concurrent_call0/work_2
2026-08-01 15:40:17,881 - pyiron_log - INFO - run_shell: workdir=/tmp/pytest-of-hmai/pytest-227/test_run_shell_concurrent_call0/work_3
2026-08-01 15:40:17,886 - pyiron_log - INFO - run_shell: workdir=/tmp/pytest-of-hmai/pytest-227/test_run_shell_concurrent_call0/work_0
2026-08-01 15:40:17,889 - pyiron_log - INFO - run_shell: workdir=/tmp/pytest-of-hmai/pytest-227/test_run_shell_concurrent_call0/work_1
2026-08-01 15:40:17,893 - pyiron_log - INFO - run_shell: workdir=/tmp/pytest-of-hmai/pytest-227/test_run_shell_concurrent_call0/work_2
2026-08-01 15:40:17,895 - pyiron_log - INFO - run_shell: workdir=/tmp/pytest-of-hmai/pytest-227/test_run_shell_concurrent_call0/work_3
2026-08-01 15:40:17,900 - pyiron_log - INFO - run_shell: workdir=/tmp/pytest-of-hmai/pytest-227/test_run_shell_concurrent_call0/work_0
2026-08-01 15:40:17,902 - pyiron_log - INFO - run_shell: workdir=/tmp/pytest-of-hmai/pytest-227/test_run_shell_concurrent_call0/work_1
2026-08-01 15:40:17,905 - pyiron_log - INFO - run_shell: workdir=/tmp/pytest-of-hmai/pytest-227/test_run_shell_concurrent_call0/work_2
2026-08-01 15:40:17,908 - pyiron_log - INFO - run_shell: workdir=/tmp/pytest-of-hmai/pytest-227/test_run_shell_concurrent_call0/work_3
2026-08-01 15:40:17,913 - pyiron_log - INFO - run_shell: workdir=/tmp/pytest-of-hmai/pytest-227/test_run_shell_concurrent_call0/work_0
2026-08-01 15:40:17,917 - pyiron_log - INFO - run_shell: workdir=/tmp/pytest-of-hmai/pytest-227/test_run_shell_concurrent_call0/work_1
2026-08-01 15:40:17,920 - pyiron_log - INFO - run_shell: workdir=/tmp/pytest-of-hmai/pytest-227/test_run_shell_concurrent_call0/work_2
2026-08-01 15:40:17,923 - pyiron_log - INFO - run_shell: workdir=/tmp/pytest-of-hmai/pytest-227/test_run_shell_concurrent_call0/work_3
2026-08-01 15:40:17,926 - pyiron_log - INFO - run_shell: workdir=/tmp/pytest-of-hmai/pytest-227/test_run_shell_concurrent_call0/work_0
2026-08-01 15:40:17,930 - pyiron_log - INFO - run_shell: workdir=/tmp/pytest-of-hmai/pytest-227/test_run_shell_concurrent_call0/work_1
2026-08-01 15:40:17,934 - pyiron_log - INFO - run_shell: workdir=/tmp/pytest-of-hmai/pytest-227/test_run_shell_concurrent_call0/work_2
2026-08-01 15:40:17,937 - pyiron_log - INFO - run_shell: workdir=/tmp/pytest-of-hmai/pytest-227/test_run_shell_concurrent_call0/work_3
2026-08-01 15:40:17,940 - pyiron_log - INFO - run_shell: workdir=/tmp/pytest-of-hmai/pytest-227/test_run_shell_concurrent_call0/work_0
2026-08-01 15:40:17,944 - pyiron_log - INFO - run_shell: workdir=/tmp/pytest-of-hmai/pytest-227/test_run_shell_concurrent_call0/work_1
2026-08-01 15:40:17,948 - pyiron_log - INFO - run_shell: workdir=/tmp/pytest-of-hmai/pytest-227/test_run_shell_concurrent_call0/work_2
2026-08-01 15:40:17,951 - pyiron_log - INFO - run_shell: workdir=/tmp/pytest-of-hmai/pytest-227/test_run_shell_concurrent_call0/work_3
2026-08-01 15:40:17,961 - pyiron_log - INFO - run_shell: workdir=/tmp/pytest-of-hmai/pytest-227/test_run_shell_concurrent_call0/work_0
2026-08-01 15:40:17,963 - pyiron_log - INFO - run_shell: workdir=/tmp/pytest-of-hmai/pytest-227/test_run_shell_concurrent_call0/work_1
2026-08-01 15:40:17,966 - pyiron_log - INFO - run_shell: workdir=/tmp/pytest-of-hmai/pytest-227/test_run_shell_concurrent_call0/work_2
2026-08-01 15:40:17,970 - pyiron_log - INFO - run_shell: workdir=/tmp/pytest-of-hmai/pytest-227/test_run_shell_concurrent_call0/work_3
2026-08-01 15:40:17,975 - pyiron_log - INFO - run_shell: workdir=/tmp/pytest-of-hmai/pytest-227/test_run_shell_concurrent_call0/work_0
2026-08-01 15:40:17,978 - pyiron_log - INFO - run_shell: workdir=/tmp/pytest-of-hmai/pytest-227/test_run_shell_concurrent_call0/work_1
2026-08-01 15:40:17,981 - pyiron_log - INFO - run_shell: workdir=/tmp/pytest-of-hmai/pytest-227/test_run_shell_concurrent_call0/work_2
2026-08-01 15:40:17,985 - pyiron_log - INFO - run_shell: workdir=/tmp/pytest-of-hmai/pytest-227/test_run_shell_concurrent_call0/work_3
2026-08-01 15:40:17,989 - pyiron_log - INFO - run_shell: workdir=/tmp/pytest-of-hmai/pytest-227/test_run_shell_concurrent_call0/work_0
2026-08-01 15:40:17,992 - pyiron_log - INFO - run_shell: workdir=/tmp/pytest-of-hmai/pytest-227/test_run_shell_concurrent_call0/work_1
2026-08-01 15:40:17,995 - pyiron_log - INFO - run_shell: workdir=/tmp/pytest-of-hmai/pytest-227/test_run_shell_concurrent_call0/work_2
2026-08-01 15:40:17,998 - pyiron_log - INFO - run_shell: workdir=/tmp/pytest-of-hmai/pytest-227/test_run_shell_concurrent_call0/work_3
2026-08-01 15:40:18,001 - pyiron_log - INFO - run_shell: workdir=/tmp/pytest-of-hmai/pytest-227/test_run_shell_concurrent_call0/work_0
2026-08-01 15:40:18,006 - pyiron_log - INFO - run_shell: workdir=/tmp/pytest-of-hmai/pytest-227/test_run_shell_concurrent_call0/work_1
2026-08-01 15:40:18,010 - pyiron_log - INFO - run_shell: workdir=/tmp/pytest-of-hmai/pytest-227/test_run_shell_concurrent_call0/work_2
2026-08-01 15:40:18,013 - pyiron_log - INFO - run_shell: workdir=/tmp/pytest-of-hmai/pytest-227/test_run_shell_concurrent_call0/work_3
2026-08-01 15:40:18,016 - pyiron_log - INFO - run_shell: workdir=/tmp/pytest-of-hmai/pytest-227/test_run_shell_concurrent_call0/work_0
2026-08-01 15:40:18,019 - pyiron_log - INFO - run_shell: workdir=/tmp/pytest-of-hmai/pytest-227/test_run_shell_concurrent_call0/work_1
2026-08-01 15:40:18,022 - pyiron_log - INFO - run_shell: workdir=/tmp/pytest-of-hmai/pytest-227/test_run_shell_concurrent_call0/work_2
2026-08-01 15:40:18,027 - pyiron_log - INFO - run_shell: workdir=/tmp/pytest-of-hmai/pytest-227/test_run_shell_concurrent_call0/work_3
2026-08-01 15:40:18,031 - pyiron_log - INFO - run_shell: workdir=/tmp/pytest-of-hmai/pytest-227/test_run_shell_concurrent_call0/work_0
2026-08-01 15:40:18,033 - pyiron_log - INFO - run_shell: workdir=/tmp/pytest-of-hmai/pytest-227/test_run_shell_concurrent_call0/work_1
2026-08-01 15:40:18,036 - pyiron_log - INFO - run_shell: workdir=/tmp/pytest-of-hmai/pytest-227/test_run_shell_concurrent_call0/work_2
2026-08-01 15:40:18,039 - pyiron_log - INFO - run_shell: workdir=/tmp/pytest-of-hmai/pytest-227/test_run_shell_concurrent_call0/work_3
2026-08-01 15:40:18,049 - pyiron_log - INFO - run_shell: workdir=/tmp/pytest-of-hmai/pytest-227/test_run_shell_concurrent_call0/work_0
2026-08-01 15:40:18,052 - pyiron_log - INFO - run_shell: workdir=/tmp/pytest-of-hmai/pytest-227/test_run_shell_concurrent_call0/work_1
2026-08-01 15:40:18,054 - pyiron_log - INFO - run_shell: workdir=/tmp/pytest-of-hmai/pytest-227/test_run_shell_concurrent_call0/work_2
2026-08-01 15:40:18,057 - pyiron_log - INFO - run_shell: workdir=/tmp/pytest-of-hmai/pytest-227/test_run_shell_concurrent_call0/work_3
2026-08-01 15:40:18,063 - pyiron_log - INFO - run_shell: workdir=/tmp/pytest-of-hmai/pytest-227/test_run_shell_concurrent_call0/work_0
2026-08-01 15:40:18,067 - pyiron_log - INFO - run_shell: workdir=/tmp/pytest-of-hmai/pytest-227/test_run_shell_concurrent_call0/work_1
2026-08-01 15:40:18,069 - pyiron_log - INFO - run_shell: workdir=/tmp/pytest-of-hmai/pytest-227/test_run_shell_concurrent_call0/work_2
2026-08-01 15:40:18,072 - pyiron_log - INFO - run_shell: workdir=/tmp/pytest-of-hmai/pytest-227/test_run_shell_concurrent_call0/work_3
2026-08-01 15:40:18,075 - pyiron_log - INFO - run_shell: workdir=/tmp/pytest-of-hmai/pytest-227/test_run_shell_concurrent_call0/work_0
2026-08-01 15:40:18,080 - pyiron_log - INFO - run_shell: workdir=/tmp/pytest-of-hmai/pytest-227/test_run_shell_concurrent_call0/work_1
2026-08-01 15:40:18,084 - pyiron_log - INFO - run_shell: workdir=/tmp/pytest-of-hmai/pytest-227/test_run_shell_concurrent_call0/work_2
2026-08-01 15:40:18,086 - pyiron_log - INFO - run_shell: workdir=/tmp/pytest-of-hmai/pytest-227/test_run_shell_concurrent_call0/work_3
2026-08-01 15:40:18,090 - pyiron_log - INFO - run_shell: workdir=/tmp/pytest-of-hmai/pytest-227/test_run_shell_concurrent_call0/work_0
2026-08-01 15:40:18,093 - pyiron_log - INFO - run_shell: workdir=/tmp/pytest-of-hmai/pytest-227/test_run_shell_concurrent_call0/work_1
2026-08-01 15:40:18,096 - pyiron_log - INFO - run_shell: workdir=/tmp/pytest-of-hmai/pytest-227/test_run_shell_concurrent_call0/work_2
2026-08-01 15:40:18,101 - pyiron_log - INFO - run_shell: workdir=/tmp/pytest-of-hmai/pytest-227/test_run_shell_concurrent_call0/work_3
2026-08-01 15:40:18,104 - pyiron_log - INFO - run_shell: workdir=/tmp/pytest-of-hmai/pytest-227/test_run_shell_concurrent_call0/work_0
2026-08-01 15:40:18,108 - pyiron_log - INFO - run_shell: workdir=/tmp/pytest-of-hmai/pytest-227/test_run_shell_concurrent_call0/work_1
2026-08-01 15:40:18,111 - pyiron_log - INFO - run_shell: workdir=/tmp/pytest-of-hmai/pytest-227/test_run_shell_concurrent_call0/work_2
2026-08-01 15:40:18,113 - pyiron_log - INFO - run_shell: workdir=/tmp/pytest-of-hmai/pytest-227/test_run_shell_concurrent_call0/work_3
2026-08-01 15:40:18,116 - pyiron_log - INFO - run_shell: workdir=/tmp/pytest-of-hmai/pytest-227/test_run_shell_concurrent_call0/work_0
2026-08-01 15:40:18,123 - pyiron_log - INFO - run_shell: workdir=/tmp/pytest-of-hmai/pytest-227/test_run_shell_concurrent_call0/work_1
2026-08-01 15:40:18,127 - pyiron_log - INFO - run_shell: workdir=/tmp/pytest-of-hmai/pytest-227/test_run_shell_concurrent_call0/work_2
2026-08-01 15:40:18,130 - pyiron_log - INFO - run_shell: workdir=/tmp/pytest-of-hmai/pytest-227/test_run_shell_concurrent_call0/work_3
2026-08-01 15:40:18,140 - pyiron_log - INFO - run_shell: workdir=/tmp/pytest-of-hmai/pytest-227/test_run_shell_concurrent_call0/work_0
2026-08-01 15:40:18,142 - pyiron_log - INFO - run_shell: workdir=/tmp/pytest-of-hmai/pytest-227/test_run_shell_concurrent_call0/work_1
2026-08-01 15:40:18,145 - pyiron_log - INFO - run_shell: workdir=/tmp/pytest-of-hmai/pytest-227/test_run_shell_concurrent_call0/work_2
2026-08-01 15:40:18,148 - pyiron_log - INFO - run_shell: workdir=/tmp/pytest-of-hmai/pytest-227/test_run_shell_concurrent_call0/work_3
2026-08-01 15:40:18,155 - pyiron_log - INFO - run_shell: workdir=/tmp/pytest-of-hmai/pytest-227/test_run_shell_concurrent_call0/work_0
2026-08-01 15:40:18,159 - pyiron_log - INFO - run_shell: workdir=/tmp/pytest-of-hmai/pytest-227/test_run_shell_concurrent_call0/work_1
2026-08-01 15:40:18,161 - pyiron_log - INFO - run_shell: workdir=/tmp/pytest-of-hmai/pytest-227/test_run_shell_concurrent_call0/work_2
2026-08-01 15:40:18,164 - pyiron_log - INFO - run_shell: workdir=/tmp/pytest-of-hmai/pytest-227/test_run_shell_concurrent_call0/work_3
2026-08-01 15:40:18,169 - pyiron_log - INFO - run_shell: workdir=/tmp/pytest-of-hmai/pytest-227/test_run_shell_concurrent_call0/work_0
2026-08-01 15:40:18,173 - pyiron_log - INFO - run_shell: workdir=/tmp/pytest-of-hmai/pytest-227/test_run_shell_concurrent_call0/work_1
2026-08-01 15:40:18,176 - pyiron_log - INFO - run_shell: workdir=/tmp/pytest-of-hmai/pytest-227/test_run_shell_concurrent_call0/work_2
2026-08-01 15:40:18,179 - pyiron_log - INFO - run_shell: workdir=/tmp/pytest-of-hmai/pytest-227/test_run_shell_concurrent_call0/work_3
2026-08-01 15:40:18,182 - pyiron_log - INFO - run_shell: workdir=/tmp/pytest-of-hmai/pytest-227/test_run_shell_concurrent_call0/work_0
2026-08-01 15:40:18,184 - pyiron_log - INFO - run_shell: workdir=/tmp/pytest-of-hmai/pytest-227/test_run_shell_concurrent_call0/work_1
2026-08-01 15:40:18,193 - pyiron_log - INFO - run_shell: workdir=/tmp/pytest-of-hmai/pytest-227/test_run_shell_concurrent_call0/work_2
2026-08-01 15:40:18,196 - pyiron_log - INFO - run_shell: workdir=/tmp/pytest-of-hmai/pytest-227/test_run_shell_concurrent_call0/work_3
2026-08-01 15:40:18,199 - pyiron_log - INFO - run_shell: workdir=/tmp/pytest-of-hmai/pytest-227/test_run_shell_concurrent_call0/work_0
2026-08-01 15:40:18,204 - pyiron_log - INFO - run_shell: workdir=/tmp/pytest-of-hmai/pytest-227/test_run_shell_concurrent_call0/work_1
2026-08-01 15:40:18,207 - pyiron_log - INFO - run_shell: workdir=/tmp/pytest-of-hmai/pytest-227/test_run_shell_concurrent_call0/work_2
2026-08-01 15:40:18,210 - pyiron_log - INFO - run_shell: workdir=/tmp/pytest-of-hmai/pytest-227/test_run_shell_concurrent_call0/work_3
2026-08-01 15:40:18,213 - pyiron_log - INFO - run_shell: workdir=/tmp/pytest-of-hmai/pytest-227/test_run_shell_concurrent_call0/work_0
2026-08-01 15:40:18,217 - pyiron_log - INFO - run_shell: workdir=/tmp/pytest-of-hmai/pytest-227/test_run_shell_concurrent_call0/work_1
2026-08-01 15:40:18,220 - pyiron_log - INFO - run_shell: workdir=/tmp/pytest-of-hmai/pytest-227/test_run_shell_concurrent_call0/work_2
2026-08-01 15:40:18,224 - pyiron_log - INFO - run_shell: workdir=/tmp/pytest-of-hmai/pytest-227/test_run_shell_concurrent_call0/work_3
2026-08-01 15:40:18,233 - pyiron_log - INFO - run_shell: workdir=/tmp/pytest-of-hmai/pytest-227/test_run_shell_concurrent_call0/work_0
2026-08-01 15:40:18,236 - pyiron_log - INFO - run_shell: workdir=/tmp/pytest-of-hmai/pytest-227/test_run_shell_concurrent_call0/work_1
2026-08-01 15:40:18,239 - pyiron_log - INFO - run_shell: workdir=/tmp/pytest-of-hmai/pytest-227/test_run_shell_concurrent_call0/work_2
2026-08-01 15:40:18,242 - pyiron_log - INFO - run_shell: workdir=/tmp/pytest-of-hmai/pytest-227/test_run_shell_concurrent_call0/work_3
2026-08-01 15:40:18,247 - pyiron_log - INFO - run_shell: workdir=/tmp/pytest-of-hmai/pytest-227/test_run_shell_concurrent_call0/work_0
2026-08-01 15:40:18,250 - pyiron_log - INFO - run_shell: workdir=/tmp/pytest-of-hmai/pytest-227/test_run_shell_concurrent_call0/work_1
2026-08-01 15:40:18,254 - pyiron_log - INFO - run_shell: workdir=/tmp/pytest-of-hmai/pytest-227/test_run_shell_concurrent_call0/work_2
2026-08-01 15:40:18,257 - pyiron_log - INFO - run_shell: workdir=/tmp/pytest-of-hmai/pytest-227/test_run_shell_concurrent_call0/work_3
2026-08-01 15:40:18,261 - pyiron_log - INFO - run_shell: workdir=/tmp/pytest-of-hmai/pytest-227/test_run_shell_concurrent_call0/work_0
2026-08-01 15:40:18,264 - pyiron_log - INFO - run_shell: workdir=/tmp/pytest-of-hmai/pytest-227/test_run_shell_concurrent_call0/work_1
2026-08-01 15:40:18,268 - pyiron_log - INFO - run_shell: workdir=/tmp/pytest-of-hmai/pytest-227/test_run_shell_concurrent_call0/work_2
2026-08-01 15:40:18,271 - pyiron_log - INFO - run_shell: workdir=/tmp/pytest-of-hmai/pytest-227/test_run_shell_concurrent_call0/work_3
2026-08-01 15:40:18,274 - pyiron_log - INFO - run_shell: workdir=/tmp/pytest-of-hmai/pytest-227/test_run_shell_concurrent_call0/work_0
2026-08-01 15:40:18,277 - pyiron_log - INFO - run_shell: workdir=/tmp/pytest-of-hmai/pytest-227/test_run_shell_concurrent_call0/work_1
2026-08-01 15:40:18,281 - pyiron_log - INFO - run_shell: workdir=/tmp/pytest-of-hmai/pytest-227/test_run_shell_concurrent_call0/work_2
2026-08-01 15:40:18,285 - pyiron_log - INFO - run_shell: workdir=/tmp/pytest-of-hmai/pytest-227/test_run_shell_concurrent_call0/work_3
2026-08-01 15:40:18,289 - pyiron_log - INFO - run_shell: workdir=/tmp/pytest-of-hmai/pytest-227/test_run_shell_concurrent_call0/work_0
2026-08-01 15:40:18,292 - pyiron_log - INFO - run_shell: workdir=/tmp/pytest-of-hmai/pytest-227/test_run_shell_concurrent_call0/work_1
2026-08-01 15:40:18,295 - pyiron_log - INFO - run_shell: workdir=/tmp/pytest-of-hmai/pytest-227/test_run_shell_concurrent_call0/work_2
2026-08-01 15:40:18,299 - pyiron_log - INFO - run_shell: workdir=/tmp/pytest-of-hmai/pytest-227/test_run_shell_concurrent_call0/work_3
2026-08-01 15:40:18,303 - pyiron_log - INFO - run_shell: workdir=/tmp/pytest-of-hmai/pytest-227/test_run_shell_concurrent_call0/work_0
2026-08-01 15:40:18,306 - pyiron_log - INFO - run_shell: workdir=/tmp/pytest-of-hmai/pytest-227/test_run_shell_concurrent_call0/work_1
2026-08-01 15:40:18,308 - pyiron_log - INFO - run_shell: workdir=/tmp/pytest-of-hmai/pytest-227/test_run_shell_concurrent_call0/work_2
2026-08-01 15:40:18,312 - pyiron_log - INFO - run_shell: workdir=/tmp/pytest-of-hmai/pytest-227/test_run_shell_concurrent_call0/work_3
2026-08-01 15:40:18,417 - pyiron_log - INFO - File '/tmp/pytest-of-hmai/pytest-227/test_is_line_in_file_missing_f0/no_such_file' not found.
2026-08-01 15:40:18,419 - pyiron_log - INFO - run_shell: workdir=/tmp/pytest-of-hmai/pytest-227/test_run_shell_propagates_subp0
2026-08-01 15:40:18,427 - pyiron_log - INFO - made directory '/tmp/pytest-of-hmai/pytest-227/test_vasp_job_runs_end_to_end0/calc'
2026-08-01 15:40:18,440 - pyiron_log - INFO - run_shell: workdir=/tmp/pytest-of-hmai/pytest-227/test_vasp_job_runs_end_to_end0/calc
2026-08-01 15:40:18,450 - pyiron_log - INFO - Deleted: /tmp/pytest-of-hmai/pytest-227/test_vasp_job_runs_end_to_end0/calc/CHGCAR
2026-08-01 15:40:18,469 - pyiron_log - INFO - made directory '/tmp/pytest-of-hmai/pytest-227/test_vasp_job_removes_calc_dir0/calc2'
2026-08-01 15:40:18,472 - pyiron_log - INFO - run_shell: workdir=/tmp/pytest-of-hmai/pytest-227/test_vasp_job_removes_calc_dir0/calc2
2026-08-01 15:40:18,512 - pyiron_log - INFO - made directory '/tmp/pytest-of-hmai/pytest-227/test_vasp_job_runs_without_fil0/calc3'
2026-08-01 15:40:18,516 - pyiron_log - INFO - run_shell: workdir=/tmp/pytest-of-hmai/pytest-227/test_vasp_job_runs_without_fil0/calc3
2026-08-01 15:40:18,526 - pyiron_log - INFO - Deleted: /tmp/pytest-of-hmai/pytest-227/test_vasp_job_runs_without_fil0/calc3/CHGCAR
2026-08-01 15:40:18,526 - pyiron_log - INFO - Deleted: /tmp/pytest-of-hmai/pytest-227/test_vasp_job_runs_without_fil0/calc3/CHG
2026-08-01 15:40:18,526 - pyiron_log - INFO - Deleted: /tmp/pytest-of-hmai/pytest-227/test_vasp_job_runs_without_fil0/calc3/WAVECAR
2026-08-01 15:40:18,537 - pyiron_log - INFO - made directory '/tmp/pytest-of-hmai/pytest-227/test_vasp_job_explicit_empty_l0/calc4'
2026-08-01 15:40:18,541 - pyiron_log - INFO - run_shell: workdir=/tmp/pytest-of-hmai/pytest-227/test_vasp_job_explicit_empty_l0/calc4
2026-08-01 15:40:18,555 - pyiron_log - INFO - made directory '/tmp/pytest-of-hmai/pytest-227/test_create_working_directory_0/fresh'
2026-08-01 15:40:24,051 - pyiron_log - INFO - Deleted: /tmp/pytest-of-hmai/pytest-228/test_delete_files_recursively_0/vaspcalc/CHGCAR
2026-08-01 15:40:24,051 - pyiron_log - INFO - Deleted: /tmp/pytest-of-hmai/pytest-228/test_delete_files_recursively_0/vaspcalc/WAVECAR
2026-08-01 15:40:24,053 - pyiron_log - INFO - Error: /tmp/pytest-of-hmai/pytest-228/test_delete_files_recursively_1/nope is not a valid directory.
2026-08-01 15:40:24,060 - pyiron_log - INFO - compress_directory: compressed directory at /tmp/pytest-of-hmai/pytest-228/test_compress_directory_create0/vaspcalc
2026-08-01 15:40:24,065 - pyiron_log - INFO - compress_directory: compressed directory at /tmp/pytest-of-hmai/pytest-228/test_compress_directory_member0/vaspcalc
2026-08-01 15:40:24,070 - pyiron_log - INFO - compress_directory: compressed directory at /tmp/pytest-of-hmai/pytest-228/test_compress_directory_exclud0/vaspcalc
2026-08-01 15:40:24,081 - pyiron_log - INFO - run_shell: workdir=/tmp/pytest-of-hmai/pytest-228/test_run_shell_executes_in_wor0/calc
2026-08-01 15:40:24,089 - pyiron_log - INFO - run_shell: workdir=/tmp/pytest-of-hmai/pytest-228/test_run_shell_does_not_mutate0/calc
2026-08-01 15:40:24,098 - pyiron_log - INFO - run_shell: workdir=/tmp/pytest-of-hmai/pytest-228/test_run_shell_captures_failur0/calc
2026-08-01 15:40:24,106 - pyiron_log - INFO - run_shell: workdir=/tmp/pytest-of-hmai/pytest-228/test_run_shell_preserves_argum0/calc
2026-08-01 15:40:24,117 - pyiron_log - INFO - run_shell: workdir=/tmp/pytest-of-hmai/pytest-228/test_run_shell_concurrent_call0/work_0
2026-08-01 15:40:24,120 - pyiron_log - INFO - run_shell: workdir=/tmp/pytest-of-hmai/pytest-228/test_run_shell_concurrent_call0/work_1
2026-08-01 15:40:24,124 - pyiron_log - INFO - run_shell: workdir=/tmp/pytest-of-hmai/pytest-228/test_run_shell_concurrent_call0/work_2
2026-08-01 15:40:24,127 - pyiron_log - INFO - run_shell: workdir=/tmp/pytest-of-hmai/pytest-228/test_run_shell_concurrent_call0/work_3
2026-08-01 15:40:24,136 - pyiron_log - INFO - run_shell: workdir=/tmp/pytest-of-hmai/pytest-228/test_run_shell_concurrent_call0/work_0
2026-08-01 15:40:24,139 - pyiron_log - INFO - run_shell: workdir=/tmp/pytest-of-hmai/pytest-228/test_run_shell_concurrent_call0/work_1
2026-08-01 15:40:24,143 - pyiron_log - INFO - run_shell: workdir=/tmp/pytest-of-hmai/pytest-228/test_run_shell_concurrent_call0/work_2
2026-08-01 15:40:24,147 - pyiron_log - INFO - run_shell: workdir=/tmp/pytest-of-hmai/pytest-228/test_run_shell_concurrent_call0/work_3
2026-08-01 15:40:24,151 - pyiron_log - INFO - run_shell: workdir=/tmp/pytest-of-hmai/pytest-228/test_run_shell_concurrent_call0/work_0
2026-08-01 15:40:24,155 - pyiron_log - INFO - run_shell: workdir=/tmp/pytest-of-hmai/pytest-228/test_run_shell_concurrent_call0/work_1
2026-08-01 15:40:24,159 - pyiron_log - INFO - run_shell: workdir=/tmp/pytest-of-hmai/pytest-228/test_run_shell_concurrent_call0/work_2
2026-08-01 15:40:24,165 - pyiron_log - INFO - run_shell: workdir=/tmp/pytest-of-hmai/pytest-228/test_run_shell_concurrent_call0/work_0
2026-08-01 15:40:24,165 - pyiron_log - INFO - run_shell: workdir=/tmp/pytest-of-hmai/pytest-228/test_run_shell_concurrent_call0/work_3
2026-08-01 15:40:24,170 - pyiron_log - INFO - run_shell: workdir=/tmp/pytest-of-hmai/pytest-228/test_run_shell_concurrent_call0/work_1
2026-08-01 15:40:24,175 - pyiron_log - INFO - run_shell: workdir=/tmp/pytest-of-hmai/pytest-228/test_run_shell_concurrent_call0/work_2
2026-08-01 15:40:24,178 - pyiron_log - INFO - run_shell: workdir=/tmp/pytest-of-hmai/pytest-228/test_run_shell_concurrent_call0/work_3
2026-08-01 15:40:24,182 - pyiron_log - INFO - run_shell: workdir=/tmp/pytest-of-hmai/pytest-228/test_run_shell_concurrent_call0/work_0
2026-08-01 15:40:24,185 - pyiron_log - INFO - run_shell: workdir=/tmp/pytest-of-hmai/pytest-228/test_run_shell_concurrent_call0/work_1
2026-08-01 15:40:24,190 - pyiron_log - INFO - run_shell: workdir=/tmp/pytest-of-hmai/pytest-228/test_run_shell_concurrent_call0/work_2
2026-08-01 15:40:24,193 - pyiron_log - INFO - run_shell: workdir=/tmp/pytest-of-hmai/pytest-228/test_run_shell_concurrent_call0/work_3
2026-08-01 15:40:24,197 - pyiron_log - INFO - run_shell: workdir=/tmp/pytest-of-hmai/pytest-228/test_run_shell_concurrent_call0/work_0
2026-08-01 15:40:24,200 - pyiron_log - INFO - run_shell: workdir=/tmp/pytest-of-hmai/pytest-228/test_run_shell_concurrent_call0/work_1
2026-08-01 15:40:24,203 - pyiron_log - INFO - run_shell: workdir=/tmp/pytest-of-hmai/pytest-228/test_run_shell_concurrent_call0/work_2
2026-08-01 15:40:24,209 - pyiron_log - INFO - run_shell: workdir=/tmp/pytest-of-hmai/pytest-228/test_run_shell_concurrent_call0/work_3
2026-08-01 15:41:28,834 - pyiron_log - INFO - made directory '/tmp/pytest-of-hmai/pytest-229/test_vasp_job_runs_end_to_end0/calc'
2026-08-01 15:41:28,907 - pyiron_log - INFO - run_shell: workdir=/tmp/pytest-of-hmai/pytest-229/test_vasp_job_runs_end_to_end0/calc
2026-08-01 15:41:28,918 - pyiron_log - INFO - Deleted: /tmp/pytest-of-hmai/pytest-229/test_vasp_job_runs_end_to_end0/calc/CHGCAR
2026-08-01 15:41:28,938 - pyiron_log - INFO - made directory '/tmp/pytest-of-hmai/pytest-229/test_vasp_job_removes_calc_dir0/calc2'
2026-08-01 15:41:28,941 - pyiron_log - INFO - run_shell: workdir=/tmp/pytest-of-hmai/pytest-229/test_vasp_job_removes_calc_dir0/calc2
2026-08-01 15:41:28,978 - pyiron_log - INFO - made directory '/tmp/pytest-of-hmai/pytest-229/test_vasp_job_runs_without_fil0/calc3'
2026-08-01 15:41:28,982 - pyiron_log - INFO - run_shell: workdir=/tmp/pytest-of-hmai/pytest-229/test_vasp_job_runs_without_fil0/calc3
2026-08-01 15:41:28,992 - pyiron_log - INFO - Deleted: /tmp/pytest-of-hmai/pytest-229/test_vasp_job_runs_without_fil0/calc3/CHGCAR
2026-08-01 15:41:28,992 - pyiron_log - INFO - Deleted: /tmp/pytest-of-hmai/pytest-229/test_vasp_job_runs_without_fil0/calc3/CHG
2026-08-01 15:41:28,993 - pyiron_log - INFO - Deleted: /tmp/pytest-of-hmai/pytest-229/test_vasp_job_runs_without_fil0/calc3/WAVECAR
2026-08-01 15:41:29,007 - pyiron_log - INFO - made directory '/tmp/pytest-of-hmai/pytest-229/test_vasp_job_explicit_empty_l0/calc4'
2026-08-01 15:41:29,010 - pyiron_log - INFO - run_shell: workdir=/tmp/pytest-of-hmai/pytest-229/test_vasp_job_explicit_empty_l0/calc4
2026-08-01 15:41:34,693 - pyiron_log - INFO - made directory '/tmp/pytest-of-hmai/pytest-230/test_vasp_job_runs_end_to_end0/calc'
2026-08-01 15:41:34,707 - pyiron_log - INFO - run_shell: workdir=/tmp/pytest-of-hmai/pytest-230/test_vasp_job_runs_end_to_end0/calc
2026-08-01 15:41:34,717 - pyiron_log - INFO - Deleted: /tmp/pytest-of-hmai/pytest-230/test_vasp_job_runs_end_to_end0/calc/CHGCAR
2026-08-01 15:41:34,733 - pyiron_log - INFO - made directory '/tmp/pytest-of-hmai/pytest-230/test_vasp_job_removes_calc_dir0/calc2'
2026-08-01 15:41:34,737 - pyiron_log - INFO - run_shell: workdir=/tmp/pytest-of-hmai/pytest-230/test_vasp_job_removes_calc_dir0/calc2
2026-08-01 15:41:34,774 - pyiron_log - INFO - made directory '/tmp/pytest-of-hmai/pytest-230/test_vasp_job_runs_without_fil0/calc3'
2026-08-01 15:41:34,777 - pyiron_log - INFO - run_shell: workdir=/tmp/pytest-of-hmai/pytest-230/test_vasp_job_runs_without_fil0/calc3
2026-08-01 15:41:34,803 - pyiron_log - INFO - made directory '/tmp/pytest-of-hmai/pytest-230/test_vasp_job_explicit_empty_l0/calc4'
2026-08-01 15:41:34,807 - pyiron_log - INFO - run_shell: workdir=/tmp/pytest-of-hmai/pytest-230/test_vasp_job_explicit_empty_l0/calc4
2026-08-01 15:41:40,495 - pyiron_log - INFO - made directory '/tmp/pytest-of-hmai/pytest-231/test_vasp_job_runs_end_to_end0/calc'
2026-08-01 15:41:40,509 - pyiron_log - INFO - run_shell: workdir=/tmp/pytest-of-hmai/pytest-231/test_vasp_job_runs_end_to_end0/calc
2026-08-01 15:41:40,530 - pyiron_log - INFO - made directory '/tmp/pytest-of-hmai/pytest-231/test_vasp_job_removes_calc_dir0/calc2'
2026-08-01 15:41:40,534 - pyiron_log - INFO - run_shell: workdir=/tmp/pytest-of-hmai/pytest-231/test_vasp_job_removes_calc_dir0/calc2
2026-08-01 15:41:40,567 - pyiron_log - INFO - made directory '/tmp/pytest-of-hmai/pytest-231/test_vasp_job_runs_without_fil0/calc3'
2026-08-01 15:41:40,571 - pyiron_log - INFO - run_shell: workdir=/tmp/pytest-of-hmai/pytest-231/test_vasp_job_runs_without_fil0/calc3
2026-08-01 15:41:40,601 - pyiron_log - INFO - made directory '/tmp/pytest-of-hmai/pytest-231/test_vasp_job_explicit_empty_l0/calc4'
2026-08-01 15:41:40,605 - pyiron_log - INFO - run_shell: workdir=/tmp/pytest-of-hmai/pytest-231/test_vasp_job_explicit_empty_l0/calc4
2026-08-01 15:41:46,316 - pyiron_log - INFO - made directory '/tmp/pytest-of-hmai/pytest-232/test_vasp_job_runs_end_to_end0/calc'
2026-08-01 15:41:46,330 - pyiron_log - INFO - run_shell: workdir=/tmp/pytest-of-hmai/pytest-232/test_vasp_job_runs_end_to_end0/calc
2026-08-01 15:41:46,339 - pyiron_log - INFO - Deleted: /tmp/pytest-of-hmai/pytest-232/test_vasp_job_runs_end_to_end0/calc/CHGCAR
2026-08-01 15:41:46,358 - pyiron_log - INFO - made directory '/tmp/pytest-of-hmai/pytest-232/test_vasp_job_removes_calc_dir0/calc2'
2026-08-01 15:41:46,363 - pyiron_log - INFO - run_shell: workdir=/tmp/pytest-of-hmai/pytest-232/test_vasp_job_removes_calc_dir0/calc2
2026-08-01 15:41:46,402 - pyiron_log - INFO - made directory '/tmp/pytest-of-hmai/pytest-232/test_vasp_job_runs_without_fil0/calc3'
2026-08-01 15:41:46,406 - pyiron_log - INFO - run_shell: workdir=/tmp/pytest-of-hmai/pytest-232/test_vasp_job_runs_without_fil0/calc3
2026-08-01 15:41:46,415 - pyiron_log - INFO - Deleted: /tmp/pytest-of-hmai/pytest-232/test_vasp_job_runs_without_fil0/calc3/CHGCAR
2026-08-01 15:41:46,416 - pyiron_log - INFO - Deleted: /tmp/pytest-of-hmai/pytest-232/test_vasp_job_runs_without_fil0/calc3/CHG
2026-08-01 15:41:46,416 - pyiron_log - INFO - Deleted: /tmp/pytest-of-hmai/pytest-232/test_vasp_job_runs_without_fil0/calc3/WAVECAR
2026-08-01 15:41:46,427 - pyiron_log - INFO - made directory '/tmp/pytest-of-hmai/pytest-232/test_vasp_job_explicit_empty_l0/calc4'
2026-08-01 15:41:46,431 - pyiron_log - INFO - run_shell: workdir=/tmp/pytest-of-hmai/pytest-232/test_vasp_job_explicit_empty_l0/calc4
2026-08-01 15:41:52,010 - pyiron_log - INFO - Deleted: /tmp/pytest-of-hmai/pytest-233/test_delete_files_recursively_0/vaspcalc/CHGCAR
2026-08-01 15:41:52,010 - pyiron_log - INFO - Deleted: /tmp/pytest-of-hmai/pytest-233/test_delete_files_recursively_0/vaspcalc/WAVECAR
2026-08-01 15:41:52,012 - pyiron_log - INFO - Error: /tmp/pytest-of-hmai/pytest-233/test_delete_files_recursively_1/nope is not a valid directory.
2026-08-01 15:41:52,023 - pyiron_log - INFO - compress_directory: compressed directory at /tmp/pytest-of-hmai/pytest-233/test_compress_directory_create0/vaspcalc
2026-08-01 15:41:52,030 - pyiron_log - INFO - compress_directory: compressed directory at /tmp/pytest-of-hmai/pytest-233/test_compress_directory_member0/vaspcalc
2026-08-01 15:41:52,039 - pyiron_log - INFO - compress_directory: compressed directory at /tmp/pytest-of-hmai/pytest-233/test_compress_directory_exclud0/vaspcalc
2026-08-01 15:41:52,048 - pyiron_log - INFO - run_shell: workdir=/tmp/pytest-of-hmai/pytest-233/test_run_shell_executes_in_wor0/calc
2026-08-01 15:41:52,052 - pyiron_log - INFO - run_shell: workdir=/tmp/pytest-of-hmai/pytest-233/test_run_shell_does_not_mutate0/calc
2026-08-01 15:41:52,056 - pyiron_log - INFO - run_shell: workdir=/tmp/pytest-of-hmai/pytest-233/test_run_shell_captures_failur0/calc
2026-08-01 15:41:52,059 - pyiron_log - INFO - run_shell: workdir=/tmp/pytest-of-hmai/pytest-233/test_run_shell_preserves_argum0/calc
2026-08-01 15:41:52,065 - pyiron_log - INFO - run_shell: workdir=/tmp/pytest-of-hmai/pytest-233/test_run_shell_concurrent_call0/work_0
2026-08-01 15:41:52,066 - pyiron_log - INFO - run_shell: workdir=/tmp/pytest-of-hmai/pytest-233/test_run_shell_concurrent_call0/work_1
2026-08-01 15:41:52,067 - pyiron_log - INFO - run_shell: workdir=/tmp/pytest-of-hmai/pytest-233/test_run_shell_concurrent_call0/work_2
2026-08-01 15:41:52,069 - pyiron_log - INFO - run_shell: workdir=/tmp/pytest-of-hmai/pytest-233/test_run_shell_concurrent_call0/work_3
2026-08-01 15:41:52,072 - pyiron_log - INFO - run_shell: workdir=/tmp/pytest-of-hmai/pytest-233/test_run_shell_concurrent_call0/work_0
2026-08-01 15:41:52,073 - pyiron_log - INFO - run_shell: workdir=/tmp/pytest-of-hmai/pytest-233/test_run_shell_concurrent_call0/work_1
2026-08-01 15:41:52,075 - pyiron_log - INFO - run_shell: workdir=/tmp/pytest-of-hmai/pytest-233/test_run_shell_concurrent_call0/work_2
2026-08-01 15:41:52,076 - pyiron_log - INFO - run_shell: workdir=/tmp/pytest-of-hmai/pytest-233/test_run_shell_concurrent_call0/work_3
2026-08-01 15:41:52,079 - pyiron_log - INFO - run_shell: workdir=/tmp/pytest-of-hmai/pytest-233/test_run_shell_concurrent_call0/work_0
2026-08-01 15:41:52,081 - pyiron_log - INFO - run_shell: workdir=/tmp/pytest-of-hmai/pytest-233/test_run_shell_concurrent_call0/work_1
2026-08-01 15:41:52,085 - pyiron_log - INFO - run_shell: workdir=/tmp/pytest-of-hmai/pytest-233/test_run_shell_concurrent_call0/work_2
2026-08-01 15:41:52,087 - pyiron_log - INFO - run_shell: workdir=/tmp/pytest-of-hmai/pytest-233/test_run_shell_concurrent_call0/work_3
2026-08-01 15:41:52,089 - pyiron_log - INFO - run_shell: workdir=/tmp/pytest-of-hmai/pytest-233/test_run_shell_concurrent_call0/work_0
2026-08-01 15:41:52,091 - pyiron_log - INFO - run_shell: workdir=/tmp/pytest-of-hmai/pytest-233/test_run_shell_concurrent_call0/work_1
2026-08-01 15:41:52,096 - pyiron_log - INFO - run_shell: workdir=/tmp/pytest-of-hmai/pytest-233/test_run_shell_concurrent_call0/work_2
2026-08-01 15:41:52,100 - pyiron_log - INFO - run_shell: workdir=/tmp/pytest-of-hmai/pytest-233/test_run_shell_concurrent_call0/work_3
2026-08-01 15:41:52,103 - pyiron_log - INFO - run_shell: workdir=/tmp/pytest-of-hmai/pytest-233/test_run_shell_concurrent_call0/work_0
2026-08-01 15:41:52,105 - pyiron_log - INFO - run_shell: workdir=/tmp/pytest-of-hmai/pytest-233/test_run_shell_concurrent_call0/work_1
2026-08-01 15:41:52,108 - pyiron_log - INFO - run_shell: workdir=/tmp/pytest-of-hmai/pytest-233/test_run_shell_concurrent_call0/work_2
2026-08-01 15:41:52,113 - pyiron_log - INFO - run_shell: workdir=/tmp/pytest-of-hmai/pytest-233/test_run_shell_concurrent_call0/work_3
2026-08-01 15:41:52,116 - pyiron_log - INFO - run_shell: workdir=/tmp/pytest-of-hmai/pytest-233/test_run_shell_concurrent_call0/work_0
2026-08-01 15:41:52,119 - pyiron_log - INFO - run_shell: workdir=/tmp/pytest-of-hmai/pytest-233/test_run_shell_concurrent_call0/work_1
2026-08-01 15:41:52,123 - pyiron_log - INFO - run_shell: workdir=/tmp/pytest-of-hmai/pytest-233/test_run_shell_concurrent_call0/work_2
2026-08-01 15:41:52,125 - pyiron_log - INFO - run_shell: workdir=/tmp/pytest-of-hmai/pytest-233/test_run_shell_concurrent_call0/work_3
2026-08-01 15:43:02,027 - pyiron_log - INFO - made directory '/tmp/tmpmsxzet9w/calc'
2026-08-01 15:43:02,041 - pyiron_log - INFO - run_shell: workdir=/tmp/tmpmsxzet9w/calc
2026-08-01 15:43:02,101 - pyiron_log - INFO - Deleted: /tmp/tmpmsxzet9w/calc/CHGCAR
2026-08-01 15:43:02,102 - pyiron_log - INFO - Deleted: /tmp/tmpmsxzet9w/calc/CHG
2026-08-01 15:43:02,102 - pyiron_log - INFO - Deleted: /tmp/tmpmsxzet9w/calc/WAVECAR
2026-08-01 15:43:02,109 - pyiron_log - INFO - compress_directory: compressed directory at /tmp/tmpmsxzet9w/calc
2026-08-01 15:43:24,996 - pyiron_log - INFO - made directory '/tmp/tmp16psg4dy/calc'
2026-08-01 15:43:25,012 - pyiron_log - INFO - run_shell: workdir=/tmp/tmp16psg4dy/calc
2026-08-01 15:43:26,022 - pyiron_log - INFO - Deleted: /tmp/tmp16psg4dy/calc/CHGCAR
2026-08-01 15:43:26,022 - pyiron_log - INFO - Deleted: /tmp/tmp16psg4dy/calc/CHG
2026-08-01 15:43:26,023 - pyiron_log - INFO - Deleted: /tmp/tmp16psg4dy/calc/WAVECAR
2026-08-01 15:43:26,031 - pyiron_log - INFO - compress_directory: compressed directory at /tmp/tmp16psg4dy/calc
2026-08-01 15:43:30,397 - pyiron_log - INFO - made directory '/tmp/tmp6m6x7ogs/calc'
2026-08-01 15:43:30,411 - pyiron_log - INFO - run_shell: workdir=/tmp/tmp6m6x7ogs/calc
2026-08-01 15:43:31,420 - pyiron_log - INFO - Deleted: /tmp/tmp6m6x7ogs/calc/CHGCAR
2026-08-01 15:43:31,421 - pyiron_log - INFO - Deleted: /tmp/tmp6m6x7ogs/calc/CHG
2026-08-01 15:43:31,421 - pyiron_log - INFO - Deleted: /tmp/tmp6m6x7ogs/calc/WAVECAR
2026-08-01 15:43:31,429 - pyiron_log - INFO - compress_directory: compressed directory at /tmp/tmp6m6x7ogs/calc
2026-08-01 15:43:35,805 - pyiron_log - INFO - made directory '/tmp/tmp8xlohuqz/calc'
2026-08-01 15:43:35,818 - pyiron_log - INFO - run_shell: workdir=/tmp/tmp8xlohuqz/calc
2026-08-01 15:43:36,827 - pyiron_log - INFO - Deleted: /tmp/tmp8xlohuqz/calc/CHGCAR
2026-08-01 15:43:36,827 - pyiron_log - INFO - Deleted: /tmp/tmp8xlohuqz/calc/CHG
2026-08-01 15:43:36,828 - pyiron_log - INFO - Deleted: /tmp/tmp8xlohuqz/calc/WAVECAR
2026-08-01 15:43:36,835 - pyiron_log - INFO - compress_directory: compressed directory at /tmp/tmp8xlohuqz/calc
2026-08-01 15:43:59,018 - pyiron_log - INFO - made directory '/tmp/tmpmja5v_w1/calc'
2026-08-01 15:43:59,029 - pyiron_log - INFO - run_shell: workdir=/tmp/tmpmja5v_w1/calc
2026-08-01 15:43:59,035 - pyiron_log - INFO - Deleted: /tmp/tmpmja5v_w1/calc/CHGCAR
2026-08-01 15:43:59,036 - pyiron_log - INFO - Deleted: /tmp/tmpmja5v_w1/calc/CHG
2026-08-01 15:43:59,036 - pyiron_log - INFO - Deleted: /tmp/tmpmja5v_w1/calc/WAVECAR
2026-08-01 15:45:22,171 - pyiron_log - INFO - Deleted: /tmp/pytest-of-hmai/pytest-240/test_delete_files_recursively_0/vaspcalc/CHGCAR
2026-08-01 15:45:22,171 - pyiron_log - INFO - Deleted: /tmp/pytest-of-hmai/pytest-240/test_delete_files_recursively_0/vaspcalc/WAVECAR
2026-08-01 15:45:22,172 - pyiron_log - INFO - Error: /tmp/pytest-of-hmai/pytest-240/test_delete_files_recursively_1/nope is not a valid directory.
2026-08-01 15:45:22,178 - pyiron_log - INFO - compress_directory: compressed directory at /tmp/pytest-of-hmai/pytest-240/test_compress_directory_create0/vaspcalc
2026-08-01 15:45:22,181 - pyiron_log - INFO - compress_directory: compressed directory at /tmp/pytest-of-hmai/pytest-240/test_compress_directory_member0/vaspcalc
2026-08-01 15:45:22,185 - pyiron_log - INFO - compress_directory: compressed directory at /tmp/pytest-of-hmai/pytest-240/test_compress_directory_exclud0/vaspcalc
2026-08-01 15:45:22,194 - pyiron_log - INFO - run_shell: workdir=/tmp/pytest-of-hmai/pytest-240/test_run_shell_executes_in_wor0/calc
2026-08-01 15:45:22,201 - pyiron_log - INFO - run_shell: workdir=/tmp/pytest-of-hmai/pytest-240/test_run_shell_does_not_mutate0/calc
2026-08-01 15:45:22,208 - pyiron_log - INFO - run_shell: workdir=/tmp/pytest-of-hmai/pytest-240/test_run_shell_captures_failur0/calc
2026-08-01 15:45:22,215 - pyiron_log - INFO - run_shell: workdir=/tmp/pytest-of-hmai/pytest-240/test_run_shell_preserves_argum0/calc
2026-08-01 15:45:22,225 - pyiron_log - INFO - run_shell: workdir=/tmp/pytest-of-hmai/pytest-240/test_run_shell_concurrent_call0/work_0
2026-08-01 15:45:22,228 - pyiron_log - INFO - run_shell: workdir=/tmp/pytest-of-hmai/pytest-240/test_run_shell_concurrent_call0/work_1
2026-08-01 15:45:22,231 - pyiron_log - INFO - run_shell: workdir=/tmp/pytest-of-hmai/pytest-240/test_run_shell_concurrent_call0/work_2
2026-08-01 15:45:22,233 - pyiron_log - INFO - run_shell: workdir=/tmp/pytest-of-hmai/pytest-240/test_run_shell_concurrent_call0/work_3
2026-08-01 15:45:22,239 - pyiron_log - INFO - run_shell: workdir=/tmp/pytest-of-hmai/pytest-240/test_run_shell_concurrent_call0/work_0
2026-08-01 15:45:22,242 - pyiron_log - INFO - run_shell: workdir=/tmp/pytest-of-hmai/pytest-240/test_run_shell_concurrent_call0/work_1
2026-08-01 15:45:22,245 - pyiron_log - INFO - run_shell: workdir=/tmp/pytest-of-hmai/pytest-240/test_run_shell_concurrent_call0/work_2
2026-08-01 15:45:22,248 - pyiron_log - INFO - run_shell: workdir=/tmp/pytest-of-hmai/pytest-240/test_run_shell_concurrent_call0/work_3
2026-08-01 15:45:22,251 - pyiron_log - INFO - run_shell: workdir=/tmp/pytest-of-hmai/pytest-240/test_run_shell_concurrent_call0/work_0
2026-08-01 15:45:22,254 - pyiron_log - INFO - run_shell: workdir=/tmp/pytest-of-hmai/pytest-240/test_run_shell_concurrent_call0/work_1
2026-08-01 15:45:22,257 - pyiron_log - INFO - run_shell: workdir=/tmp/pytest-of-hmai/pytest-240/test_run_shell_concurrent_call0/work_2
2026-08-01 15:45:22,259 - pyiron_log - INFO - run_shell: workdir=/tmp/pytest-of-hmai/pytest-240/test_run_shell_concurrent_call0/work_3
2026-08-01 15:45:22,263 - pyiron_log - INFO - run_shell: workdir=/tmp/pytest-of-hmai/pytest-240/test_run_shell_concurrent_call0/work_0
2026-08-01 15:45:22,268 - pyiron_log - INFO - run_shell: workdir=/tmp/pytest-of-hmai/pytest-240/test_run_shell_concurrent_call0/work_1
2026-08-01 15:45:22,270 - pyiron_log - INFO - run_shell: workdir=/tmp/pytest-of-hmai/pytest-240/test_run_shell_concurrent_call0/work_2
2026-08-01 15:45:22,274 - pyiron_log - INFO - run_shell: workdir=/tmp/pytest-of-hmai/pytest-240/test_run_shell_concurrent_call0/work_3
2026-08-01 15:45:22,277 - pyiron_log - INFO - run_shell: workdir=/tmp/pytest-of-hmai/pytest-240/test_run_shell_concurrent_call0/work_0
2026-08-01 15:45:22,281 - pyiron_log - INFO - run_shell: workdir=/tmp/pytest-of-hmai/pytest-240/test_run_shell_concurrent_call0/work_1
2026-08-01 15:45:22,285 - pyiron_log - INFO - run_shell: workdir=/tmp/pytest-of-hmai/pytest-240/test_run_shell_concurrent_call0/work_2
2026-08-01 15:45:22,288 - pyiron_log - INFO - run_shell: workdir=/tmp/pytest-of-hmai/pytest-240/test_run_shell_concurrent_call0/work_3
2026-08-01 15:45:22,291 - pyiron_log - INFO - run_shell: workdir=/tmp/pytest-of-hmai/pytest-240/test_run_shell_concurrent_call0/work_0
2026-08-01 15:45:22,293 - pyiron_log - INFO - run_shell: workdir=/tmp/pytest-of-hmai/pytest-240/test_run_shell_concurrent_call0/work_1
2026-08-01 15:45:22,306 - pyiron_log - INFO - run_shell: workdir=/tmp/pytest-of-hmai/pytest-240/test_run_shell_concurrent_call0/work_2
2026-08-01 15:45:22,310 - pyiron_log - INFO - run_shell: workdir=/tmp/pytest-of-hmai/pytest-240/test_run_shell_concurrent_call0/work_3
2026-08-01 15:45:22,319 - pyiron_log - INFO - run_shell: workdir=/tmp/pytest-of-hmai/pytest-240/test_run_shell_concurrent_call0/work_0
2026-08-01 15:45:22,322 - pyiron_log - INFO - run_shell: workdir=/tmp/pytest-of-hmai/pytest-240/test_run_shell_concurrent_call0/work_1
2026-08-01 15:45:22,325 - pyiron_log - INFO - run_shell: workdir=/tmp/pytest-of-hmai/pytest-240/test_run_shell_concurrent_call0/work_2
2026-08-01 15:45:22,328 - pyiron_log - INFO - run_shell: workdir=/tmp/pytest-of-hmai/pytest-240/test_run_shell_concurrent_call0/work_3
2026-08-01 15:45:22,333 - pyiron_log - INFO - run_shell: workdir=/tmp/pytest-of-hmai/pytest-240/test_run_shell_concurrent_call0/work_0
2026-08-01 15:45:22,337 - pyiron_log - INFO - run_shell: workdir=/tmp/pytest-of-hmai/pytest-240/test_run_shell_concurrent_call0/work_1
2026-08-01 15:45:22,340 - pyiron_log - INFO - run_shell: workdir=/tmp/pytest-of-hmai/pytest-240/test_run_shell_concurrent_call0/work_2
2026-08-01 15:45:22,344 - pyiron_log - INFO - run_shell: workdir=/tmp/pytest-of-hmai/pytest-240/test_run_shell_concurrent_call0/work_3
2026-08-01 15:45:22,348 - pyiron_log - INFO - run_shell: workdir=/tmp/pytest-of-hmai/pytest-240/test_run_shell_concurrent_call0/work_0
2026-08-01 15:45:22,350 - pyiron_log - INFO - run_shell: workdir=/tmp/pytest-of-hmai/pytest-240/test_run_shell_concurrent_call0/work_1
2026-08-01 15:45:22,353 - pyiron_log - INFO - run_shell: workdir=/tmp/pytest-of-hmai/pytest-240/test_run_shell_concurrent_call0/work_2
2026-08-01 15:45:22,357 - pyiron_log - INFO - run_shell: workdir=/tmp/pytest-of-hmai/pytest-240/test_run_shell_concurrent_call0/work_3
2026-08-01 15:45:22,361 - pyiron_log - INFO - run_shell: workdir=/tmp/pytest-of-hmai/pytest-240/test_run_shell_concurrent_call0/work_0
2026-08-01 15:45:22,364 - pyiron_log - INFO - run_shell: workdir=/tmp/pytest-of-hmai/pytest-240/test_run_shell_concurrent_call0/work_1
2026-08-01 15:45:22,367 - pyiron_log - INFO - run_shell: workdir=/tmp/pytest-of-hmai/pytest-240/test_run_shell_concurrent_call0/work_2
2026-08-01 15:45:22,370 - pyiron_log - INFO - run_shell: workdir=/tmp/pytest-of-hmai/pytest-240/test_run_shell_concurrent_call0/work_3
2026-08-01 15:45:22,373 - pyiron_log - INFO - run_shell: workdir=/tmp/pytest-of-hmai/pytest-240/test_run_shell_concurrent_call0/work_0
2026-08-01 15:45:22,378 - pyiron_log - INFO - run_shell: workdir=/tmp/pytest-of-hmai/pytest-240/test_run_shell_concurrent_call0/work_1
2026-08-01 15:45:22,381 - pyiron_log - INFO - run_shell: workdir=/tmp/pytest-of-hmai/pytest-240/test_run_shell_concurrent_call0/work_2
2026-08-01 15:45:22,384 - pyiron_log - INFO - run_shell: workdir=/tmp/pytest-of-hmai/pytest-240/test_run_shell_concurrent_call0/work_3
2026-08-01 15:45:22,388 - pyiron_log - INFO - run_shell: workdir=/tmp/pytest-of-hmai/pytest-240/test_run_shell_concurrent_call0/work_0
2026-08-01 15:45:22,392 - pyiron_log - INFO - run_shell: workdir=/tmp/pytest-of-hmai/pytest-240/test_run_shell_concurrent_call0/work_1
2026-08-01 15:45:22,397 - pyiron_log - INFO - run_shell: workdir=/tmp/pytest-of-hmai/pytest-240/test_run_shell_concurrent_call0/work_2
2026-08-01 15:45:22,401 - pyiron_log - INFO - run_shell: workdir=/tmp/pytest-of-hmai/pytest-240/test_run_shell_concurrent_call0/work_3
2026-08-01 15:45:22,410 - pyiron_log - INFO - run_shell: workdir=/tmp/pytest-of-hmai/pytest-240/test_run_shell_concurrent_call0/work_0
2026-08-01 15:45:22,413 - pyiron_log - INFO - run_shell: workdir=/tmp/pytest-of-hmai/pytest-240/test_run_shell_concurrent_call0/work_1
2026-08-01 15:45:22,415 - pyiron_log - INFO - run_shell: workdir=/tmp/pytest-of-hmai/pytest-240/test_run_shell_concurrent_call0/work_2
2026-08-01 15:45:22,419 - pyiron_log - INFO - run_shell: workdir=/tmp/pytest-of-hmai/pytest-240/test_run_shell_concurrent_call0/work_3
2026-08-01 15:45:22,428 - pyiron_log - INFO - run_shell: workdir=/tmp/pytest-of-hmai/pytest-240/test_run_shell_concurrent_call0/work_0
2026-08-01 15:45:22,431 - pyiron_log - INFO - run_shell: workdir=/tmp/pytest-of-hmai/pytest-240/test_run_shell_concurrent_call0/work_1
2026-08-01 15:45:22,434 - pyiron_log - INFO - run_shell: workdir=/tmp/pytest-of-hmai/pytest-240/test_run_shell_concurrent_call0/work_2
2026-08-01 15:45:22,436 - pyiron_log - INFO - run_shell: workdir=/tmp/pytest-of-hmai/pytest-240/test_run_shell_concurrent_call0/work_3
2026-08-01 15:45:22,440 - pyiron_log - INFO - run_shell: workdir=/tmp/pytest-of-hmai/pytest-240/test_run_shell_concurrent_call0/work_0
2026-08-01 15:45:22,445 - pyiron_log - INFO - run_shell: workdir=/tmp/pytest-of-hmai/pytest-240/test_run_shell_concurrent_call0/work_1
2026-08-01 15:45:22,448 - pyiron_log - INFO - run_shell: workdir=/tmp/pytest-of-hmai/pytest-240/test_run_shell_concurrent_call0/work_2
2026-08-01 15:45:22,451 - pyiron_log - INFO - run_shell: workdir=/tmp/pytest-of-hmai/pytest-240/test_run_shell_concurrent_call0/work_3
2026-08-01 15:45:22,454 - pyiron_log - INFO - run_shell: workdir=/tmp/pytest-of-hmai/pytest-240/test_run_shell_concurrent_call0/work_0
2026-08-01 15:45:22,457 - pyiron_log - INFO - run_shell: workdir=/tmp/pytest-of-hmai/pytest-240/test_run_shell_concurrent_call0/work_1
2026-08-01 15:45:22,461 - pyiron_log - INFO - run_shell: workdir=/tmp/pytest-of-hmai/pytest-240/test_run_shell_concurrent_call0/work_2
2026-08-01 15:45:22,466 - pyiron_log - INFO - run_shell: workdir=/tmp/pytest-of-hmai/pytest-240/test_run_shell_concurrent_call0/work_3
2026-08-01 15:45:22,468 - pyiron_log - INFO - run_shell: workdir=/tmp/pytest-of-hmai/pytest-240/test_run_shell_concurrent_call0/work_0
2026-08-01 15:45:22,472 - pyiron_log - INFO - run_shell: workdir=/tmp/pytest-of-hmai/pytest-240/test_run_shell_concurrent_call0/work_1
2026-08-01 15:45:22,473 - pyiron_log - INFO - run_shell: workdir=/tmp/pytest-of-hmai/pytest-240/test_run_shell_concurrent_call0/work_2
2026-08-01 15:45:22,477 - pyiron_log - INFO - run_shell: workdir=/tmp/pytest-of-hmai/pytest-240/test_run_shell_concurrent_call0/work_3
2026-08-01 15:45:22,482 - pyiron_log - INFO - run_shell: workdir=/tmp/pytest-of-hmai/pytest-240/test_run_shell_concurrent_call0/work_0
2026-08-01 15:45:22,485 - pyiron_log - INFO - run_shell: workdir=/tmp/pytest-of-hmai/pytest-240/test_run_shell_concurrent_call0/work_1
2026-08-01 15:45:22,488 - pyiron_log - INFO - run_shell: workdir=/tmp/pytest-of-hmai/pytest-240/test_run_shell_concurrent_call0/work_2
2026-08-01 15:45:22,491 - pyiron_log - INFO - run_shell: workdir=/tmp/pytest-of-hmai/pytest-240/test_run_shell_concurrent_call0/work_3
2026-08-01 15:45:22,501 - pyiron_log - INFO - run_shell: workdir=/tmp/pytest-of-hmai/pytest-240/test_run_shell_concurrent_call0/work_0
2026-08-01 15:45:22,503 - pyiron_log - INFO - run_shell: workdir=/tmp/pytest-of-hmai/pytest-240/test_run_shell_concurrent_call0/work_1
2026-08-01 15:45:22,506 - pyiron_log - INFO - run_shell: workdir=/tmp/pytest-of-hmai/pytest-240/test_run_shell_concurrent_call0/work_2
2026-08-01 15:45:22,509 - pyiron_log - INFO - run_shell: workdir=/tmp/pytest-of-hmai/pytest-240/test_run_shell_concurrent_call0/work_3
2026-08-01 15:45:22,517 - pyiron_log - INFO - run_shell: workdir=/tmp/pytest-of-hmai/pytest-240/test_run_shell_concurrent_call0/work_0
2026-08-01 15:45:22,520 - pyiron_log - INFO - run_shell: workdir=/tmp/pytest-of-hmai/pytest-240/test_run_shell_concurrent_call0/work_1
2026-08-01 15:45:22,523 - pyiron_log - INFO - run_shell: workdir=/tmp/pytest-of-hmai/pytest-240/test_run_shell_concurrent_call0/work_2
2026-08-01 15:45:22,525 - pyiron_log - INFO - run_shell: workdir=/tmp/pytest-of-hmai/pytest-240/test_run_shell_concurrent_call0/work_3
2026-08-01 15:45:22,530 - pyiron_log - INFO - run_shell: workdir=/tmp/pytest-of-hmai/pytest-240/test_run_shell_concurrent_call0/work_0
2026-08-01 15:45:22,533 - pyiron_log - INFO - run_shell: workdir=/tmp/pytest-of-hmai/pytest-240/test_run_shell_concurrent_call0/work_1
2026-08-01 15:45:22,537 - pyiron_log - INFO - run_shell: workdir=/tmp/pytest-of-hmai/pytest-240/test_run_shell_concurrent_call0/work_2
2026-08-01 15:45:22,539 - pyiron_log - INFO - run_shell: workdir=/tmp/pytest-of-hmai/pytest-240/test_run_shell_concurrent_call0/work_3
2026-08-01 15:45:22,543 - pyiron_log - INFO - run_shell: workdir=/tmp/pytest-of-hmai/pytest-240/test_run_shell_concurrent_call0/work_0
2026-08-01 15:45:22,548 - pyiron_log - INFO - run_shell: workdir=/tmp/pytest-of-hmai/pytest-240/test_run_shell_concurrent_call0/work_1
2026-08-01 15:45:22,551 - pyiron_log - INFO - run_shell: workdir=/tmp/pytest-of-hmai/pytest-240/test_run_shell_concurrent_call0/work_2
2026-08-01 15:45:22,553 - pyiron_log - INFO - run_shell: workdir=/tmp/pytest-of-hmai/pytest-240/test_run_shell_concurrent_call0/work_3
2026-08-01 15:45:22,556 - pyiron_log - INFO - run_shell: workdir=/tmp/pytest-of-hmai/pytest-240/test_run_shell_concurrent_call0/work_0
2026-08-01 15:45:22,560 - pyiron_log - INFO - run_shell: workdir=/tmp/pytest-of-hmai/pytest-240/test_run_shell_concurrent_call0/work_1
2026-08-01 15:45:22,564 - pyiron_log - INFO - run_shell: workdir=/tmp/pytest-of-hmai/pytest-240/test_run_shell_concurrent_call0/work_2
2026-08-01 15:45:22,567 - pyiron_log - INFO - run_shell: workdir=/tmp/pytest-of-hmai/pytest-240/test_run_shell_concurrent_call0/work_3
2026-08-01 15:45:22,570 - pyiron_log - INFO - run_shell: workdir=/tmp/pytest-of-hmai/pytest-240/test_run_shell_concurrent_call0/work_0
2026-08-01 15:45:22,574 - pyiron_log - INFO - run_shell: workdir=/tmp/pytest-of-hmai/pytest-240/test_run_shell_concurrent_call0/work_1
2026-08-01 15:45:22,577 - pyiron_log - INFO - run_shell: workdir=/tmp/pytest-of-hmai/pytest-240/test_run_shell_concurrent_call0/work_2
2026-08-01 15:45:22,581 - pyiron_log - INFO - run_shell: workdir=/tmp/pytest-of-hmai/pytest-240/test_run_shell_concurrent_call0/work_3
2026-08-01 15:45:22,591 - pyiron_log - INFO - run_shell: workdir=/tmp/pytest-of-hmai/pytest-240/test_run_shell_concurrent_call0/work_0
2026-08-01 15:45:22,594 - pyiron_log - INFO - run_shell: workdir=/tmp/pytest-of-hmai/pytest-240/test_run_shell_concurrent_call0/work_1
2026-08-01 15:45:22,597 - pyiron_log - INFO - run_shell: workdir=/tmp/pytest-of-hmai/pytest-240/test_run_shell_concurrent_call0/work_2
2026-08-01 15:45:22,600 - pyiron_log - INFO - run_shell: workdir=/tmp/pytest-of-hmai/pytest-240/test_run_shell_concurrent_call0/work_3
2026-08-01 15:45:22,606 - pyiron_log - INFO - run_shell: workdir=/tmp/pytest-of-hmai/pytest-240/test_run_shell_concurrent_call0/work_0
2026-08-01 15:45:22,609 - pyiron_log - INFO - run_shell: workdir=/tmp/pytest-of-hmai/pytest-240/test_run_shell_concurrent_call0/work_1
2026-08-01 15:45:22,612 - pyiron_log - INFO - run_shell: workdir=/tmp/pytest-of-hmai/pytest-240/test_run_shell_concurrent_call0/work_2
2026-08-01 15:45:22,614 - pyiron_log - INFO - run_shell: workdir=/tmp/pytest-of-hmai/pytest-240/test_run_shell_concurrent_call0/work_3
2026-08-01 15:45:22,617 - pyiron_log - INFO - run_shell: workdir=/tmp/pytest-of-hmai/pytest-240/test_run_shell_concurrent_call0/work_0
2026-08-01 15:45:22,620 - pyiron_log - INFO - run_shell: workdir=/tmp/pytest-of-hmai/pytest-240/test_run_shell_concurrent_call0/work_1
2026-08-01 15:45:22,625 - pyiron_log - INFO - run_shell: workdir=/tmp/pytest-of-hmai/pytest-240/test_run_shell_concurrent_call0/work_2
2026-08-01 15:45:22,627 - pyiron_log - INFO - run_shell: workdir=/tmp/pytest-of-hmai/pytest-240/test_run_shell_concurrent_call0/work_3
2026-08-01 15:45:22,631 - pyiron_log - INFO - run_shell: workdir=/tmp/pytest-of-hmai/pytest-240/test_run_shell_concurrent_call0/work_0
2026-08-01 15:45:22,633 - pyiron_log - INFO - run_shell: workdir=/tmp/pytest-of-hmai/pytest-240/test_run_shell_concurrent_call0/work_1
2026-08-01 15:45:22,637 - pyiron_log - INFO - run_shell: workdir=/tmp/pytest-of-hmai/pytest-240/test_run_shell_concurrent_call0/work_2
2026-08-01 15:45:22,642 - pyiron_log - INFO - run_shell: workdir=/tmp/pytest-of-hmai/pytest-240/test_run_shell_concurrent_call0/work_3
2026-08-01 15:45:22,645 - pyiron_log - INFO - run_shell: workdir=/tmp/pytest-of-hmai/pytest-240/test_run_shell_concurrent_call0/work_0
2026-08-01 15:45:22,648 - pyiron_log - INFO - run_shell: workdir=/tmp/pytest-of-hmai/pytest-240/test_run_shell_concurrent_call0/work_1
2026-08-01 15:45:22,651 - pyiron_log - INFO - run_shell: workdir=/tmp/pytest-of-hmai/pytest-240/test_run_shell_concurrent_call0/work_2
2026-08-01 15:45:22,654 - pyiron_log - INFO - run_shell: workdir=/tmp/pytest-of-hmai/pytest-240/test_run_shell_concurrent_call0/work_3
2026-08-01 15:45:22,659 - pyiron_log - INFO - run_shell: workdir=/tmp/pytest-of-hmai/pytest-240/test_run_shell_concurrent_call0/work_0
2026-08-01 15:45:22,662 - pyiron_log - INFO - run_shell: workdir=/tmp/pytest-of-hmai/pytest-240/test_run_shell_concurrent_call0/work_1
2026-08-01 15:45:22,665 - pyiron_log - INFO - run_shell: workdir=/tmp/pytest-of-hmai/pytest-240/test_run_shell_concurrent_call0/work_2
2026-08-01 15:45:22,668 - pyiron_log - INFO - run_shell: workdir=/tmp/pytest-of-hmai/pytest-240/test_run_shell_concurrent_call0/work_3
2026-08-01 15:45:22,812 - pyiron_log - INFO - File '/tmp/pytest-of-hmai/pytest-240/test_is_line_in_file_missing_f0/no_such_file' not found.
2026-08-01 15:45:22,813 - pyiron_log - INFO - run_shell: workdir=/tmp/pytest-of-hmai/pytest-240/test_run_shell_propagates_subp0
2026-08-01 15:45:22,820 - pyiron_log - INFO - made directory '/tmp/pytest-of-hmai/pytest-240/test_vasp_job_runs_end_to_end0/calc'
2026-08-01 15:45:22,834 - pyiron_log - INFO - run_shell: workdir=/tmp/pytest-of-hmai/pytest-240/test_vasp_job_runs_end_to_end0/calc
2026-08-01 15:45:22,843 - pyiron_log - INFO - Deleted: /tmp/pytest-of-hmai/pytest-240/test_vasp_job_runs_end_to_end0/calc/CHGCAR
2026-08-01 15:45:22,855 - pyiron_log - INFO - made directory '/tmp/pytest-of-hmai/pytest-240/test_vasp_job_removes_calc_dir0/calc2'
2026-08-01 15:45:22,858 - pyiron_log - INFO - run_shell: workdir=/tmp/pytest-of-hmai/pytest-240/test_vasp_job_removes_calc_dir0/calc2
2026-08-01 15:45:22,890 - pyiron_log - INFO - made directory '/tmp/pytest-of-hmai/pytest-240/test_vasp_job_runs_without_fil0/calc3'
2026-08-01 15:45:22,893 - pyiron_log - INFO - run_shell: workdir=/tmp/pytest-of-hmai/pytest-240/test_vasp_job_runs_without_fil0/calc3
2026-08-01 15:45:22,903 - pyiron_log - INFO - Deleted: /tmp/pytest-of-hmai/pytest-240/test_vasp_job_runs_without_fil0/calc3/CHGCAR
2026-08-01 15:45:22,903 - pyiron_log - INFO - Deleted: /tmp/pytest-of-hmai/pytest-240/test_vasp_job_runs_without_fil0/calc3/CHG
2026-08-01 15:45:22,904 - pyiron_log - INFO - Deleted: /tmp/pytest-of-hmai/pytest-240/test_vasp_job_runs_without_fil0/calc3/WAVECAR
2026-08-01 15:45:22,914 - pyiron_log - INFO - made directory '/tmp/pytest-of-hmai/pytest-240/test_vasp_job_explicit_empty_l0/calc4'
2026-08-01 15:45:22,917 - pyiron_log - INFO - run_shell: workdir=/tmp/pytest-of-hmai/pytest-240/test_vasp_job_explicit_empty_l0/calc4
2026-08-01 15:45:22,931 - pyiron_log - INFO - made directory '/tmp/pytest-of-hmai/pytest-240/test_create_working_directory_0/fresh'
2026-08-01 15:45:57,344 - pyiron_log - INFO - Deleted: /tmp/pytest-of-hmai/pytest-242/test_delete_files_recursively_0/vaspcalc/CHGCAR
2026-08-01 15:45:57,344 - pyiron_log - INFO - Deleted: /tmp/pytest-of-hmai/pytest-242/test_delete_files_recursively_0/vaspcalc/WAVECAR
2026-08-01 15:45:57,346 - pyiron_log - INFO - Error: /tmp/pytest-of-hmai/pytest-242/test_delete_files_recursively_1/nope is not a valid directory.
2026-08-01 15:45:57,352 - pyiron_log - INFO - compress_directory: compressed directory at /tmp/pytest-of-hmai/pytest-242/test_compress_directory_create0/vaspcalc
2026-08-01 15:45:57,356 - pyiron_log - INFO - compress_directory: compressed directory at /tmp/pytest-of-hmai/pytest-242/test_compress_directory_member0/vaspcalc
2026-08-01 15:45:57,377 - pyiron_log - INFO - compress_directory: compressed directory at /tmp/pytest-of-hmai/pytest-242/test_compress_directory_exclud0/vaspcalc
2026-08-01 15:45:57,387 - pyiron_log - INFO - run_shell: workdir=/tmp/pytest-of-hmai/pytest-242/test_run_shell_executes_in_wor0/calc
2026-08-01 15:45:57,394 - pyiron_log - INFO - run_shell: workdir=/tmp/pytest-of-hmai/pytest-242/test_run_shell_does_not_mutate0/calc
2026-08-01 15:45:57,401 - pyiron_log - INFO - run_shell: workdir=/tmp/pytest-of-hmai/pytest-242/test_run_shell_captures_failur0/calc
2026-08-01 15:45:57,407 - pyiron_log - INFO - run_shell: workdir=/tmp/pytest-of-hmai/pytest-242/test_run_shell_preserves_argum0/calc
2026-08-01 15:45:57,415 - pyiron_log - INFO - run_shell: workdir=/tmp/pytest-of-hmai/pytest-242/test_run_shell_concurrent_call0/work_0
2026-08-01 15:45:57,417 - pyiron_log - INFO - run_shell: workdir=/tmp/pytest-of-hmai/pytest-242/test_run_shell_concurrent_call0/work_1
2026-08-01 15:45:57,420 - pyiron_log - INFO - run_shell: workdir=/tmp/pytest-of-hmai/pytest-242/test_run_shell_concurrent_call0/work_2
2026-08-01 15:45:57,424 - pyiron_log - INFO - run_shell: workdir=/tmp/pytest-of-hmai/pytest-242/test_run_shell_concurrent_call0/work_3
2026-08-01 15:45:57,427 - pyiron_log - INFO - run_shell: workdir=/tmp/pytest-of-hmai/pytest-242/test_run_shell_concurrent_call0/work_0
2026-08-01 15:45:57,431 - pyiron_log - INFO - run_shell: workdir=/tmp/pytest-of-hmai/pytest-242/test_run_shell_concurrent_call0/work_1
2026-08-01 15:45:57,435 - pyiron_log - INFO - run_shell: workdir=/tmp/pytest-of-hmai/pytest-242/test_run_shell_concurrent_call0/work_2
2026-08-01 15:45:57,437 - pyiron_log - INFO - run_shell: workdir=/tmp/pytest-of-hmai/pytest-242/test_run_shell_concurrent_call0/work_3
2026-08-01 15:45:57,440 - pyiron_log - INFO - run_shell: workdir=/tmp/pytest-of-hmai/pytest-242/test_run_shell_concurrent_call0/work_0
2026-08-01 15:45:57,443 - pyiron_log - INFO - run_shell: workdir=/tmp/pytest-of-hmai/pytest-242/test_run_shell_concurrent_call0/work_1
2026-08-01 15:45:57,448 - pyiron_log - INFO - run_shell: workdir=/tmp/pytest-of-hmai/pytest-242/test_run_shell_concurrent_call0/work_2
2026-08-01 15:45:57,452 - pyiron_log - INFO - run_shell: workdir=/tmp/pytest-of-hmai/pytest-242/test_run_shell_concurrent_call0/work_3
2026-08-01 15:45:57,454 - pyiron_log - INFO - run_shell: workdir=/tmp/pytest-of-hmai/pytest-242/test_run_shell_concurrent_call0/work_0
2026-08-01 15:45:57,458 - pyiron_log - INFO - run_shell: workdir=/tmp/pytest-of-hmai/pytest-242/test_run_shell_concurrent_call0/work_1
2026-08-01 15:45:57,461 - pyiron_log - INFO - run_shell: workdir=/tmp/pytest-of-hmai/pytest-242/test_run_shell_concurrent_call0/work_2
2026-08-01 15:45:57,464 - pyiron_log - INFO - run_shell: workdir=/tmp/pytest-of-hmai/pytest-242/test_run_shell_concurrent_call0/work_3
2026-08-01 15:45:57,469 - pyiron_log - INFO - run_shell: workdir=/tmp/pytest-of-hmai/pytest-242/test_run_shell_concurrent_call0/work_0
2026-08-01 15:45:57,473 - pyiron_log - INFO - run_shell: workdir=/tmp/pytest-of-hmai/pytest-242/test_run_shell_concurrent_call0/work_1
2026-08-01 15:45:57,476 - pyiron_log - INFO - run_shell: workdir=/tmp/pytest-of-hmai/pytest-242/test_run_shell_concurrent_call0/work_2
2026-08-01 15:45:57,479 - pyiron_log - INFO - run_shell: workdir=/tmp/pytest-of-hmai/pytest-242/test_run_shell_concurrent_call0/work_3
2026-08-01 15:45:57,481 - pyiron_log - INFO - run_shell: workdir=/tmp/pytest-of-hmai/pytest-242/test_run_shell_concurrent_call0/work_0
2026-08-01 15:45:57,486 - pyiron_log - INFO - run_shell: workdir=/tmp/pytest-of-hmai/pytest-242/test_run_shell_concurrent_call0/work_1
2026-08-01 15:45:57,490 - pyiron_log - INFO - run_shell: workdir=/tmp/pytest-of-hmai/pytest-242/test_run_shell_concurrent_call0/work_2
2026-08-01 15:45:57,493 - pyiron_log - INFO - run_shell: workdir=/tmp/pytest-of-hmai/pytest-242/test_run_shell_concurrent_call0/work_3
2026-08-01 15:45:57,502 - pyiron_log - INFO - run_shell: workdir=/tmp/pytest-of-hmai/pytest-242/test_run_shell_concurrent_call0/work_0
2026-08-01 15:45:57,504 - pyiron_log - INFO - run_shell: workdir=/tmp/pytest-of-hmai/pytest-242/test_run_shell_concurrent_call0/work_1
2026-08-01 15:45:57,507 - pyiron_log - INFO - run_shell: workdir=/tmp/pytest-of-hmai/pytest-242/test_run_shell_concurrent_call0/work_2
2026-08-01 15:45:57,510 - pyiron_log - INFO - run_shell: workdir=/tmp/pytest-of-hmai/pytest-242/test_run_shell_concurrent_call0/work_3
2026-08-01 15:45:57,519 - pyiron_log - INFO - run_shell: workdir=/tmp/pytest-of-hmai/pytest-242/test_run_shell_concurrent_call0/work_0
2026-08-01 15:45:57,522 - pyiron_log - INFO - run_shell: workdir=/tmp/pytest-of-hmai/pytest-242/test_run_shell_concurrent_call0/work_1
2026-08-01 15:45:57,525 - pyiron_log - INFO - run_shell: workdir=/tmp/pytest-of-hmai/pytest-242/test_run_shell_concurrent_call0/work_2
2026-08-01 15:45:57,528 - pyiron_log - INFO - run_shell: workdir=/tmp/pytest-of-hmai/pytest-242/test_run_shell_concurrent_call0/work_3
2026-08-01 15:45:57,533 - pyiron_log - INFO - run_shell: workdir=/tmp/pytest-of-hmai/pytest-242/test_run_shell_concurrent_call0/work_0
2026-08-01 15:45:57,537 - pyiron_log - INFO - run_shell: workdir=/tmp/pytest-of-hmai/pytest-242/test_run_shell_concurrent_call0/work_1
2026-08-01 15:45:57,540 - pyiron_log - INFO - run_shell: workdir=/tmp/pytest-of-hmai/pytest-242/test_run_shell_concurrent_call0/work_2
2026-08-01 15:45:57,543 - pyiron_log - INFO - run_shell: workdir=/tmp/pytest-of-hmai/pytest-242/test_run_shell_concurrent_call0/work_3
2026-08-01 15:45:57,547 - pyiron_log - INFO - run_shell: workdir=/tmp/pytest-of-hmai/pytest-242/test_run_shell_concurrent_call0/work_0
2026-08-01 15:45:57,550 - pyiron_log - INFO - run_shell: workdir=/tmp/pytest-of-hmai/pytest-242/test_run_shell_concurrent_call0/work_1
2026-08-01 15:45:57,554 - pyiron_log - INFO - run_shell: workdir=/tmp/pytest-of-hmai/pytest-242/test_run_shell_concurrent_call0/work_2
2026-08-01 15:45:57,557 - pyiron_log - INFO - run_shell: workdir=/tmp/pytest-of-hmai/pytest-242/test_run_shell_concurrent_call0/work_3
2026-08-01 15:45:57,560 - pyiron_log - INFO - run_shell: workdir=/tmp/pytest-of-hmai/pytest-242/test_run_shell_concurrent_call0/work_0
2026-08-01 15:45:57,565 - pyiron_log - INFO - run_shell: workdir=/tmp/pytest-of-hmai/pytest-242/test_run_shell_concurrent_call0/work_1
2026-08-01 15:45:57,567 - pyiron_log - INFO - run_shell: workdir=/tmp/pytest-of-hmai/pytest-242/test_run_shell_concurrent_call0/work_2
2026-08-01 15:45:57,571 - pyiron_log - INFO - run_shell: workdir=/tmp/pytest-of-hmai/pytest-242/test_run_shell_concurrent_call0/work_3
2026-08-01 15:45:57,574 - pyiron_log - INFO - run_shell: workdir=/tmp/pytest-of-hmai/pytest-242/test_run_shell_concurrent_call0/work_0
2026-08-01 15:45:57,579 - pyiron_log - INFO - run_shell: workdir=/tmp/pytest-of-hmai/pytest-242/test_run_shell_concurrent_call0/work_1
2026-08-01 15:45:57,582 - pyiron_log - INFO - run_shell: workdir=/tmp/pytest-of-hmai/pytest-242/test_run_shell_concurrent_call0/work_2
2026-08-01 15:45:57,585 - pyiron_log - INFO - run_shell: workdir=/tmp/pytest-of-hmai/pytest-242/test_run_shell_concurrent_call0/work_3
2026-08-01 15:45:57,595 - pyiron_log - INFO - run_shell: workdir=/tmp/pytest-of-hmai/pytest-242/test_run_shell_concurrent_call0/work_0
2026-08-01 15:45:57,598 - pyiron_log - INFO - run_shell: workdir=/tmp/pytest-of-hmai/pytest-242/test_run_shell_concurrent_call0/work_1
2026-08-01 15:45:57,600 - pyiron_log - INFO - run_shell: workdir=/tmp/pytest-of-hmai/pytest-242/test_run_shell_concurrent_call0/work_2
2026-08-01 15:45:57,603 - pyiron_log - INFO - run_shell: workdir=/tmp/pytest-of-hmai/pytest-242/test_run_shell_concurrent_call0/work_3
2026-08-01 15:45:57,612 - pyiron_log - INFO - run_shell: workdir=/tmp/pytest-of-hmai/pytest-242/test_run_shell_concurrent_call0/work_0
2026-08-01 15:45:57,615 - pyiron_log - INFO - run_shell: workdir=/tmp/pytest-of-hmai/pytest-242/test_run_shell_concurrent_call0/work_1
2026-08-01 15:45:57,618 - pyiron_log - INFO - run_shell: workdir=/tmp/pytest-of-hmai/pytest-242/test_run_shell_concurrent_call0/work_2
2026-08-01 15:45:57,620 - pyiron_log - INFO - run_shell: workdir=/tmp/pytest-of-hmai/pytest-242/test_run_shell_concurrent_call0/work_3
2026-08-01 15:45:57,625 - pyiron_log - INFO - run_shell: workdir=/tmp/pytest-of-hmai/pytest-242/test_run_shell_concurrent_call0/work_0
2026-08-01 15:45:57,629 - pyiron_log - INFO - run_shell: workdir=/tmp/pytest-of-hmai/pytest-242/test_run_shell_concurrent_call0/work_1
2026-08-01 15:45:57,632 - pyiron_log - INFO - run_shell: workdir=/tmp/pytest-of-hmai/pytest-242/test_run_shell_concurrent_call0/work_2
2026-08-01 15:45:57,635 - pyiron_log - INFO - run_shell: workdir=/tmp/pytest-of-hmai/pytest-242/test_run_shell_concurrent_call0/work_3
2026-08-01 15:45:57,637 - pyiron_log - INFO - run_shell: workdir=/tmp/pytest-of-hmai/pytest-242/test_run_shell_concurrent_call0/work_0
2026-08-01 15:45:57,640 - pyiron_log - INFO - run_shell: workdir=/tmp/pytest-of-hmai/pytest-242/test_run_shell_concurrent_call0/work_1
2026-08-01 15:45:57,645 - pyiron_log - INFO - run_shell: workdir=/tmp/pytest-of-hmai/pytest-242/test_run_shell_concurrent_call0/work_2
2026-08-01 15:45:57,649 - pyiron_log - INFO - run_shell: workdir=/tmp/pytest-of-hmai/pytest-242/test_run_shell_concurrent_call0/work_3
2026-08-01 15:45:57,652 - pyiron_log - INFO - run_shell: workdir=/tmp/pytest-of-hmai/pytest-242/test_run_shell_concurrent_call0/work_0
2026-08-01 15:45:57,655 - pyiron_log - INFO - run_shell: workdir=/tmp/pytest-of-hmai/pytest-242/test_run_shell_concurrent_call0/work_1
2026-08-01 15:45:57,657 - pyiron_log - INFO - run_shell: workdir=/tmp/pytest-of-hmai/pytest-242/test_run_shell_concurrent_call0/work_2
2026-08-01 15:45:57,662 - pyiron_log - INFO - run_shell: workdir=/tmp/pytest-of-hmai/pytest-242/test_run_shell_concurrent_call0/work_3
2026-08-01 15:45:57,666 - pyiron_log - INFO - run_shell: workdir=/tmp/pytest-of-hmai/pytest-242/test_run_shell_concurrent_call0/work_0
2026-08-01 15:45:57,669 - pyiron_log - INFO - run_shell: workdir=/tmp/pytest-of-hmai/pytest-242/test_run_shell_concurrent_call0/work_1
2026-08-01 15:45:57,672 - pyiron_log - INFO - run_shell: workdir=/tmp/pytest-of-hmai/pytest-242/test_run_shell_concurrent_call0/work_2
2026-08-01 15:45:57,675 - pyiron_log - INFO - run_shell: workdir=/tmp/pytest-of-hmai/pytest-242/test_run_shell_concurrent_call0/work_3
2026-08-01 15:45:57,685 - pyiron_log - INFO - run_shell: workdir=/tmp/pytest-of-hmai/pytest-242/test_run_shell_concurrent_call0/work_0
2026-08-01 15:45:57,688 - pyiron_log - INFO - run_shell: workdir=/tmp/pytest-of-hmai/pytest-242/test_run_shell_concurrent_call0/work_1
2026-08-01 15:45:57,691 - pyiron_log - INFO - run_shell: workdir=/tmp/pytest-of-hmai/pytest-242/test_run_shell_concurrent_call0/work_2
2026-08-01 15:45:57,693 - pyiron_log - INFO - run_shell: workdir=/tmp/pytest-of-hmai/pytest-242/test_run_shell_concurrent_call0/work_3
2026-08-01 15:45:57,698 - pyiron_log - INFO - run_shell: workdir=/tmp/pytest-of-hmai/pytest-242/test_run_shell_concurrent_call0/work_0
2026-08-01 15:45:57,703 - pyiron_log - INFO - run_shell: workdir=/tmp/pytest-of-hmai/pytest-242/test_run_shell_concurrent_call0/work_1
2026-08-01 15:45:57,706 - pyiron_log - INFO - run_shell: workdir=/tmp/pytest-of-hmai/pytest-242/test_run_shell_concurrent_call0/work_2
2026-08-01 15:45:57,709 - pyiron_log - INFO - run_shell: workdir=/tmp/pytest-of-hmai/pytest-242/test_run_shell_concurrent_call0/work_3
2026-08-01 15:45:57,713 - pyiron_log - INFO - run_shell: workdir=/tmp/pytest-of-hmai/pytest-242/test_run_shell_concurrent_call0/work_0
2026-08-01 15:45:57,715 - pyiron_log - INFO - run_shell: workdir=/tmp/pytest-of-hmai/pytest-242/test_run_shell_concurrent_call0/work_1
2026-08-01 15:45:57,719 - pyiron_log - INFO - run_shell: workdir=/tmp/pytest-of-hmai/pytest-242/test_run_shell_concurrent_call0/work_2
2026-08-01 15:45:57,724 - pyiron_log - INFO - run_shell: workdir=/tmp/pytest-of-hmai/pytest-242/test_run_shell_concurrent_call0/work_3
2026-08-01 15:45:57,727 - pyiron_log - INFO - run_shell: workdir=/tmp/pytest-of-hmai/pytest-242/test_run_shell_concurrent_call0/work_0
2026-08-01 15:45:57,730 - pyiron_log - INFO - run_shell: workdir=/tmp/pytest-of-hmai/pytest-242/test_run_shell_concurrent_call0/work_1
2026-08-01 15:45:57,733 - pyiron_log - INFO - run_shell: workdir=/tmp/pytest-of-hmai/pytest-242/test_run_shell_concurrent_call0/work_2
2026-08-01 15:45:57,736 - pyiron_log - INFO - run_shell: workdir=/tmp/pytest-of-hmai/pytest-242/test_run_shell_concurrent_call0/work_3
2026-08-01 15:45:57,740 - pyiron_log - INFO - run_shell: workdir=/tmp/pytest-of-hmai/pytest-242/test_run_shell_concurrent_call0/work_0
2026-08-01 15:45:57,745 - pyiron_log - INFO - run_shell: workdir=/tmp/pytest-of-hmai/pytest-242/test_run_shell_concurrent_call0/work_1
2026-08-01 15:45:57,748 - pyiron_log - INFO - run_shell: workdir=/tmp/pytest-of-hmai/pytest-242/test_run_shell_concurrent_call0/work_2
2026-08-01 15:45:57,751 - pyiron_log - INFO - run_shell: workdir=/tmp/pytest-of-hmai/pytest-242/test_run_shell_concurrent_call0/work_3
2026-08-01 15:45:57,755 - pyiron_log - INFO - run_shell: workdir=/tmp/pytest-of-hmai/pytest-242/test_run_shell_concurrent_call0/work_0
2026-08-01 15:45:57,758 - pyiron_log - INFO - run_shell: workdir=/tmp/pytest-of-hmai/pytest-242/test_run_shell_concurrent_call0/work_1
2026-08-01 15:45:57,761 - pyiron_log - INFO - run_shell: workdir=/tmp/pytest-of-hmai/pytest-242/test_run_shell_concurrent_call0/work_2
2026-08-01 15:45:57,766 - pyiron_log - INFO - run_shell: workdir=/tmp/pytest-of-hmai/pytest-242/test_run_shell_concurrent_call0/work_3
2026-08-01 15:45:57,775 - pyiron_log - INFO - run_shell: workdir=/tmp/pytest-of-hmai/pytest-242/test_run_shell_concurrent_call0/work_0
2026-08-01 15:45:57,777 - pyiron_log - INFO - run_shell: workdir=/tmp/pytest-of-hmai/pytest-242/test_run_shell_concurrent_call0/work_1
2026-08-01 15:45:57,780 - pyiron_log - INFO - run_shell: workdir=/tmp/pytest-of-hmai/pytest-242/test_run_shell_concurrent_call0/work_2
2026-08-01 15:45:57,783 - pyiron_log - INFO - run_shell: workdir=/tmp/pytest-of-hmai/pytest-242/test_run_shell_concurrent_call0/work_3
2026-08-01 15:45:57,789 - pyiron_log - INFO - run_shell: workdir=/tmp/pytest-of-hmai/pytest-242/test_run_shell_concurrent_call0/work_0
2026-08-01 15:45:57,793 - pyiron_log - INFO - run_shell: workdir=/tmp/pytest-of-hmai/pytest-242/test_run_shell_concurrent_call0/work_1
2026-08-01 15:45:57,796 - pyiron_log - INFO - run_shell: workdir=/tmp/pytest-of-hmai/pytest-242/test_run_shell_concurrent_call0/work_2
2026-08-01 15:45:57,798 - pyiron_log - INFO - run_shell: workdir=/tmp/pytest-of-hmai/pytest-242/test_run_shell_concurrent_call0/work_3
2026-08-01 15:45:57,802 - pyiron_log - INFO - run_shell: workdir=/tmp/pytest-of-hmai/pytest-242/test_run_shell_concurrent_call0/work_0
2026-08-01 15:45:57,806 - pyiron_log - INFO - run_shell: workdir=/tmp/pytest-of-hmai/pytest-242/test_run_shell_concurrent_call0/work_1
2026-08-01 15:45:57,809 - pyiron_log - INFO - run_shell: workdir=/tmp/pytest-of-hmai/pytest-242/test_run_shell_concurrent_call0/work_2
2026-08-01 15:45:57,812 - pyiron_log - INFO - run_shell: workdir=/tmp/pytest-of-hmai/pytest-242/test_run_shell_concurrent_call0/work_3
2026-08-01 15:45:57,816 - pyiron_log - INFO - run_shell: workdir=/tmp/pytest-of-hmai/pytest-242/test_run_shell_concurrent_call0/work_0
2026-08-01 15:45:57,820 - pyiron_log - INFO - run_shell: workdir=/tmp/pytest-of-hmai/pytest-242/test_run_shell_concurrent_call0/work_1
2026-08-01 15:45:57,823 - pyiron_log - INFO - run_shell: workdir=/tmp/pytest-of-hmai/pytest-242/test_run_shell_concurrent_call0/work_2
2026-08-01 15:45:57,826 - pyiron_log - INFO - run_shell: workdir=/tmp/pytest-of-hmai/pytest-242/test_run_shell_concurrent_call0/work_3
2026-08-01 15:45:57,829 - pyiron_log - INFO - run_shell: workdir=/tmp/pytest-of-hmai/pytest-242/test_run_shell_concurrent_call0/work_0
2026-08-01 15:45:57,832 - pyiron_log - INFO - run_shell: workdir=/tmp/pytest-of-hmai/pytest-242/test_run_shell_concurrent_call0/work_1
2026-08-01 15:45:57,835 - pyiron_log - INFO - run_shell: workdir=/tmp/pytest-of-hmai/pytest-242/test_run_shell_concurrent_call0/work_2
2026-08-01 15:45:57,839 - pyiron_log - INFO - run_shell: workdir=/tmp/pytest-of-hmai/pytest-242/test_run_shell_concurrent_call0/work_3
2026-08-01 15:45:57,842 - pyiron_log - INFO - run_shell: workdir=/tmp/pytest-of-hmai/pytest-242/test_run_shell_concurrent_call0/work_0
2026-08-01 15:45:57,845 - pyiron_log - INFO - run_shell: workdir=/tmp/pytest-of-hmai/pytest-242/test_run_shell_concurrent_call0/work_1
2026-08-01 15:45:57,849 - pyiron_log - INFO - run_shell: workdir=/tmp/pytest-of-hmai/pytest-242/test_run_shell_concurrent_call0/work_2
2026-08-01 15:45:57,853 - pyiron_log - INFO - run_shell: workdir=/tmp/pytest-of-hmai/pytest-242/test_run_shell_concurrent_call0/work_3
2026-08-01 15:46:03,408 - pyiron_log - INFO - made directory '/tmp/pytest-of-hmai/pytest-243/test_create_working_directory_0/fresh'
2026-08-01 15:46:15,385 - pyiron_log - INFO - made directory '/tmp/pytest-of-hmai/pytest-245/test_create_working_directory_0/fresh'
2026-08-01 15:46:20,897 - pyiron_log - INFO - Deleted: /tmp/pytest-of-hmai/pytest-246/test_delete_files_recursively_0/vaspcalc/CHGCAR
2026-08-01 15:46:20,897 - pyiron_log - INFO - Deleted: /tmp/pytest-of-hmai/pytest-246/test_delete_files_recursively_0/vaspcalc/WAVECAR
2026-08-01 15:46:20,899 - pyiron_log - INFO - Error: /tmp/pytest-of-hmai/pytest-246/test_delete_files_recursively_1/nope is not a valid directory.
2026-08-01 15:46:20,905 - pyiron_log - INFO - compress_directory: compressed directory at /tmp/pytest-of-hmai/pytest-246/test_compress_directory_create0/vaspcalc
2026-08-01 15:46:20,908 - pyiron_log - INFO - compress_directory: compressed directory at /tmp/pytest-of-hmai/pytest-246/test_compress_directory_member0/vaspcalc
2026-08-01 15:46:20,913 - pyiron_log - INFO - compress_directory: compressed directory at /tmp/pytest-of-hmai/pytest-246/test_compress_directory_exclud0/vaspcalc
2026-08-01 15:46:20,924 - pyiron_log - INFO - run_shell: workdir=/tmp/pytest-of-hmai/pytest-246/test_run_shell_executes_in_wor0/calc
2026-08-01 15:46:20,931 - pyiron_log - INFO - run_shell: workdir=/tmp/pytest-of-hmai/pytest-246/test_run_shell_does_not_mutate0/calc
2026-08-01 15:46:20,938 - pyiron_log - INFO - run_shell: workdir=/tmp/pytest-of-hmai/pytest-246/test_run_shell_captures_failur0/calc
2026-08-01 15:46:20,945 - pyiron_log - INFO - run_shell: workdir=/tmp/pytest-of-hmai/pytest-246/test_run_shell_preserves_argum0/calc
2026-08-01 15:46:20,954 - pyiron_log - INFO - run_shell: workdir=/tmp/pytest-of-hmai/pytest-246/test_run_shell_concurrent_call0/work_0
2026-08-01 15:46:20,957 - pyiron_log - INFO - run_shell: workdir=/tmp/pytest-of-hmai/pytest-246/test_run_shell_concurrent_call0/work_1
2026-08-01 15:46:20,960 - pyiron_log - INFO - run_shell: workdir=/tmp/pytest-of-hmai/pytest-246/test_run_shell_concurrent_call0/work_2
2026-08-01 15:46:20,962 - pyiron_log - INFO - run_shell: workdir=/tmp/pytest-of-hmai/pytest-246/test_run_shell_concurrent_call0/work_3
2026-08-01 15:46:20,968 - pyiron_log - INFO - run_shell: workdir=/tmp/pytest-of-hmai/pytest-246/test_run_shell_concurrent_call0/work_0
2026-08-01 15:46:20,971 - pyiron_log - INFO - run_shell: workdir=/tmp/pytest-of-hmai/pytest-246/test_run_shell_concurrent_call0/work_1
2026-08-01 15:46:20,974 - pyiron_log - INFO - run_shell: workdir=/tmp/pytest-of-hmai/pytest-246/test_run_shell_concurrent_call0/work_2
2026-08-01 15:46:20,977 - pyiron_log - INFO - run_shell: workdir=/tmp/pytest-of-hmai/pytest-246/test_run_shell_concurrent_call0/work_3
2026-08-01 15:46:20,979 - pyiron_log - INFO - run_shell: workdir=/tmp/pytest-of-hmai/pytest-246/test_run_shell_concurrent_call0/work_0
2026-08-01 15:46:20,985 - pyiron_log - INFO - run_shell: workdir=/tmp/pytest-of-hmai/pytest-246/test_run_shell_concurrent_call0/work_1
2026-08-01 15:46:20,988 - pyiron_log - INFO - run_shell: workdir=/tmp/pytest-of-hmai/pytest-246/test_run_shell_concurrent_call0/work_2
2026-08-01 15:46:20,990 - pyiron_log - INFO - run_shell: workdir=/tmp/pytest-of-hmai/pytest-246/test_run_shell_concurrent_call0/work_3
2026-08-01 15:46:20,995 - pyiron_log - INFO - run_shell: workdir=/tmp/pytest-of-hmai/pytest-246/test_run_shell_concurrent_call0/work_0
2026-08-01 15:46:20,999 - pyiron_log - INFO - run_shell: workdir=/tmp/pytest-of-hmai/pytest-246/test_run_shell_concurrent_call0/work_1
2026-08-01 15:46:21,001 - pyiron_log - INFO - run_shell: workdir=/tmp/pytest-of-hmai/pytest-246/test_run_shell_concurrent_call0/work_2
2026-08-01 15:46:21,006 - pyiron_log - INFO - run_shell: workdir=/tmp/pytest-of-hmai/pytest-246/test_run_shell_concurrent_call0/work_3
2026-08-01 15:46:21,008 - pyiron_log - INFO - run_shell: workdir=/tmp/pytest-of-hmai/pytest-246/test_run_shell_concurrent_call0/work_0
2026-08-01 15:46:21,013 - pyiron_log - INFO - run_shell: workdir=/tmp/pytest-of-hmai/pytest-246/test_run_shell_concurrent_call0/work_1
2026-08-01 15:46:21,015 - pyiron_log - INFO - run_shell: workdir=/tmp/pytest-of-hmai/pytest-246/test_run_shell_concurrent_call0/work_2
2026-08-01 15:46:21,020 - pyiron_log - INFO - run_shell: workdir=/tmp/pytest-of-hmai/pytest-246/test_run_shell_concurrent_call0/work_3
2026-08-01 15:46:21,022 - pyiron_log - INFO - run_shell: workdir=/tmp/pytest-of-hmai/pytest-246/test_run_shell_concurrent_call0/work_0
2026-08-01 15:46:21,025 - pyiron_log - INFO - run_shell: workdir=/tmp/pytest-of-hmai/pytest-246/test_run_shell_concurrent_call0/work_1
2026-08-01 15:46:21,029 - pyiron_log - INFO - run_shell: workdir=/tmp/pytest-of-hmai/pytest-246/test_run_shell_concurrent_call0/work_2
2026-08-01 15:46:21,034 - pyiron_log - INFO - run_shell: workdir=/tmp/pytest-of-hmai/pytest-246/test_run_shell_concurrent_call0/work_3
2026-08-01 15:46:21,041 - pyiron_log - INFO - run_shell: workdir=/tmp/pytest-of-hmai/pytest-246/test_run_shell_concurrent_call0/work_0
2026-08-01 15:46:21,044 - pyiron_log - INFO - run_shell: workdir=/tmp/pytest-of-hmai/pytest-246/test_run_shell_concurrent_call0/work_1
2026-08-01 15:46:21,047 - pyiron_log - INFO - run_shell: workdir=/tmp/pytest-of-hmai/pytest-246/test_run_shell_concurrent_call0/work_2
2026-08-01 15:46:21,051 - pyiron_log - INFO - run_shell: workdir=/tmp/pytest-of-hmai/pytest-246/test_run_shell_concurrent_call0/work_3
2026-08-01 15:46:21,056 - pyiron_log - INFO - run_shell: workdir=/tmp/pytest-of-hmai/pytest-246/test_run_shell_concurrent_call0/work_0
2026-08-01 15:46:21,059 - pyiron_log - INFO - run_shell: workdir=/tmp/pytest-of-hmai/pytest-246/test_run_shell_concurrent_call0/work_1
2026-08-01 15:46:21,062 - pyiron_log - INFO - run_shell: workdir=/tmp/pytest-of-hmai/pytest-246/test_run_shell_concurrent_call0/work_2
2026-08-01 15:46:21,065 - pyiron_log - INFO - run_shell: workdir=/tmp/pytest-of-hmai/pytest-246/test_run_shell_concurrent_call0/work_3
2026-08-01 15:46:21,070 - pyiron_log - INFO - run_shell: workdir=/tmp/pytest-of-hmai/pytest-246/test_run_shell_concurrent_call0/work_0
2026-08-01 15:46:21,073 - pyiron_log - INFO - run_shell: workdir=/tmp/pytest-of-hmai/pytest-246/test_run_shell_concurrent_call0/work_1
2026-08-01 15:46:21,077 - pyiron_log - INFO - run_shell: workdir=/tmp/pytest-of-hmai/pytest-246/test_run_shell_concurrent_call0/work_2
2026-08-01 15:46:21,079 - pyiron_log - INFO - run_shell: workdir=/tmp/pytest-of-hmai/pytest-246/test_run_shell_concurrent_call0/work_3
2026-08-01 15:46:21,083 - pyiron_log - INFO - run_shell: workdir=/tmp/pytest-of-hmai/pytest-246/test_run_shell_concurrent_call0/work_0
2026-08-01 15:46:21,086 - pyiron_log - INFO - run_shell: workdir=/tmp/pytest-of-hmai/pytest-246/test_run_shell_concurrent_call0/work_1
2026-08-01 15:46:21,089 - pyiron_log - INFO - run_shell: workdir=/tmp/pytest-of-hmai/pytest-246/test_run_shell_concurrent_call0/work_2
2026-08-01 15:46:21,093 - pyiron_log - INFO - run_shell: workdir=/tmp/pytest-of-hmai/pytest-246/test_run_shell_concurrent_call0/work_3
2026-08-01 15:46:21,097 - pyiron_log - INFO - run_shell: workdir=/tmp/pytest-of-hmai/pytest-246/test_run_shell_concurrent_call0/work_0
2026-08-01 15:46:21,100 - pyiron_log - INFO - run_shell: workdir=/tmp/pytest-of-hmai/pytest-246/test_run_shell_concurrent_call0/work_1
2026-08-01 15:46:21,102 - pyiron_log - INFO - run_shell: workdir=/tmp/pytest-of-hmai/pytest-246/test_run_shell_concurrent_call0/work_2
2026-08-01 15:46:21,106 - pyiron_log - INFO - run_shell: workdir=/tmp/pytest-of-hmai/pytest-246/test_run_shell_concurrent_call0/work_3
2026-08-01 15:46:21,110 - pyiron_log - INFO - run_shell: workdir=/tmp/pytest-of-hmai/pytest-246/test_run_shell_concurrent_call0/work_0
2026-08-01 15:46:21,113 - pyiron_log - INFO - run_shell: workdir=/tmp/pytest-of-hmai/pytest-246/test_run_shell_concurrent_call0/work_1
2026-08-01 15:46:21,117 - pyiron_log - INFO - run_shell: workdir=/tmp/pytest-of-hmai/pytest-246/test_run_shell_concurrent_call0/work_2
2026-08-01 15:46:21,120 - pyiron_log - INFO - run_shell: workdir=/tmp/pytest-of-hmai/pytest-246/test_run_shell_concurrent_call0/work_3
2026-08-01 15:46:21,129 - pyiron_log - INFO - run_shell: workdir=/tmp/pytest-of-hmai/pytest-246/test_run_shell_concurrent_call0/work_0
2026-08-01 15:46:21,132 - pyiron_log - INFO - run_shell: workdir=/tmp/pytest-of-hmai/pytest-246/test_run_shell_concurrent_call0/work_1
2026-08-01 15:46:21,135 - pyiron_log - INFO - run_shell: workdir=/tmp/pytest-of-hmai/pytest-246/test_run_shell_concurrent_call0/work_2
2026-08-01 15:46:21,139 - pyiron_log - INFO - run_shell: workdir=/tmp/pytest-of-hmai/pytest-246/test_run_shell_concurrent_call0/work_3
2026-08-01 15:46:21,144 - pyiron_log - INFO - run_shell: workdir=/tmp/pytest-of-hmai/pytest-246/test_run_shell_concurrent_call0/work_0
2026-08-01 15:46:21,147 - pyiron_log - INFO - run_shell: workdir=/tmp/pytest-of-hmai/pytest-246/test_run_shell_concurrent_call0/work_1
2026-08-01 15:46:21,149 - pyiron_log - INFO - run_shell: workdir=/tmp/pytest-of-hmai/pytest-246/test_run_shell_concurrent_call0/work_2
2026-08-01 15:46:21,153 - pyiron_log - INFO - run_shell: workdir=/tmp/pytest-of-hmai/pytest-246/test_run_shell_concurrent_call0/work_3
2026-08-01 15:46:21,158 - pyiron_log - INFO - run_shell: workdir=/tmp/pytest-of-hmai/pytest-246/test_run_shell_concurrent_call0/work_0
2026-08-01 15:46:21,161 - pyiron_log - INFO - run_shell: workdir=/tmp/pytest-of-hmai/pytest-246/test_run_shell_concurrent_call0/work_1
2026-08-01 15:46:21,164 - pyiron_log - INFO - run_shell: workdir=/tmp/pytest-of-hmai/pytest-246/test_run_shell_concurrent_call0/work_2
2026-08-01 15:46:21,167 - pyiron_log - INFO - run_shell: workdir=/tmp/pytest-of-hmai/pytest-246/test_run_shell_concurrent_call0/work_3
2026-08-01 15:46:21,170 - pyiron_log - INFO - run_shell: workdir=/tmp/pytest-of-hmai/pytest-246/test_run_shell_concurrent_call0/work_0
2026-08-01 15:46:21,174 - pyiron_log - INFO - run_shell: workdir=/tmp/pytest-of-hmai/pytest-246/test_run_shell_concurrent_call0/work_1
2026-08-01 15:46:21,179 - pyiron_log - INFO - run_shell: workdir=/tmp/pytest-of-hmai/pytest-246/test_run_shell_concurrent_call0/work_2
2026-08-01 15:46:21,182 - pyiron_log - INFO - run_shell: workdir=/tmp/pytest-of-hmai/pytest-246/test_run_shell_concurrent_call0/work_3
2026-08-01 15:46:21,185 - pyiron_log - INFO - run_shell: workdir=/tmp/pytest-of-hmai/pytest-246/test_run_shell_concurrent_call0/work_0
2026-08-01 15:46:21,188 - pyiron_log - INFO - run_shell: workdir=/tmp/pytest-of-hmai/pytest-246/test_run_shell_concurrent_call0/work_1
2026-08-01 15:46:21,192 - pyiron_log - INFO - run_shell: workdir=/tmp/pytest-of-hmai/pytest-246/test_run_shell_concurrent_call0/work_2
2026-08-01 15:46:21,196 - pyiron_log - INFO - run_shell: workdir=/tmp/pytest-of-hmai/pytest-246/test_run_shell_concurrent_call0/work_3
2026-08-01 15:46:21,199 - pyiron_log - INFO - run_shell: workdir=/tmp/pytest-of-hmai/pytest-246/test_run_shell_concurrent_call0/work_0
2026-08-01 15:46:21,202 - pyiron_log - INFO - run_shell: workdir=/tmp/pytest-of-hmai/pytest-246/test_run_shell_concurrent_call0/work_1
2026-08-01 15:46:21,205 - pyiron_log - INFO - run_shell: workdir=/tmp/pytest-of-hmai/pytest-246/test_run_shell_concurrent_call0/work_2
2026-08-01 15:46:21,209 - pyiron_log - INFO - run_shell: workdir=/tmp/pytest-of-hmai/pytest-246/test_run_shell_concurrent_call0/work_3
2026-08-01 15:46:21,219 - pyiron_log - INFO - run_shell: workdir=/tmp/pytest-of-hmai/pytest-246/test_run_shell_concurrent_call0/work_0
2026-08-01 15:46:21,222 - pyiron_log - INFO - run_shell: workdir=/tmp/pytest-of-hmai/pytest-246/test_run_shell_concurrent_call0/work_1
2026-08-01 15:46:21,224 - pyiron_log - INFO - run_shell: workdir=/tmp/pytest-of-hmai/pytest-246/test_run_shell_concurrent_call0/work_2
2026-08-01 15:46:21,227 - pyiron_log - INFO - run_shell: workdir=/tmp/pytest-of-hmai/pytest-246/test_run_shell_concurrent_call0/work_3
2026-08-01 15:46:21,235 - pyiron_log - INFO - run_shell: workdir=/tmp/pytest-of-hmai/pytest-246/test_run_shell_concurrent_call0/work_0
2026-08-01 15:46:21,238 - pyiron_log - INFO - run_shell: workdir=/tmp/pytest-of-hmai/pytest-246/test_run_shell_concurrent_call0/work_1
2026-08-01 15:46:21,241 - pyiron_log - INFO - run_shell: workdir=/tmp/pytest-of-hmai/pytest-246/test_run_shell_concurrent_call0/work_2
2026-08-01 15:46:21,244 - pyiron_log - INFO - run_shell: workdir=/tmp/pytest-of-hmai/pytest-246/test_run_shell_concurrent_call0/work_3
2026-08-01 15:46:21,248 - pyiron_log - INFO - run_shell: workdir=/tmp/pytest-of-hmai/pytest-246/test_run_shell_concurrent_call0/work_0
2026-08-01 15:46:21,253 - pyiron_log - INFO - run_shell: workdir=/tmp/pytest-of-hmai/pytest-246/test_run_shell_concurrent_call0/work_1
2026-08-01 15:46:21,256 - pyiron_log - INFO - run_shell: workdir=/tmp/pytest-of-hmai/pytest-246/test_run_shell_concurrent_call0/work_2
2026-08-01 15:46:21,259 - pyiron_log - INFO - run_shell: workdir=/tmp/pytest-of-hmai/pytest-246/test_run_shell_concurrent_call0/work_3
2026-08-01 15:46:21,262 - pyiron_log - INFO - run_shell: workdir=/tmp/pytest-of-hmai/pytest-246/test_run_shell_concurrent_call0/work_0
2026-08-01 15:46:21,266 - pyiron_log - INFO - run_shell: workdir=/tmp/pytest-of-hmai/pytest-246/test_run_shell_concurrent_call0/work_1
2026-08-01 15:46:21,269 - pyiron_log - INFO - run_shell: workdir=/tmp/pytest-of-hmai/pytest-246/test_run_shell_concurrent_call0/work_2
2026-08-01 15:46:21,273 - pyiron_log - INFO - run_shell: workdir=/tmp/pytest-of-hmai/pytest-246/test_run_shell_concurrent_call0/work_3
2026-08-01 15:46:21,276 - pyiron_log - INFO - run_shell: workdir=/tmp/pytest-of-hmai/pytest-246/test_run_shell_concurrent_call0/work_0
2026-08-01 15:46:21,280 - pyiron_log - INFO - run_shell: workdir=/tmp/pytest-of-hmai/pytest-246/test_run_shell_concurrent_call0/work_1
2026-08-01 15:46:21,284 - pyiron_log - INFO - run_shell: workdir=/tmp/pytest-of-hmai/pytest-246/test_run_shell_concurrent_call0/work_2
2026-08-01 15:46:21,287 - pyiron_log - INFO - run_shell: workdir=/tmp/pytest-of-hmai/pytest-246/test_run_shell_concurrent_call0/work_3
2026-08-01 15:46:21,290 - pyiron_log - INFO - run_shell: workdir=/tmp/pytest-of-hmai/pytest-246/test_run_shell_concurrent_call0/work_0
2026-08-01 15:46:21,293 - pyiron_log - INFO - run_shell: workdir=/tmp/pytest-of-hmai/pytest-246/test_run_shell_concurrent_call0/work_1
2026-08-01 15:46:21,300 - pyiron_log - INFO - run_shell: workdir=/tmp/pytest-of-hmai/pytest-246/test_run_shell_concurrent_call0/work_2
2026-08-01 15:46:21,304 - pyiron_log - INFO - run_shell: workdir=/tmp/pytest-of-hmai/pytest-246/test_run_shell_concurrent_call0/work_3
2026-08-01 15:46:21,313 - pyiron_log - INFO - run_shell: workdir=/tmp/pytest-of-hmai/pytest-246/test_run_shell_concurrent_call0/work_0
2026-08-01 15:46:21,316 - pyiron_log - INFO - run_shell: workdir=/tmp/pytest-of-hmai/pytest-246/test_run_shell_concurrent_call0/work_1
2026-08-01 15:46:21,319 - pyiron_log - INFO - run_shell: workdir=/tmp/pytest-of-hmai/pytest-246/test_run_shell_concurrent_call0/work_2
2026-08-01 15:46:21,322 - pyiron_log - INFO - run_shell: workdir=/tmp/pytest-of-hmai/pytest-246/test_run_shell_concurrent_call0/work_3
2026-08-01 15:46:21,330 - pyiron_log - INFO - run_shell: workdir=/tmp/pytest-of-hmai/pytest-246/test_run_shell_concurrent_call0/work_0
2026-08-01 15:46:21,334 - pyiron_log - INFO - run_shell: workdir=/tmp/pytest-of-hmai/pytest-246/test_run_shell_concurrent_call0/work_1
2026-08-01 15:46:21,336 - pyiron_log - INFO - run_shell: workdir=/tmp/pytest-of-hmai/pytest-246/test_run_shell_concurrent_call0/work_2
2026-08-01 15:46:21,339 - pyiron_log - INFO - run_shell: workdir=/tmp/pytest-of-hmai/pytest-246/test_run_shell_concurrent_call0/work_3
2026-08-01 15:46:21,341 - pyiron_log - INFO - run_shell: workdir=/tmp/pytest-of-hmai/pytest-246/test_run_shell_concurrent_call0/work_0
2026-08-01 15:46:21,349 - pyiron_log - INFO - run_shell: workdir=/tmp/pytest-of-hmai/pytest-246/test_run_shell_concurrent_call0/work_1
2026-08-01 15:46:21,353 - pyiron_log - INFO - run_shell: workdir=/tmp/pytest-of-hmai/pytest-246/test_run_shell_concurrent_call0/work_2
2026-08-01 15:46:21,355 - pyiron_log - INFO - run_shell: workdir=/tmp/pytest-of-hmai/pytest-246/test_run_shell_concurrent_call0/work_3
2026-08-01 15:46:21,358 - pyiron_log - INFO - run_shell: workdir=/tmp/pytest-of-hmai/pytest-246/test_run_shell_concurrent_call0/work_0
2026-08-01 15:46:21,362 - pyiron_log - INFO - run_shell: workdir=/tmp/pytest-of-hmai/pytest-246/test_run_shell_concurrent_call0/work_1
2026-08-01 15:46:21,367 - pyiron_log - INFO - run_shell: workdir=/tmp/pytest-of-hmai/pytest-246/test_run_shell_concurrent_call0/work_2
2026-08-01 15:46:21,370 - pyiron_log - INFO - run_shell: workdir=/tmp/pytest-of-hmai/pytest-246/test_run_shell_concurrent_call0/work_3
2026-08-01 15:46:21,373 - pyiron_log - INFO - run_shell: workdir=/tmp/pytest-of-hmai/pytest-246/test_run_shell_concurrent_call0/work_0
2026-08-01 15:46:21,375 - pyiron_log - INFO - run_shell: workdir=/tmp/pytest-of-hmai/pytest-246/test_run_shell_concurrent_call0/work_1
2026-08-01 15:46:21,379 - pyiron_log - INFO - run_shell: workdir=/tmp/pytest-of-hmai/pytest-246/test_run_shell_concurrent_call0/work_2
2026-08-01 15:46:21,383 - pyiron_log - INFO - run_shell: workdir=/tmp/pytest-of-hmai/pytest-246/test_run_shell_concurrent_call0/work_3
2026-08-01 15:46:21,386 - pyiron_log - INFO - run_shell: workdir=/tmp/pytest-of-hmai/pytest-246/test_run_shell_concurrent_call0/work_0
2026-08-01 15:46:21,389 - pyiron_log - INFO - run_shell: workdir=/tmp/pytest-of-hmai/pytest-246/test_run_shell_concurrent_call0/work_1
2026-08-01 15:46:21,392 - pyiron_log - INFO - run_shell: workdir=/tmp/pytest-of-hmai/pytest-246/test_run_shell_concurrent_call0/work_2
2026-08-01 15:46:21,396 - pyiron_log - INFO - run_shell: workdir=/tmp/pytest-of-hmai/pytest-246/test_run_shell_concurrent_call0/work_3
2026-08-01 15:46:26,873 - pyiron_log - INFO - Deleted: /tmp/pytest-of-hmai/pytest-248/test_delete_files_recursively_0/vaspcalc/CHGCAR
2026-08-01 15:46:26,873 - pyiron_log - INFO - Deleted: /tmp/pytest-of-hmai/pytest-248/test_delete_files_recursively_0/vaspcalc/WAVECAR
2026-08-01 15:46:26,875 - pyiron_log - INFO - Error: /tmp/pytest-of-hmai/pytest-248/test_delete_files_recursively_1/nope is not a valid directory.
2026-08-01 15:46:26,881 - pyiron_log - INFO - compress_directory: compressed directory at /tmp/pytest-of-hmai/pytest-248/test_compress_directory_create0/vaspcalc
2026-08-01 15:46:26,885 - pyiron_log - INFO - compress_directory: compressed directory at /tmp/pytest-of-hmai/pytest-248/test_compress_directory_member0/vaspcalc
2026-08-01 15:46:26,889 - pyiron_log - INFO - compress_directory: compressed directory at /tmp/pytest-of-hmai/pytest-248/test_compress_directory_exclud0/vaspcalc
2026-08-01 15:46:26,900 - pyiron_log - INFO - run_shell: workdir=/tmp/pytest-of-hmai/pytest-248/test_run_shell_executes_in_wor0/calc
2026-08-01 15:46:26,907 - pyiron_log - INFO - run_shell: workdir=/tmp/pytest-of-hmai/pytest-248/test_run_shell_does_not_mutate0/calc
2026-08-01 15:46:26,915 - pyiron_log - INFO - run_shell: workdir=/tmp/pytest-of-hmai/pytest-248/test_run_shell_captures_failur0/calc
2026-08-01 15:46:26,922 - pyiron_log - INFO - run_shell: workdir=/tmp/pytest-of-hmai/pytest-248/test_run_shell_preserves_argum0/calc
2026-08-01 15:46:26,930 - pyiron_log - INFO - run_shell: workdir=/tmp/pytest-of-hmai/pytest-248/test_run_shell_concurrent_call0/work_0
2026-08-01 15:46:26,932 - pyiron_log - INFO - run_shell: workdir=/tmp/pytest-of-hmai/pytest-248/test_run_shell_concurrent_call0/work_1
2026-08-01 15:46:26,936 - pyiron_log - INFO - run_shell: workdir=/tmp/pytest-of-hmai/pytest-248/test_run_shell_concurrent_call0/work_2
2026-08-01 15:46:26,938 - pyiron_log - INFO - run_shell: workdir=/tmp/pytest-of-hmai/pytest-248/test_run_shell_concurrent_call0/work_3
2026-08-01 15:46:26,940 - pyiron_log - INFO - run_shell: workdir=/tmp/pytest-of-hmai/pytest-248/test_run_shell_concurrent_call0/work_0
2026-08-01 15:46:26,944 - pyiron_log - INFO - run_shell: workdir=/tmp/pytest-of-hmai/pytest-248/test_run_shell_concurrent_call0/work_1
2026-08-01 15:46:26,946 - pyiron_log - INFO - run_shell: workdir=/tmp/pytest-of-hmai/pytest-248/test_run_shell_concurrent_call0/work_2
2026-08-01 15:46:26,949 - pyiron_log - INFO - run_shell: workdir=/tmp/pytest-of-hmai/pytest-248/test_run_shell_concurrent_call0/work_3
2026-08-01 15:46:26,952 - pyiron_log - INFO - run_shell: workdir=/tmp/pytest-of-hmai/pytest-248/test_run_shell_concurrent_call0/work_0
2026-08-01 15:46:26,956 - pyiron_log - INFO - run_shell: workdir=/tmp/pytest-of-hmai/pytest-248/test_run_shell_concurrent_call0/work_1
2026-08-01 15:46:26,959 - pyiron_log - INFO - run_shell: workdir=/tmp/pytest-of-hmai/pytest-248/test_run_shell_concurrent_call0/work_2
2026-08-01 15:46:26,963 - pyiron_log - INFO - run_shell: workdir=/tmp/pytest-of-hmai/pytest-248/test_run_shell_concurrent_call0/work_3
2026-08-01 15:46:26,966 - pyiron_log - INFO - run_shell: workdir=/tmp/pytest-of-hmai/pytest-248/test_run_shell_concurrent_call0/work_0
2026-08-01 15:46:26,969 - pyiron_log - INFO - run_shell: workdir=/tmp/pytest-of-hmai/pytest-248/test_run_shell_concurrent_call0/work_1
2026-08-01 15:46:26,971 - pyiron_log - INFO - run_shell: workdir=/tmp/pytest-of-hmai/pytest-248/test_run_shell_concurrent_call0/work_2
2026-08-01 15:46:26,976 - pyiron_log - INFO - run_shell: workdir=/tmp/pytest-of-hmai/pytest-248/test_run_shell_concurrent_call0/work_3
2026-08-01 15:46:26,980 - pyiron_log - INFO - run_shell: workdir=/tmp/pytest-of-hmai/pytest-248/test_run_shell_concurrent_call0/work_0
2026-08-01 15:46:26,983 - pyiron_log - INFO - run_shell: workdir=/tmp/pytest-of-hmai/pytest-248/test_run_shell_concurrent_call0/work_1
2026-08-01 15:46:26,986 - pyiron_log - INFO - run_shell: workdir=/tmp/pytest-of-hmai/pytest-248/test_run_shell_concurrent_call0/work_2
2026-08-01 15:46:26,989 - pyiron_log - INFO - run_shell: workdir=/tmp/pytest-of-hmai/pytest-248/test_run_shell_concurrent_call0/work_3
2026-08-01 15:46:26,991 - pyiron_log - INFO - run_shell: workdir=/tmp/pytest-of-hmai/pytest-248/test_run_shell_concurrent_call0/work_0
2026-08-01 15:46:26,999 - pyiron_log - INFO - run_shell: workdir=/tmp/pytest-of-hmai/pytest-248/test_run_shell_concurrent_call0/work_1
2026-08-01 15:46:27,003 - pyiron_log - INFO - run_shell: workdir=/tmp/pytest-of-hmai/pytest-248/test_run_shell_concurrent_call0/work_2
2026-08-01 15:46:27,005 - pyiron_log - INFO - run_shell: workdir=/tmp/pytest-of-hmai/pytest-248/test_run_shell_concurrent_call0/work_3
2026-08-01 15:46:27,015 - pyiron_log - INFO - run_shell: workdir=/tmp/pytest-of-hmai/pytest-248/test_run_shell_concurrent_call0/work_0
2026-08-01 15:46:27,018 - pyiron_log - INFO - run_shell: workdir=/tmp/pytest-of-hmai/pytest-248/test_run_shell_concurrent_call0/work_1
2026-08-01 15:46:27,021 - pyiron_log - INFO - run_shell: workdir=/tmp/pytest-of-hmai/pytest-248/test_run_shell_concurrent_call0/work_2
2026-08-01 15:46:27,024 - pyiron_log - INFO - run_shell: workdir=/tmp/pytest-of-hmai/pytest-248/test_run_shell_concurrent_call0/work_3
2026-08-01 15:46:27,029 - pyiron_log - INFO - run_shell: workdir=/tmp/pytest-of-hmai/pytest-248/test_run_shell_concurrent_call0/work_0
2026-08-01 15:46:27,033 - pyiron_log - INFO - run_shell: workdir=/tmp/pytest-of-hmai/pytest-248/test_run_shell_concurrent_call0/work_1
2026-08-01 15:46:27,036 - pyiron_log - INFO - run_shell: workdir=/tmp/pytest-of-hmai/pytest-248/test_run_shell_concurrent_call0/work_2
2026-08-01 15:46:27,039 - pyiron_log - INFO - run_shell: workdir=/tmp/pytest-of-hmai/pytest-248/test_run_shell_concurrent_call0/work_3
2026-08-01 15:46:27,043 - pyiron_log - INFO - run_shell: workdir=/tmp/pytest-of-hmai/pytest-248/test_run_shell_concurrent_call0/work_0
2026-08-01 15:46:27,047 - pyiron_log - INFO - run_shell: workdir=/tmp/pytest-of-hmai/pytest-248/test_run_shell_concurrent_call0/work_1
2026-08-01 15:46:27,051 - pyiron_log - INFO - run_shell: workdir=/tmp/pytest-of-hmai/pytest-248/test_run_shell_concurrent_call0/work_2
2026-08-01 15:46:27,053 - pyiron_log - INFO - run_shell: workdir=/tmp/pytest-of-hmai/pytest-248/test_run_shell_concurrent_call0/work_3
2026-08-01 15:46:27,055 - pyiron_log - INFO - run_shell: workdir=/tmp/pytest-of-hmai/pytest-248/test_run_shell_concurrent_call0/work_0
2026-08-01 15:46:27,060 - pyiron_log - INFO - run_shell: workdir=/tmp/pytest-of-hmai/pytest-248/test_run_shell_concurrent_call0/work_1
2026-08-01 15:46:27,064 - pyiron_log - INFO - run_shell: workdir=/tmp/pytest-of-hmai/pytest-248/test_run_shell_concurrent_call0/work_2
2026-08-01 15:46:27,066 - pyiron_log - INFO - run_shell: workdir=/tmp/pytest-of-hmai/pytest-248/test_run_shell_concurrent_call0/work_3
2026-08-01 15:46:27,070 - pyiron_log - INFO - run_shell: workdir=/tmp/pytest-of-hmai/pytest-248/test_run_shell_concurrent_call0/work_0
2026-08-01 15:46:27,074 - pyiron_log - INFO - run_shell: workdir=/tmp/pytest-of-hmai/pytest-248/test_run_shell_concurrent_call0/work_1
2026-08-01 15:46:27,077 - pyiron_log - INFO - run_shell: workdir=/tmp/pytest-of-hmai/pytest-248/test_run_shell_concurrent_call0/work_2
2026-08-01 15:46:27,080 - pyiron_log - INFO - run_shell: workdir=/tmp/pytest-of-hmai/pytest-248/test_run_shell_concurrent_call0/work_3
2026-08-01 15:46:27,084 - pyiron_log - INFO - run_shell: workdir=/tmp/pytest-of-hmai/pytest-248/test_run_shell_concurrent_call0/work_0
2026-08-01 15:46:27,086 - pyiron_log - INFO - run_shell: workdir=/tmp/pytest-of-hmai/pytest-248/test_run_shell_concurrent_call0/work_1
2026-08-01 15:46:27,091 - pyiron_log - INFO - run_shell: workdir=/tmp/pytest-of-hmai/pytest-248/test_run_shell_concurrent_call0/work_2
2026-08-01 15:46:27,093 - pyiron_log - INFO - run_shell: workdir=/tmp/pytest-of-hmai/pytest-248/test_run_shell_concurrent_call0/work_3
2026-08-01 15:46:27,104 - pyiron_log - INFO - run_shell: workdir=/tmp/pytest-of-hmai/pytest-248/test_run_shell_concurrent_call0/work_0
2026-08-01 15:46:27,107 - pyiron_log - INFO - run_shell: workdir=/tmp/pytest-of-hmai/pytest-248/test_run_shell_concurrent_call0/work_1
2026-08-01 15:46:27,110 - pyiron_log - INFO - run_shell: workdir=/tmp/pytest-of-hmai/pytest-248/test_run_shell_concurrent_call0/work_2
2026-08-01 15:46:27,114 - pyiron_log - INFO - run_shell: workdir=/tmp/pytest-of-hmai/pytest-248/test_run_shell_concurrent_call0/work_3
2026-08-01 15:46:27,118 - pyiron_log - INFO - run_shell: workdir=/tmp/pytest-of-hmai/pytest-248/test_run_shell_concurrent_call0/work_0
2026-08-01 15:46:27,122 - pyiron_log - INFO - run_shell: workdir=/tmp/pytest-of-hmai/pytest-248/test_run_shell_concurrent_call0/work_1
2026-08-01 15:46:27,125 - pyiron_log - INFO - run_shell: workdir=/tmp/pytest-of-hmai/pytest-248/test_run_shell_concurrent_call0/work_2
2026-08-01 15:46:27,129 - pyiron_log - INFO - run_shell: workdir=/tmp/pytest-of-hmai/pytest-248/test_run_shell_concurrent_call0/work_3
2026-08-01 15:46:27,133 - pyiron_log - INFO - run_shell: workdir=/tmp/pytest-of-hmai/pytest-248/test_run_shell_concurrent_call0/work_0
2026-08-01 15:46:27,136 - pyiron_log - INFO - run_shell: workdir=/tmp/pytest-of-hmai/pytest-248/test_run_shell_concurrent_call0/work_1
2026-08-01 15:46:27,140 - pyiron_log - INFO - run_shell: workdir=/tmp/pytest-of-hmai/pytest-248/test_run_shell_concurrent_call0/work_2
2026-08-01 15:46:27,142 - pyiron_log - INFO - run_shell: workdir=/tmp/pytest-of-hmai/pytest-248/test_run_shell_concurrent_call0/work_3
2026-08-01 15:46:27,146 - pyiron_log - INFO - run_shell: workdir=/tmp/pytest-of-hmai/pytest-248/test_run_shell_concurrent_call0/work_0
2026-08-01 15:46:27,150 - pyiron_log - INFO - run_shell: workdir=/tmp/pytest-of-hmai/pytest-248/test_run_shell_concurrent_call0/work_1
2026-08-01 15:46:27,154 - pyiron_log - INFO - run_shell: workdir=/tmp/pytest-of-hmai/pytest-248/test_run_shell_concurrent_call0/work_2
2026-08-01 15:46:27,157 - pyiron_log - INFO - run_shell: workdir=/tmp/pytest-of-hmai/pytest-248/test_run_shell_concurrent_call0/work_3
2026-08-01 15:46:27,160 - pyiron_log - INFO - run_shell: workdir=/tmp/pytest-of-hmai/pytest-248/test_run_shell_concurrent_call0/work_0
2026-08-01 15:46:27,162 - pyiron_log - INFO - run_shell: workdir=/tmp/pytest-of-hmai/pytest-248/test_run_shell_concurrent_call0/work_1
2026-08-01 15:46:27,170 - pyiron_log - INFO - run_shell: workdir=/tmp/pytest-of-hmai/pytest-248/test_run_shell_concurrent_call0/work_2
2026-08-01 15:46:27,173 - pyiron_log - INFO - run_shell: workdir=/tmp/pytest-of-hmai/pytest-248/test_run_shell_concurrent_call0/work_3
2026-08-01 15:46:27,175 - pyiron_log - INFO - run_shell: workdir=/tmp/pytest-of-hmai/pytest-248/test_run_shell_concurrent_call0/work_0
2026-08-01 15:46:27,180 - pyiron_log - INFO - run_shell: workdir=/tmp/pytest-of-hmai/pytest-248/test_run_shell_concurrent_call0/work_1
2026-08-01 15:46:27,183 - pyiron_log - INFO - run_shell: workdir=/tmp/pytest-of-hmai/pytest-248/test_run_shell_concurrent_call0/work_2
2026-08-01 15:46:27,187 - pyiron_log - INFO - run_shell: workdir=/tmp/pytest-of-hmai/pytest-248/test_run_shell_concurrent_call0/work_3
2026-08-01 15:46:27,196 - pyiron_log - INFO - run_shell: workdir=/tmp/pytest-of-hmai/pytest-248/test_run_shell_concurrent_call0/work_0
2026-08-01 15:46:27,199 - pyiron_log - INFO - run_shell: workdir=/tmp/pytest-of-hmai/pytest-248/test_run_shell_concurrent_call0/work_1
2026-08-01 15:46:27,202 - pyiron_log - INFO - run_shell: workdir=/tmp/pytest-of-hmai/pytest-248/test_run_shell_concurrent_call0/work_2
2026-08-01 15:46:27,204 - pyiron_log - INFO - run_shell: workdir=/tmp/pytest-of-hmai/pytest-248/test_run_shell_concurrent_call0/work_3
2026-08-01 15:46:27,213 - pyiron_log - INFO - run_shell: workdir=/tmp/pytest-of-hmai/pytest-248/test_run_shell_concurrent_call0/work_0
2026-08-01 15:46:27,216 - pyiron_log - INFO - run_shell: workdir=/tmp/pytest-of-hmai/pytest-248/test_run_shell_concurrent_call0/work_1
2026-08-01 15:46:27,219 - pyiron_log - INFO - run_shell: workdir=/tmp/pytest-of-hmai/pytest-248/test_run_shell_concurrent_call0/work_2
2026-08-01 15:46:27,221 - pyiron_log - INFO - run_shell: workdir=/tmp/pytest-of-hmai/pytest-248/test_run_shell_concurrent_call0/work_3
2026-08-01 15:46:27,226 - pyiron_log - INFO - run_shell: workdir=/tmp/pytest-of-hmai/pytest-248/test_run_shell_concurrent_call0/work_0
2026-08-01 15:46:27,230 - pyiron_log - INFO - run_shell: workdir=/tmp/pytest-of-hmai/pytest-248/test_run_shell_concurrent_call0/work_1
2026-08-01 15:46:27,233 - pyiron_log - INFO - run_shell: workdir=/tmp/pytest-of-hmai/pytest-248/test_run_shell_concurrent_call0/work_2
2026-08-01 15:46:27,236 - pyiron_log - INFO - run_shell: workdir=/tmp/pytest-of-hmai/pytest-248/test_run_shell_concurrent_call0/work_3
2026-08-01 15:46:27,239 - pyiron_log - INFO - run_shell: workdir=/tmp/pytest-of-hmai/pytest-248/test_run_shell_concurrent_call0/work_0
2026-08-01 15:46:27,243 - pyiron_log - INFO - run_shell: workdir=/tmp/pytest-of-hmai/pytest-248/test_run_shell_concurrent_call0/work_1
2026-08-01 15:46:27,246 - pyiron_log - INFO - run_shell: workdir=/tmp/pytest-of-hmai/pytest-248/test_run_shell_concurrent_call0/work_2
2026-08-01 15:46:27,249 - pyiron_log - INFO - run_shell: workdir=/tmp/pytest-of-hmai/pytest-248/test_run_shell_concurrent_call0/work_3
2026-08-01 15:46:27,253 - pyiron_log - INFO - run_shell: workdir=/tmp/pytest-of-hmai/pytest-248/test_run_shell_concurrent_call0/work_0
2026-08-01 15:46:27,256 - pyiron_log - INFO - run_shell: workdir=/tmp/pytest-of-hmai/pytest-248/test_run_shell_concurrent_call0/work_1
2026-08-01 15:46:27,259 - pyiron_log - INFO - run_shell: workdir=/tmp/pytest-of-hmai/pytest-248/test_run_shell_concurrent_call0/work_2
2026-08-01 15:46:27,262 - pyiron_log - INFO - run_shell: workdir=/tmp/pytest-of-hmai/pytest-248/test_run_shell_concurrent_call0/work_3
2026-08-01 15:46:27,268 - pyiron_log - INFO - run_shell: workdir=/tmp/pytest-of-hmai/pytest-248/test_run_shell_concurrent_call0/work_0
2026-08-01 15:46:27,270 - pyiron_log - INFO - run_shell: workdir=/tmp/pytest-of-hmai/pytest-248/test_run_shell_concurrent_call0/work_1
2026-08-01 15:46:27,274 - pyiron_log - INFO - run_shell: workdir=/tmp/pytest-of-hmai/pytest-248/test_run_shell_concurrent_call0/work_2
2026-08-01 15:46:27,277 - pyiron_log - INFO - run_shell: workdir=/tmp/pytest-of-hmai/pytest-248/test_run_shell_concurrent_call0/work_3
2026-08-01 15:46:27,287 - pyiron_log - INFO - run_shell: workdir=/tmp/pytest-of-hmai/pytest-248/test_run_shell_concurrent_call0/work_0
2026-08-01 15:46:27,290 - pyiron_log - INFO - run_shell: workdir=/tmp/pytest-of-hmai/pytest-248/test_run_shell_concurrent_call0/work_1
2026-08-01 15:46:27,292 - pyiron_log - INFO - run_shell: workdir=/tmp/pytest-of-hmai/pytest-248/test_run_shell_concurrent_call0/work_2
2026-08-01 15:46:27,295 - pyiron_log - INFO - run_shell: workdir=/tmp/pytest-of-hmai/pytest-248/test_run_shell_concurrent_call0/work_3
2026-08-01 15:46:27,301 - pyiron_log - INFO - run_shell: workdir=/tmp/pytest-of-hmai/pytest-248/test_run_shell_concurrent_call0/work_0
2026-08-01 15:46:27,304 - pyiron_log - INFO - run_shell: workdir=/tmp/pytest-of-hmai/pytest-248/test_run_shell_concurrent_call0/work_1
2026-08-01 15:46:27,307 - pyiron_log - INFO - run_shell: workdir=/tmp/pytest-of-hmai/pytest-248/test_run_shell_concurrent_call0/work_2
2026-08-01 15:46:27,311 - pyiron_log - INFO - run_shell: workdir=/tmp/pytest-of-hmai/pytest-248/test_run_shell_concurrent_call0/work_3
2026-08-01 15:46:27,314 - pyiron_log - INFO - run_shell: workdir=/tmp/pytest-of-hmai/pytest-248/test_run_shell_concurrent_call0/work_0
2026-08-01 15:46:27,317 - pyiron_log - INFO - run_shell: workdir=/tmp/pytest-of-hmai/pytest-248/test_run_shell_concurrent_call0/work_1
2026-08-01 15:46:27,321 - pyiron_log - INFO - run_shell: workdir=/tmp/pytest-of-hmai/pytest-248/test_run_shell_concurrent_call0/work_2
2026-08-01 15:46:27,325 - pyiron_log - INFO - run_shell: workdir=/tmp/pytest-of-hmai/pytest-248/test_run_shell_concurrent_call0/work_3
2026-08-01 15:46:27,328 - pyiron_log - INFO - run_shell: workdir=/tmp/pytest-of-hmai/pytest-248/test_run_shell_concurrent_call0/work_0
2026-08-01 15:46:27,331 - pyiron_log - INFO - run_shell: workdir=/tmp/pytest-of-hmai/pytest-248/test_run_shell_concurrent_call0/work_1
2026-08-01 15:46:27,335 - pyiron_log - INFO - run_shell: workdir=/tmp/pytest-of-hmai/pytest-248/test_run_shell_concurrent_call0/work_2
2026-08-01 15:46:27,339 - pyiron_log - INFO - run_shell: workdir=/tmp/pytest-of-hmai/pytest-248/test_run_shell_concurrent_call0/work_3
2026-08-01 15:46:27,342 - pyiron_log - INFO - run_shell: workdir=/tmp/pytest-of-hmai/pytest-248/test_run_shell_concurrent_call0/work_0
2026-08-01 15:46:27,346 - pyiron_log - INFO - run_shell: workdir=/tmp/pytest-of-hmai/pytest-248/test_run_shell_concurrent_call0/work_1
2026-08-01 15:46:27,348 - pyiron_log - INFO - run_shell: workdir=/tmp/pytest-of-hmai/pytest-248/test_run_shell_concurrent_call0/work_2
2026-08-01 15:46:27,351 - pyiron_log - INFO - run_shell: workdir=/tmp/pytest-of-hmai/pytest-248/test_run_shell_concurrent_call0/work_3
2026-08-01 15:46:27,355 - pyiron_log - INFO - run_shell: workdir=/tmp/pytest-of-hmai/pytest-248/test_run_shell_concurrent_call0/work_0
2026-08-01 15:46:27,360 - pyiron_log - INFO - run_shell: workdir=/tmp/pytest-of-hmai/pytest-248/test_run_shell_concurrent_call0/work_1
2026-08-01 15:46:27,363 - pyiron_log - INFO - run_shell: workdir=/tmp/pytest-of-hmai/pytest-248/test_run_shell_concurrent_call0/work_2
2026-08-01 15:46:27,367 - pyiron_log - INFO - run_shell: workdir=/tmp/pytest-of-hmai/pytest-248/test_run_shell_concurrent_call0/work_3
2026-08-01 15:47:48,346 - pyiron_log - INFO - made directory '/tmp/tmp7xatuts1/calc'
2026-08-01 15:47:48,401 - pyiron_log - INFO - run_shell: workdir=/tmp/tmp7xatuts1/calc
2026-08-01 15:47:48,406 - pyiron_log - INFO - Deleted: /tmp/tmp7xatuts1/calc/CHGCAR
2026-08-01 15:47:48,407 - pyiron_log - INFO - Deleted: /tmp/tmp7xatuts1/calc/CHG
2026-08-01 15:47:48,407 - pyiron_log - INFO - Deleted: /tmp/tmp7xatuts1/calc/WAVECAR
2026-08-01 15:47:48,415 - pyiron_log - INFO - made directory '/tmp/tmpr4v3ebli/calc'
2026-08-01 15:47:48,417 - pyiron_log - INFO - run_shell: workdir=/tmp/tmpr4v3ebli/calc
2026-08-01 15:47:48,423 - pyiron_log - INFO - Deleted: /tmp/tmpr4v3ebli/calc/CHGCAR
2026-08-01 15:47:48,423 - pyiron_log - INFO - Deleted: /tmp/tmpr4v3ebli/calc/CHG
2026-08-01 15:47:48,423 - pyiron_log - INFO - Deleted: /tmp/tmpr4v3ebli/calc/WAVECAR
2026-08-01 15:47:48,430 - pyiron_log - INFO - made directory '/tmp/tmp7g8wd1mf/calc'
2026-08-01 15:47:48,432 - pyiron_log - INFO - run_shell: workdir=/tmp/tmp7g8wd1mf/calc
2026-08-01 15:48:42,764 - pyiron_log - INFO - Deleted: /tmp/pytest-of-hmai/pytest-251/test_delete_files_recursively_0/vaspcalc/CHGCAR
2026-08-01 15:48:42,765 - pyiron_log - INFO - Deleted: /tmp/pytest-of-hmai/pytest-251/test_delete_files_recursively_0/vaspcalc/WAVECAR
2026-08-01 15:48:42,771 - pyiron_log - INFO - Error: /tmp/pytest-of-hmai/pytest-251/test_delete_files_recursively_1/nope is not a valid directory.
2026-08-01 15:48:42,780 - pyiron_log - INFO - compress_directory: compressed directory at /tmp/pytest-of-hmai/pytest-251/test_compress_directory_create0/vaspcalc
2026-08-01 15:48:42,784 - pyiron_log - INFO - compress_directory: compressed directory at /tmp/pytest-of-hmai/pytest-251/test_compress_directory_member0/vaspcalc
2026-08-01 15:48:42,788 - pyiron_log - INFO - compress_directory: compressed directory at /tmp/pytest-of-hmai/pytest-251/test_compress_directory_exclud0/vaspcalc
2026-08-01 15:48:42,798 - pyiron_log - INFO - run_shell: workdir=/tmp/pytest-of-hmai/pytest-251/test_run_shell_executes_in_wor0/calc
2026-08-01 15:48:42,805 - pyiron_log - INFO - run_shell: workdir=/tmp/pytest-of-hmai/pytest-251/test_run_shell_does_not_mutate0/calc
2026-08-01 15:48:42,812 - pyiron_log - INFO - run_shell: workdir=/tmp/pytest-of-hmai/pytest-251/test_run_shell_captures_failur0/calc
2026-08-01 15:48:42,823 - pyiron_log - INFO - run_shell: workdir=/tmp/pytest-of-hmai/pytest-251/test_run_shell_preserves_argum0/calc
2026-08-01 15:48:42,835 - pyiron_log - INFO - run_shell: workdir=/tmp/pytest-of-hmai/pytest-251/test_run_shell_concurrent_call0/work_0
2026-08-01 15:48:42,838 - pyiron_log - INFO - run_shell: workdir=/tmp/pytest-of-hmai/pytest-251/test_run_shell_concurrent_call0/work_1
2026-08-01 15:48:42,840 - pyiron_log - INFO - run_shell: workdir=/tmp/pytest-of-hmai/pytest-251/test_run_shell_concurrent_call0/work_2
2026-08-01 15:48:42,843 - pyiron_log - INFO - run_shell: workdir=/tmp/pytest-of-hmai/pytest-251/test_run_shell_concurrent_call0/work_3
2026-08-01 15:48:42,849 - pyiron_log - INFO - run_shell: workdir=/tmp/pytest-of-hmai/pytest-251/test_run_shell_concurrent_call0/work_0
2026-08-01 15:48:42,852 - pyiron_log - INFO - run_shell: workdir=/tmp/pytest-of-hmai/pytest-251/test_run_shell_concurrent_call0/work_1
2026-08-01 15:48:42,855 - pyiron_log - INFO - run_shell: workdir=/tmp/pytest-of-hmai/pytest-251/test_run_shell_concurrent_call0/work_2
2026-08-01 15:48:42,858 - pyiron_log - INFO - run_shell: workdir=/tmp/pytest-of-hmai/pytest-251/test_run_shell_concurrent_call0/work_3
2026-08-01 15:48:42,861 - pyiron_log - INFO - run_shell: workdir=/tmp/pytest-of-hmai/pytest-251/test_run_shell_concurrent_call0/work_0
2026-08-01 15:48:42,865 - pyiron_log - INFO - run_shell: workdir=/tmp/pytest-of-hmai/pytest-251/test_run_shell_concurrent_call0/work_1
2026-08-01 15:48:42,869 - pyiron_log - INFO - run_shell: workdir=/tmp/pytest-of-hmai/pytest-251/test_run_shell_concurrent_call0/work_2
2026-08-01 15:48:42,871 - pyiron_log - INFO - run_shell: workdir=/tmp/pytest-of-hmai/pytest-251/test_run_shell_concurrent_call0/work_3
2026-08-01 15:48:42,873 - pyiron_log - INFO - run_shell: workdir=/tmp/pytest-of-hmai/pytest-251/test_run_shell_concurrent_call0/work_0
2026-08-01 15:48:42,876 - pyiron_log - INFO - run_shell: workdir=/tmp/pytest-of-hmai/pytest-251/test_run_shell_concurrent_call0/work_1
2026-08-01 15:48:42,878 - pyiron_log - INFO - run_shell: workdir=/tmp/pytest-of-hmai/pytest-251/test_run_shell_concurrent_call0/work_2
2026-08-01 15:48:42,881 - pyiron_log - INFO - run_shell: workdir=/tmp/pytest-of-hmai/pytest-251/test_run_shell_concurrent_call0/work_3
2026-08-01 15:48:42,884 - pyiron_log - INFO - run_shell: workdir=/tmp/pytest-of-hmai/pytest-251/test_run_shell_concurrent_call0/work_0
2026-08-01 15:48:42,888 - pyiron_log - INFO - run_shell: workdir=/tmp/pytest-of-hmai/pytest-251/test_run_shell_concurrent_call0/work_1
2026-08-01 15:48:42,890 - pyiron_log - INFO - run_shell: workdir=/tmp/pytest-of-hmai/pytest-251/test_run_shell_concurrent_call0/work_2
2026-08-01 15:48:42,892 - pyiron_log - INFO - run_shell: workdir=/tmp/pytest-of-hmai/pytest-251/test_run_shell_concurrent_call0/work_3
2026-08-01 15:48:42,894 - pyiron_log - INFO - run_shell: workdir=/tmp/pytest-of-hmai/pytest-251/test_run_shell_concurrent_call0/work_0
2026-08-01 15:48:42,895 - pyiron_log - INFO - run_shell: workdir=/tmp/pytest-of-hmai/pytest-251/test_run_shell_concurrent_call0/work_1
2026-08-01 15:48:42,898 - pyiron_log - INFO - run_shell: workdir=/tmp/pytest-of-hmai/pytest-251/test_run_shell_concurrent_call0/work_2
2026-08-01 15:48:42,901 - pyiron_log - INFO - run_shell: workdir=/tmp/pytest-of-hmai/pytest-251/test_run_shell_concurrent_call0/work_3
2026-08-01 15:48:42,906 - pyiron_log - INFO - run_shell: workdir=/tmp/pytest-of-hmai/pytest-251/test_run_shell_concurrent_call0/work_0
2026-08-01 15:48:42,908 - pyiron_log - INFO - run_shell: workdir=/tmp/pytest-of-hmai/pytest-251/test_run_shell_concurrent_call0/work_1
2026-08-01 15:48:42,910 - pyiron_log - INFO - run_shell: workdir=/tmp/pytest-of-hmai/pytest-251/test_run_shell_concurrent_call0/work_2
2026-08-01 15:48:42,911 - pyiron_log - INFO - run_shell: workdir=/tmp/pytest-of-hmai/pytest-251/test_run_shell_concurrent_call0/work_3
2026-08-01 15:48:42,914 - pyiron_log - INFO - run_shell: workdir=/tmp/pytest-of-hmai/pytest-251/test_run_shell_concurrent_call0/work_0
2026-08-01 15:48:42,917 - pyiron_log - INFO - run_shell: workdir=/tmp/pytest-of-hmai/pytest-251/test_run_shell_concurrent_call0/work_1
2026-08-01 15:48:42,919 - pyiron_log - INFO - run_shell: workdir=/tmp/pytest-of-hmai/pytest-251/test_run_shell_concurrent_call0/work_2
2026-08-01 15:48:42,921 - pyiron_log - INFO - run_shell: workdir=/tmp/pytest-of-hmai/pytest-251/test_run_shell_concurrent_call0/work_3
2026-08-01 15:48:42,923 - pyiron_log - INFO - run_shell: workdir=/tmp/pytest-of-hmai/pytest-251/test_run_shell_concurrent_call0/work_0
2026-08-01 15:48:42,927 - pyiron_log - INFO - run_shell: workdir=/tmp/pytest-of-hmai/pytest-251/test_run_shell_concurrent_call0/work_1
2026-08-01 15:48:42,928 - pyiron_log - INFO - run_shell: workdir=/tmp/pytest-of-hmai/pytest-251/test_run_shell_concurrent_call0/work_2
2026-08-01 15:48:42,931 - pyiron_log - INFO - run_shell: workdir=/tmp/pytest-of-hmai/pytest-251/test_run_shell_concurrent_call0/work_3
2026-08-01 15:48:42,933 - pyiron_log - INFO - run_shell: workdir=/tmp/pytest-of-hmai/pytest-251/test_run_shell_concurrent_call0/work_0
2026-08-01 15:48:42,937 - pyiron_log - INFO - run_shell: workdir=/tmp/pytest-of-hmai/pytest-251/test_run_shell_concurrent_call0/work_1
2026-08-01 15:48:42,941 - pyiron_log - INFO - run_shell: workdir=/tmp/pytest-of-hmai/pytest-251/test_run_shell_concurrent_call0/work_2
2026-08-01 15:48:42,944 - pyiron_log - INFO - run_shell: workdir=/tmp/pytest-of-hmai/pytest-251/test_run_shell_concurrent_call0/work_3
2026-08-01 15:48:42,946 - pyiron_log - INFO - run_shell: workdir=/tmp/pytest-of-hmai/pytest-251/test_run_shell_concurrent_call0/work_0
2026-08-01 15:48:42,950 - pyiron_log - INFO - run_shell: workdir=/tmp/pytest-of-hmai/pytest-251/test_run_shell_concurrent_call0/work_1
2026-08-01 15:48:42,953 - pyiron_log - INFO - run_shell: workdir=/tmp/pytest-of-hmai/pytest-251/test_run_shell_concurrent_call0/work_2
2026-08-01 15:48:42,957 - pyiron_log - INFO - run_shell: workdir=/tmp/pytest-of-hmai/pytest-251/test_run_shell_concurrent_call0/work_3
2026-08-01 15:48:42,961 - pyiron_log - INFO - run_shell: workdir=/tmp/pytest-of-hmai/pytest-251/test_run_shell_concurrent_call0/work_0
2026-08-01 15:48:42,964 - pyiron_log - INFO - run_shell: workdir=/tmp/pytest-of-hmai/pytest-251/test_run_shell_concurrent_call0/work_1
2026-08-01 15:48:42,967 - pyiron_log - INFO - run_shell: workdir=/tmp/pytest-of-hmai/pytest-251/test_run_shell_concurrent_call0/work_2
2026-08-01 15:48:42,970 - pyiron_log - INFO - run_shell: workdir=/tmp/pytest-of-hmai/pytest-251/test_run_shell_concurrent_call0/work_3
2026-08-01 15:48:42,980 - pyiron_log - INFO - run_shell: workdir=/tmp/pytest-of-hmai/pytest-251/test_run_shell_concurrent_call0/work_0
2026-08-01 15:48:42,983 - pyiron_log - INFO - run_shell: workdir=/tmp/pytest-of-hmai/pytest-251/test_run_shell_concurrent_call0/work_1
2026-08-01 15:48:42,986 - pyiron_log - INFO - run_shell: workdir=/tmp/pytest-of-hmai/pytest-251/test_run_shell_concurrent_call0/work_2
2026-08-01 15:48:42,988 - pyiron_log - INFO - run_shell: workdir=/tmp/pytest-of-hmai/pytest-251/test_run_shell_concurrent_call0/work_3
2026-08-01 15:48:42,997 - pyiron_log - INFO - run_shell: workdir=/tmp/pytest-of-hmai/pytest-251/test_run_shell_concurrent_call0/work_0
2026-08-01 15:48:43,000 - pyiron_log - INFO - run_shell: workdir=/tmp/pytest-of-hmai/pytest-251/test_run_shell_concurrent_call0/work_1
2026-08-01 15:48:43,002 - pyiron_log - INFO - run_shell: workdir=/tmp/pytest-of-hmai/pytest-251/test_run_shell_concurrent_call0/work_2
2026-08-01 15:48:43,005 - pyiron_log - INFO - run_shell: workdir=/tmp/pytest-of-hmai/pytest-251/test_run_shell_concurrent_call0/work_3
2026-08-01 15:48:43,012 - pyiron_log - INFO - run_shell: workdir=/tmp/pytest-of-hmai/pytest-251/test_run_shell_concurrent_call0/work_0
2026-08-01 15:48:43,015 - pyiron_log - INFO - run_shell: workdir=/tmp/pytest-of-hmai/pytest-251/test_run_shell_concurrent_call0/work_1
2026-08-01 15:48:43,018 - pyiron_log - INFO - run_shell: workdir=/tmp/pytest-of-hmai/pytest-251/test_run_shell_concurrent_call0/work_2
2026-08-01 15:48:43,020 - pyiron_log - INFO - run_shell: workdir=/tmp/pytest-of-hmai/pytest-251/test_run_shell_concurrent_call0/work_3
2026-08-01 15:48:43,028 - pyiron_log - INFO - run_shell: workdir=/tmp/pytest-of-hmai/pytest-251/test_run_shell_concurrent_call0/work_0
2026-08-01 15:48:43,033 - pyiron_log - INFO - run_shell: workdir=/tmp/pytest-of-hmai/pytest-251/test_run_shell_concurrent_call0/work_1
2026-08-01 15:48:43,036 - pyiron_log - INFO - run_shell: workdir=/tmp/pytest-of-hmai/pytest-251/test_run_shell_concurrent_call0/work_2
2026-08-01 15:48:43,038 - pyiron_log - INFO - run_shell: workdir=/tmp/pytest-of-hmai/pytest-251/test_run_shell_concurrent_call0/work_3
2026-08-01 15:48:43,046 - pyiron_log - INFO - run_shell: workdir=/tmp/pytest-of-hmai/pytest-251/test_run_shell_concurrent_call0/work_0
2026-08-01 15:48:43,049 - pyiron_log - INFO - run_shell: workdir=/tmp/pytest-of-hmai/pytest-251/test_run_shell_concurrent_call0/work_1
2026-08-01 15:48:43,051 - pyiron_log - INFO - run_shell: workdir=/tmp/pytest-of-hmai/pytest-251/test_run_shell_concurrent_call0/work_2
2026-08-01 15:48:43,053 - pyiron_log - INFO - run_shell: workdir=/tmp/pytest-of-hmai/pytest-251/test_run_shell_concurrent_call0/work_3
2026-08-01 15:48:43,061 - pyiron_log - INFO - run_shell: workdir=/tmp/pytest-of-hmai/pytest-251/test_run_shell_concurrent_call0/work_0
2026-08-01 15:48:43,064 - pyiron_log - INFO - run_shell: workdir=/tmp/pytest-of-hmai/pytest-251/test_run_shell_concurrent_call0/work_1
2026-08-01 15:48:43,066 - pyiron_log - INFO - run_shell: workdir=/tmp/pytest-of-hmai/pytest-251/test_run_shell_concurrent_call0/work_2
2026-08-01 15:48:43,069 - pyiron_log - INFO - run_shell: workdir=/tmp/pytest-of-hmai/pytest-251/test_run_shell_concurrent_call0/work_3
2026-08-01 15:48:43,079 - pyiron_log - INFO - run_shell: workdir=/tmp/pytest-of-hmai/pytest-251/test_run_shell_concurrent_call0/work_0
2026-08-01 15:48:43,082 - pyiron_log - INFO - run_shell: workdir=/tmp/pytest-of-hmai/pytest-251/test_run_shell_concurrent_call0/work_1
2026-08-01 15:48:43,085 - pyiron_log - INFO - run_shell: workdir=/tmp/pytest-of-hmai/pytest-251/test_run_shell_concurrent_call0/work_2
2026-08-01 15:48:43,088 - pyiron_log - INFO - run_shell: workdir=/tmp/pytest-of-hmai/pytest-251/test_run_shell_concurrent_call0/work_3
2026-08-01 15:48:43,092 - pyiron_log - INFO - run_shell: workdir=/tmp/pytest-of-hmai/pytest-251/test_run_shell_concurrent_call0/work_0
2026-08-01 15:48:43,097 - pyiron_log - INFO - run_shell: workdir=/tmp/pytest-of-hmai/pytest-251/test_run_shell_concurrent_call0/work_1
2026-08-01 15:48:43,100 - pyiron_log - INFO - run_shell: workdir=/tmp/pytest-of-hmai/pytest-251/test_run_shell_concurrent_call0/work_2
2026-08-01 15:48:43,103 - pyiron_log - INFO - run_shell: workdir=/tmp/pytest-of-hmai/pytest-251/test_run_shell_concurrent_call0/work_3
2026-08-01 15:48:43,105 - pyiron_log - INFO - run_shell: workdir=/tmp/pytest-of-hmai/pytest-251/test_run_shell_concurrent_call0/work_0
2026-08-01 15:48:43,108 - pyiron_log - INFO - run_shell: workdir=/tmp/pytest-of-hmai/pytest-251/test_run_shell_concurrent_call0/work_1
2026-08-01 15:48:43,117 - pyiron_log - INFO - run_shell: workdir=/tmp/pytest-of-hmai/pytest-251/test_run_shell_concurrent_call0/work_2
2026-08-01 15:48:43,120 - pyiron_log - INFO - run_shell: workdir=/tmp/pytest-of-hmai/pytest-251/test_run_shell_concurrent_call0/work_3
2026-08-01 15:48:43,123 - pyiron_log - INFO - run_shell: workdir=/tmp/pytest-of-hmai/pytest-251/test_run_shell_concurrent_call0/work_0
2026-08-01 15:48:43,126 - pyiron_log - INFO - run_shell: workdir=/tmp/pytest-of-hmai/pytest-251/test_run_shell_concurrent_call0/work_1
2026-08-01 15:48:43,129 - pyiron_log - INFO - run_shell: workdir=/tmp/pytest-of-hmai/pytest-251/test_run_shell_concurrent_call0/work_2
2026-08-01 15:48:43,134 - pyiron_log - INFO - run_shell: workdir=/tmp/pytest-of-hmai/pytest-251/test_run_shell_concurrent_call0/work_3
2026-08-01 15:48:43,137 - pyiron_log - INFO - run_shell: workdir=/tmp/pytest-of-hmai/pytest-251/test_run_shell_concurrent_call0/work_0
2026-08-01 15:48:43,140 - pyiron_log - INFO - run_shell: workdir=/tmp/pytest-of-hmai/pytest-251/test_run_shell_concurrent_call0/work_1
2026-08-01 15:48:43,143 - pyiron_log - INFO - run_shell: workdir=/tmp/pytest-of-hmai/pytest-251/test_run_shell_concurrent_call0/work_2
2026-08-01 15:48:43,146 - pyiron_log - INFO - run_shell: workdir=/tmp/pytest-of-hmai/pytest-251/test_run_shell_concurrent_call0/work_3
2026-08-01 15:48:43,150 - pyiron_log - INFO - run_shell: workdir=/tmp/pytest-of-hmai/pytest-251/test_run_shell_concurrent_call0/work_0
2026-08-01 15:48:43,154 - pyiron_log - INFO - run_shell: workdir=/tmp/pytest-of-hmai/pytest-251/test_run_shell_concurrent_call0/work_1
2026-08-01 15:48:43,157 - pyiron_log - INFO - run_shell: workdir=/tmp/pytest-of-hmai/pytest-251/test_run_shell_concurrent_call0/work_2
2026-08-01 15:48:43,159 - pyiron_log - INFO - run_shell: workdir=/tmp/pytest-of-hmai/pytest-251/test_run_shell_concurrent_call0/work_3
2026-08-01 15:48:43,170 - pyiron_log - INFO - run_shell: workdir=/tmp/pytest-of-hmai/pytest-251/test_run_shell_concurrent_call0/work_0
2026-08-01 15:48:43,172 - pyiron_log - INFO - run_shell: workdir=/tmp/pytest-of-hmai/pytest-251/test_run_shell_concurrent_call0/work_1
2026-08-01 15:48:43,175 - pyiron_log - INFO - run_shell: workdir=/tmp/pytest-of-hmai/pytest-251/test_run_shell_concurrent_call0/work_2
2026-08-01 15:48:43,178 - pyiron_log - INFO - run_shell: workdir=/tmp/pytest-of-hmai/pytest-251/test_run_shell_concurrent_call0/work_3
2026-08-01 15:48:43,182 - pyiron_log - INFO - run_shell: workdir=/tmp/pytest-of-hmai/pytest-251/test_run_shell_concurrent_call0/work_0
2026-08-01 15:48:43,186 - pyiron_log - INFO - run_shell: workdir=/tmp/pytest-of-hmai/pytest-251/test_run_shell_concurrent_call0/work_1
2026-08-01 15:48:43,190 - pyiron_log - INFO - run_shell: workdir=/tmp/pytest-of-hmai/pytest-251/test_run_shell_concurrent_call0/work_2
2026-08-01 15:48:43,193 - pyiron_log - INFO - run_shell: workdir=/tmp/pytest-of-hmai/pytest-251/test_run_shell_concurrent_call0/work_3
2026-08-01 15:48:43,196 - pyiron_log - INFO - run_shell: workdir=/tmp/pytest-of-hmai/pytest-251/test_run_shell_concurrent_call0/work_0
2026-08-01 15:48:43,200 - pyiron_log - INFO - run_shell: workdir=/tmp/pytest-of-hmai/pytest-251/test_run_shell_concurrent_call0/work_1
2026-08-01 15:48:43,202 - pyiron_log - INFO - run_shell: workdir=/tmp/pytest-of-hmai/pytest-251/test_run_shell_concurrent_call0/work_2
2026-08-01 15:48:43,207 - pyiron_log - INFO - run_shell: workdir=/tmp/pytest-of-hmai/pytest-251/test_run_shell_concurrent_call0/work_3
2026-08-01 15:48:43,208 - pyiron_log - INFO - run_shell: workdir=/tmp/pytest-of-hmai/pytest-251/test_run_shell_concurrent_call0/work_0
2026-08-01 15:48:43,212 - pyiron_log - INFO - run_shell: workdir=/tmp/pytest-of-hmai/pytest-251/test_run_shell_concurrent_call0/work_1
2026-08-01 15:48:43,215 - pyiron_log - INFO - run_shell: workdir=/tmp/pytest-of-hmai/pytest-251/test_run_shell_concurrent_call0/work_2
2026-08-01 15:48:43,219 - pyiron_log - INFO - run_shell: workdir=/tmp/pytest-of-hmai/pytest-251/test_run_shell_concurrent_call0/work_3
2026-08-01 15:48:43,223 - pyiron_log - INFO - run_shell: workdir=/tmp/pytest-of-hmai/pytest-251/test_run_shell_concurrent_call0/work_0
2026-08-01 15:48:43,226 - pyiron_log - INFO - run_shell: workdir=/tmp/pytest-of-hmai/pytest-251/test_run_shell_concurrent_call0/work_1
2026-08-01 15:48:43,229 - pyiron_log - INFO - run_shell: workdir=/tmp/pytest-of-hmai/pytest-251/test_run_shell_concurrent_call0/work_2
2026-08-01 15:48:43,232 - pyiron_log - INFO - run_shell: workdir=/tmp/pytest-of-hmai/pytest-251/test_run_shell_concurrent_call0/work_3
2026-08-01 15:48:43,236 - pyiron_log - INFO - run_shell: workdir=/tmp/pytest-of-hmai/pytest-251/test_run_shell_concurrent_call0/work_0
2026-08-01 15:48:43,239 - pyiron_log - INFO - run_shell: workdir=/tmp/pytest-of-hmai/pytest-251/test_run_shell_concurrent_call0/work_1
2026-08-01 15:48:43,243 - pyiron_log - INFO - run_shell: workdir=/tmp/pytest-of-hmai/pytest-251/test_run_shell_concurrent_call0/work_2
2026-08-01 15:48:43,245 - pyiron_log - INFO - run_shell: workdir=/tmp/pytest-of-hmai/pytest-251/test_run_shell_concurrent_call0/work_3
2026-08-01 15:48:43,538 - pyiron_log - INFO - File '/tmp/pytest-of-hmai/pytest-251/test_is_line_in_file_missing_f0/no_such_file' not found.
2026-08-01 15:48:43,539 - pyiron_log - INFO - run_shell: workdir=/tmp/pytest-of-hmai/pytest-251/test_run_shell_propagates_subp0
2026-08-01 15:48:43,546 - pyiron_log - INFO - made directory '/tmp/pytest-of-hmai/pytest-251/test_vasp_job_runs_end_to_end0/calc'
2026-08-01 15:48:43,563 - pyiron_log - INFO - run_shell: workdir=/tmp/pytest-of-hmai/pytest-251/test_vasp_job_runs_end_to_end0/calc
2026-08-01 15:48:43,572 - pyiron_log - INFO - Deleted: /tmp/pytest-of-hmai/pytest-251/test_vasp_job_runs_end_to_end0/calc/CHGCAR
2026-08-01 15:48:43,587 - pyiron_log - INFO - made directory '/tmp/pytest-of-hmai/pytest-251/test_vasp_job_removes_calc_dir0/calc2'
2026-08-01 15:48:43,591 - pyiron_log - INFO - run_shell: workdir=/tmp/pytest-of-hmai/pytest-251/test_vasp_job_removes_calc_dir0/calc2
2026-08-01 15:48:43,624 - pyiron_log - INFO - made directory '/tmp/pytest-of-hmai/pytest-251/test_vasp_job_runs_without_fil0/calc3'
2026-08-01 15:48:43,628 - pyiron_log - INFO - run_shell: workdir=/tmp/pytest-of-hmai/pytest-251/test_vasp_job_runs_without_fil0/calc3
2026-08-01 15:48:43,637 - pyiron_log - INFO - Deleted: /tmp/pytest-of-hmai/pytest-251/test_vasp_job_runs_without_fil0/calc3/CHGCAR
2026-08-01 15:48:43,638 - pyiron_log - INFO - Deleted: /tmp/pytest-of-hmai/pytest-251/test_vasp_job_runs_without_fil0/calc3/CHG
2026-08-01 15:48:43,638 - pyiron_log - INFO - Deleted: /tmp/pytest-of-hmai/pytest-251/test_vasp_job_runs_without_fil0/calc3/WAVECAR
2026-08-01 15:48:43,649 - pyiron_log - INFO - made directory '/tmp/pytest-of-hmai/pytest-251/test_vasp_job_explicit_empty_l0/calc4'
2026-08-01 15:48:43,652 - pyiron_log - INFO - run_shell: workdir=/tmp/pytest-of-hmai/pytest-251/test_vasp_job_explicit_empty_l0/calc4
2026-08-01 15:48:43,666 - pyiron_log - INFO - made directory '/tmp/pytest-of-hmai/pytest-251/test_create_working_directory_0/fresh'
2026-08-01 15:48:50,333 - pyiron_log - INFO - Deleted: /tmp/pytest-of-hmai/pytest-252/test_delete_files_recursively_0/vaspcalc/CHGCAR
2026-08-01 15:48:50,333 - pyiron_log - INFO - Deleted: /tmp/pytest-of-hmai/pytest-252/test_delete_files_recursively_0/vaspcalc/WAVECAR
2026-08-01 15:48:50,335 - pyiron_log - INFO - Error: /tmp/pytest-of-hmai/pytest-252/test_delete_files_recursively_1/nope is not a valid directory.
2026-08-01 15:48:50,340 - pyiron_log - INFO - compress_directory: compressed directory at /tmp/pytest-of-hmai/pytest-252/test_compress_directory_create0/vaspcalc
2026-08-01 15:48:50,344 - pyiron_log - INFO - compress_directory: compressed directory at /tmp/pytest-of-hmai/pytest-252/test_compress_directory_member0/vaspcalc
2026-08-01 15:48:50,348 - pyiron_log - INFO - compress_directory: compressed directory at /tmp/pytest-of-hmai/pytest-252/test_compress_directory_exclud0/vaspcalc
2026-08-01 15:48:50,357 - pyiron_log - INFO - run_shell: workdir=/tmp/pytest-of-hmai/pytest-252/test_run_shell_executes_in_wor0/calc
2026-08-01 15:48:50,364 - pyiron_log - INFO - run_shell: workdir=/tmp/pytest-of-hmai/pytest-252/test_run_shell_does_not_mutate0/calc
2026-08-01 15:48:50,371 - pyiron_log - INFO - run_shell: workdir=/tmp/pytest-of-hmai/pytest-252/test_run_shell_captures_failur0/calc
2026-08-01 15:48:50,378 - pyiron_log - INFO - run_shell: workdir=/tmp/pytest-of-hmai/pytest-252/test_run_shell_preserves_argum0/calc
2026-08-01 15:48:50,387 - pyiron_log - INFO - run_shell: workdir=/tmp/pytest-of-hmai/pytest-252/test_run_shell_concurrent_call0/work_0
2026-08-01 15:48:50,389 - pyiron_log - INFO - run_shell: workdir=/tmp/pytest-of-hmai/pytest-252/test_run_shell_concurrent_call0/work_1
2026-08-01 15:48:50,392 - pyiron_log - INFO - run_shell: workdir=/tmp/pytest-of-hmai/pytest-252/test_run_shell_concurrent_call0/work_2
2026-08-01 15:48:50,395 - pyiron_log - INFO - run_shell: workdir=/tmp/pytest-of-hmai/pytest-252/test_run_shell_concurrent_call0/work_3
2026-08-01 15:48:50,400 - pyiron_log - INFO - run_shell: workdir=/tmp/pytest-of-hmai/pytest-252/test_run_shell_concurrent_call0/work_0
2026-08-01 15:48:50,404 - pyiron_log - INFO - run_shell: workdir=/tmp/pytest-of-hmai/pytest-252/test_run_shell_concurrent_call0/work_1
2026-08-01 15:48:50,405 - pyiron_log - INFO - run_shell: workdir=/tmp/pytest-of-hmai/pytest-252/test_run_shell_concurrent_call0/work_2
2026-08-01 15:48:50,409 - pyiron_log - INFO - run_shell: workdir=/tmp/pytest-of-hmai/pytest-252/test_run_shell_concurrent_call0/work_3
2026-08-01 15:48:50,411 - pyiron_log - INFO - run_shell: workdir=/tmp/pytest-of-hmai/pytest-252/test_run_shell_concurrent_call0/work_0
2026-08-01 15:48:50,414 - pyiron_log - INFO - run_shell: workdir=/tmp/pytest-of-hmai/pytest-252/test_run_shell_concurrent_call0/work_1
2026-08-01 15:48:50,416 - pyiron_log - INFO - run_shell: workdir=/tmp/pytest-of-hmai/pytest-252/test_run_shell_concurrent_call0/work_2
2026-08-01 15:48:50,424 - pyiron_log - INFO - run_shell: workdir=/tmp/pytest-of-hmai/pytest-252/test_run_shell_concurrent_call0/work_3
2026-08-01 15:48:50,426 - pyiron_log - INFO - run_shell: workdir=/tmp/pytest-of-hmai/pytest-252/test_run_shell_concurrent_call0/work_0
2026-08-01 15:48:50,429 - pyiron_log - INFO - run_shell: workdir=/tmp/pytest-of-hmai/pytest-252/test_run_shell_concurrent_call0/work_1
2026-08-01 15:48:50,432 - pyiron_log - INFO - run_shell: workdir=/tmp/pytest-of-hmai/pytest-252/test_run_shell_concurrent_call0/work_2
2026-08-01 15:48:50,437 - pyiron_log - INFO - run_shell: workdir=/tmp/pytest-of-hmai/pytest-252/test_run_shell_concurrent_call0/work_3
2026-08-01 15:48:50,441 - pyiron_log - INFO - run_shell: workdir=/tmp/pytest-of-hmai/pytest-252/test_run_shell_concurrent_call0/work_0
2026-08-01 15:48:50,443 - pyiron_log - INFO - run_shell: workdir=/tmp/pytest-of-hmai/pytest-252/test_run_shell_concurrent_call0/work_1
2026-08-01 15:48:50,447 - pyiron_log - INFO - run_shell: workdir=/tmp/pytest-of-hmai/pytest-252/test_run_shell_concurrent_call0/work_2
2026-08-01 15:48:50,449 - pyiron_log - INFO - run_shell: workdir=/tmp/pytest-of-hmai/pytest-252/test_run_shell_concurrent_call0/work_3
2026-08-01 15:48:50,453 - pyiron_log - INFO - run_shell: workdir=/tmp/pytest-of-hmai/pytest-252/test_run_shell_concurrent_call0/work_0
2026-08-01 15:48:50,455 - pyiron_log - INFO - run_shell: workdir=/tmp/pytest-of-hmai/pytest-252/test_run_shell_concurrent_call0/work_1
2026-08-01 15:48:50,460 - pyiron_log - INFO - run_shell: workdir=/tmp/pytest-of-hmai/pytest-252/test_run_shell_concurrent_call0/work_2
2026-08-01 15:48:50,464 - pyiron_log - INFO - run_shell: workdir=/tmp/pytest-of-hmai/pytest-252/test_run_shell_concurrent_call0/work_3
2026-08-01 15:48:50,473 - pyiron_log - INFO - run_shell: workdir=/tmp/pytest-of-hmai/pytest-252/test_run_shell_concurrent_call0/work_0
2026-08-01 15:48:50,475 - pyiron_log - INFO - run_shell: workdir=/tmp/pytest-of-hmai/pytest-252/test_run_shell_concurrent_call0/work_1
2026-08-01 15:48:50,478 - pyiron_log - INFO - run_shell: workdir=/tmp/pytest-of-hmai/pytest-252/test_run_shell_concurrent_call0/work_2
2026-08-01 15:48:50,482 - pyiron_log - INFO - run_shell: workdir=/tmp/pytest-of-hmai/pytest-252/test_run_shell_concurrent_call0/work_3
2026-08-01 15:48:50,488 - pyiron_log - INFO - run_shell: workdir=/tmp/pytest-of-hmai/pytest-252/test_run_shell_concurrent_call0/work_0
2026-08-01 15:48:50,491 - pyiron_log - INFO - run_shell: workdir=/tmp/pytest-of-hmai/pytest-252/test_run_shell_concurrent_call0/work_1
2026-08-01 15:48:50,495 - pyiron_log - INFO - run_shell: workdir=/tmp/pytest-of-hmai/pytest-252/test_run_shell_concurrent_call0/work_2
2026-08-01 15:48:50,498 - pyiron_log - INFO - run_shell: workdir=/tmp/pytest-of-hmai/pytest-252/test_run_shell_concurrent_call0/work_3
2026-08-01 15:48:50,501 - pyiron_log - INFO - run_shell: workdir=/tmp/pytest-of-hmai/pytest-252/test_run_shell_concurrent_call0/work_0
2026-08-01 15:48:50,504 - pyiron_log - INFO - run_shell: workdir=/tmp/pytest-of-hmai/pytest-252/test_run_shell_concurrent_call0/work_1
2026-08-01 15:48:50,509 - pyiron_log - INFO - run_shell: workdir=/tmp/pytest-of-hmai/pytest-252/test_run_shell_concurrent_call0/work_2
2026-08-01 15:48:50,512 - pyiron_log - INFO - run_shell: workdir=/tmp/pytest-of-hmai/pytest-252/test_run_shell_concurrent_call0/work_3
2026-08-01 15:48:50,516 - pyiron_log - INFO - run_shell: workdir=/tmp/pytest-of-hmai/pytest-252/test_run_shell_concurrent_call0/work_0
2026-08-01 15:48:50,518 - pyiron_log - INFO - run_shell: workdir=/tmp/pytest-of-hmai/pytest-252/test_run_shell_concurrent_call0/work_1
2026-08-01 15:48:50,522 - pyiron_log - INFO - run_shell: workdir=/tmp/pytest-of-hmai/pytest-252/test_run_shell_concurrent_call0/work_2
2026-08-01 15:48:50,524 - pyiron_log - INFO - run_shell: workdir=/tmp/pytest-of-hmai/pytest-252/test_run_shell_concurrent_call0/work_3
2026-08-01 15:48:50,528 - pyiron_log - INFO - run_shell: workdir=/tmp/pytest-of-hmai/pytest-252/test_run_shell_concurrent_call0/work_0
2026-08-01 15:48:50,533 - pyiron_log - INFO - run_shell: workdir=/tmp/pytest-of-hmai/pytest-252/test_run_shell_concurrent_call0/work_1
2026-08-01 15:48:50,537 - pyiron_log - INFO - run_shell: workdir=/tmp/pytest-of-hmai/pytest-252/test_run_shell_concurrent_call0/work_2
2026-08-01 15:48:50,540 - pyiron_log - INFO - run_shell: workdir=/tmp/pytest-of-hmai/pytest-252/test_run_shell_concurrent_call0/work_3
2026-08-01 15:48:50,544 - pyiron_log - INFO - run_shell: workdir=/tmp/pytest-of-hmai/pytest-252/test_run_shell_concurrent_call0/work_0
2026-08-01 15:48:50,547 - pyiron_log - INFO - run_shell: workdir=/tmp/pytest-of-hmai/pytest-252/test_run_shell_concurrent_call0/work_1
2026-08-01 15:48:50,550 - pyiron_log - INFO - run_shell: workdir=/tmp/pytest-of-hmai/pytest-252/test_run_shell_concurrent_call0/work_2
2026-08-01 15:48:50,553 - pyiron_log - INFO - run_shell: workdir=/tmp/pytest-of-hmai/pytest-252/test_run_shell_concurrent_call0/work_3
2026-08-01 15:48:50,563 - pyiron_log - INFO - run_shell: workdir=/tmp/pytest-of-hmai/pytest-252/test_run_shell_concurrent_call0/work_0
2026-08-01 15:48:50,565 - pyiron_log - INFO - run_shell: workdir=/tmp/pytest-of-hmai/pytest-252/test_run_shell_concurrent_call0/work_1
2026-08-01 15:48:50,577 - pyiron_log - INFO - run_shell: workdir=/tmp/pytest-of-hmai/pytest-252/test_run_shell_concurrent_call0/work_2
2026-08-01 15:48:50,581 - pyiron_log - INFO - run_shell: workdir=/tmp/pytest-of-hmai/pytest-252/test_run_shell_concurrent_call0/work_3
2026-08-01 15:48:50,586 - pyiron_log - INFO - run_shell: workdir=/tmp/pytest-of-hmai/pytest-252/test_run_shell_concurrent_call0/work_0
2026-08-01 15:48:50,590 - pyiron_log - INFO - run_shell: workdir=/tmp/pytest-of-hmai/pytest-252/test_run_shell_concurrent_call0/work_1
2026-08-01 15:48:50,594 - pyiron_log - INFO - run_shell: workdir=/tmp/pytest-of-hmai/pytest-252/test_run_shell_concurrent_call0/work_2
2026-08-01 15:48:50,597 - pyiron_log - INFO - run_shell: workdir=/tmp/pytest-of-hmai/pytest-252/test_run_shell_concurrent_call0/work_3
2026-08-01 15:48:50,599 - pyiron_log - INFO - run_shell: workdir=/tmp/pytest-of-hmai/pytest-252/test_run_shell_concurrent_call0/work_0
2026-08-01 15:48:50,602 - pyiron_log - INFO - run_shell: workdir=/tmp/pytest-of-hmai/pytest-252/test_run_shell_concurrent_call0/work_1
2026-08-01 15:48:50,632 - pyiron_log - INFO - run_shell: workdir=/tmp/pytest-of-hmai/pytest-252/test_run_shell_concurrent_call0/work_2
2026-08-01 15:48:50,635 - pyiron_log - INFO - run_shell: workdir=/tmp/pytest-of-hmai/pytest-252/test_run_shell_concurrent_call0/work_3
2026-08-01 15:48:50,638 - pyiron_log - INFO - run_shell: workdir=/tmp/pytest-of-hmai/pytest-252/test_run_shell_concurrent_call0/work_0
2026-08-01 15:48:50,640 - pyiron_log - INFO - run_shell: workdir=/tmp/pytest-of-hmai/pytest-252/test_run_shell_concurrent_call0/work_1
2026-08-01 15:48:50,648 - pyiron_log - INFO - run_shell: workdir=/tmp/pytest-of-hmai/pytest-252/test_run_shell_concurrent_call0/work_2
2026-08-01 15:48:50,652 - pyiron_log - INFO - run_shell: workdir=/tmp/pytest-of-hmai/pytest-252/test_run_shell_concurrent_call0/work_3
2026-08-01 15:48:50,654 - pyiron_log - INFO - run_shell: workdir=/tmp/pytest-of-hmai/pytest-252/test_run_shell_concurrent_call0/work_0
2026-08-01 15:48:50,659 - pyiron_log - INFO - run_shell: workdir=/tmp/pytest-of-hmai/pytest-252/test_run_shell_concurrent_call0/work_1
2026-08-01 15:48:50,663 - pyiron_log - INFO - run_shell: workdir=/tmp/pytest-of-hmai/pytest-252/test_run_shell_concurrent_call0/work_2
2026-08-01 15:48:50,666 - pyiron_log - INFO - run_shell: workdir=/tmp/pytest-of-hmai/pytest-252/test_run_shell_concurrent_call0/work_3
2026-08-01 15:48:50,669 - pyiron_log - INFO - run_shell: workdir=/tmp/pytest-of-hmai/pytest-252/test_run_shell_concurrent_call0/work_0
2026-08-01 15:48:50,671 - pyiron_log - INFO - run_shell: workdir=/tmp/pytest-of-hmai/pytest-252/test_run_shell_concurrent_call0/work_1
2026-08-01 15:48:50,675 - pyiron_log - INFO - run_shell: workdir=/tmp/pytest-of-hmai/pytest-252/test_run_shell_concurrent_call0/work_2
2026-08-01 15:48:50,680 - pyiron_log - INFO - run_shell: workdir=/tmp/pytest-of-hmai/pytest-252/test_run_shell_concurrent_call0/work_3
2026-08-01 15:48:50,689 - pyiron_log - INFO - run_shell: workdir=/tmp/pytest-of-hmai/pytest-252/test_run_shell_concurrent_call0/work_0
2026-08-01 15:48:50,691 - pyiron_log - INFO - run_shell: workdir=/tmp/pytest-of-hmai/pytest-252/test_run_shell_concurrent_call0/work_1
2026-08-01 15:48:50,695 - pyiron_log - INFO - run_shell: workdir=/tmp/pytest-of-hmai/pytest-252/test_run_shell_concurrent_call0/work_2
2026-08-01 15:48:50,698 - pyiron_log - INFO - run_shell: workdir=/tmp/pytest-of-hmai/pytest-252/test_run_shell_concurrent_call0/work_3
2026-08-01 15:48:50,704 - pyiron_log - INFO - run_shell: workdir=/tmp/pytest-of-hmai/pytest-252/test_run_shell_concurrent_call0/work_0
2026-08-01 15:48:50,707 - pyiron_log - INFO - run_shell: workdir=/tmp/pytest-of-hmai/pytest-252/test_run_shell_concurrent_call0/work_1
2026-08-01 15:48:50,710 - pyiron_log - INFO - run_shell: workdir=/tmp/pytest-of-hmai/pytest-252/test_run_shell_concurrent_call0/work_2
2026-08-01 15:48:50,713 - pyiron_log - INFO - run_shell: workdir=/tmp/pytest-of-hmai/pytest-252/test_run_shell_concurrent_call0/work_3
2026-08-01 15:48:50,717 - pyiron_log - INFO - run_shell: workdir=/tmp/pytest-of-hmai/pytest-252/test_run_shell_concurrent_call0/work_0
2026-08-01 15:48:50,720 - pyiron_log - INFO - run_shell: workdir=/tmp/pytest-of-hmai/pytest-252/test_run_shell_concurrent_call0/work_1
2026-08-01 15:48:50,724 - pyiron_log - INFO - run_shell: workdir=/tmp/pytest-of-hmai/pytest-252/test_run_shell_concurrent_call0/work_2
2026-08-01 15:48:50,728 - pyiron_log - INFO - run_shell: workdir=/tmp/pytest-of-hmai/pytest-252/test_run_shell_concurrent_call0/work_3
2026-08-01 15:48:50,731 - pyiron_log - INFO - run_shell: workdir=/tmp/pytest-of-hmai/pytest-252/test_run_shell_concurrent_call0/work_0
2026-08-01 15:48:50,735 - pyiron_log - INFO - run_shell: workdir=/tmp/pytest-of-hmai/pytest-252/test_run_shell_concurrent_call0/work_1
2026-08-01 15:48:50,738 - pyiron_log - INFO - run_shell: workdir=/tmp/pytest-of-hmai/pytest-252/test_run_shell_concurrent_call0/work_2
2026-08-01 15:48:50,742 - pyiron_log - INFO - run_shell: workdir=/tmp/pytest-of-hmai/pytest-252/test_run_shell_concurrent_call0/work_3
2026-08-01 15:48:50,744 - pyiron_log - INFO - run_shell: workdir=/tmp/pytest-of-hmai/pytest-252/test_run_shell_concurrent_call0/work_0
2026-08-01 15:48:50,748 - pyiron_log - INFO - run_shell: workdir=/tmp/pytest-of-hmai/pytest-252/test_run_shell_concurrent_call0/work_1
2026-08-01 15:48:50,751 - pyiron_log - INFO - run_shell: workdir=/tmp/pytest-of-hmai/pytest-252/test_run_shell_concurrent_call0/work_2
2026-08-01 15:48:50,756 - pyiron_log - INFO - run_shell: workdir=/tmp/pytest-of-hmai/pytest-252/test_run_shell_concurrent_call0/work_3
2026-08-01 15:48:50,760 - pyiron_log - INFO - run_shell: workdir=/tmp/pytest-of-hmai/pytest-252/test_run_shell_concurrent_call0/work_0
2026-08-01 15:48:50,763 - pyiron_log - INFO - run_shell: workdir=/tmp/pytest-of-hmai/pytest-252/test_run_shell_concurrent_call0/work_1
2026-08-01 15:48:50,766 - pyiron_log - INFO - run_shell: workdir=/tmp/pytest-of-hmai/pytest-252/test_run_shell_concurrent_call0/work_2
2026-08-01 15:48:50,768 - pyiron_log - INFO - run_shell: workdir=/tmp/pytest-of-hmai/pytest-252/test_run_shell_concurrent_call0/work_3
2026-08-01 15:48:50,779 - pyiron_log - INFO - run_shell: workdir=/tmp/pytest-of-hmai/pytest-252/test_run_shell_concurrent_call0/work_0
2026-08-01 15:48:50,781 - pyiron_log - INFO - run_shell: workdir=/tmp/pytest-of-hmai/pytest-252/test_run_shell_concurrent_call0/work_1
2026-08-01 15:48:50,784 - pyiron_log - INFO - run_shell: workdir=/tmp/pytest-of-hmai/pytest-252/test_run_shell_concurrent_call0/work_2
2026-08-01 15:48:50,787 - pyiron_log - INFO - run_shell: workdir=/tmp/pytest-of-hmai/pytest-252/test_run_shell_concurrent_call0/work_3
2026-08-01 15:48:50,795 - pyiron_log - INFO - run_shell: workdir=/tmp/pytest-of-hmai/pytest-252/test_run_shell_concurrent_call0/work_0
2026-08-01 15:48:50,799 - pyiron_log - INFO - run_shell: workdir=/tmp/pytest-of-hmai/pytest-252/test_run_shell_concurrent_call0/work_1
2026-08-01 15:48:50,801 - pyiron_log - INFO - run_shell: workdir=/tmp/pytest-of-hmai/pytest-252/test_run_shell_concurrent_call0/work_2
2026-08-01 15:48:50,804 - pyiron_log - INFO - run_shell: workdir=/tmp/pytest-of-hmai/pytest-252/test_run_shell_concurrent_call0/work_3
2026-08-01 15:48:50,807 - pyiron_log - INFO - run_shell: workdir=/tmp/pytest-of-hmai/pytest-252/test_run_shell_concurrent_call0/work_0
2026-08-01 15:48:50,814 - pyiron_log - INFO - run_shell: workdir=/tmp/pytest-of-hmai/pytest-252/test_run_shell_concurrent_call0/work_1
2026-08-01 15:48:50,817 - pyiron_log - INFO - run_shell: workdir=/tmp/pytest-of-hmai/pytest-252/test_run_shell_concurrent_call0/work_2
2026-08-01 15:48:50,820 - pyiron_log - INFO - run_shell: workdir=/tmp/pytest-of-hmai/pytest-252/test_run_shell_concurrent_call0/work_3
2026-08-01 15:48:50,822 - pyiron_log - INFO - run_shell: workdir=/tmp/pytest-of-hmai/pytest-252/test_run_shell_concurrent_call0/work_0
2026-08-01 15:48:50,828 - pyiron_log - INFO - run_shell: workdir=/tmp/pytest-of-hmai/pytest-252/test_run_shell_concurrent_call0/work_1
2026-08-01 15:48:50,832 - pyiron_log - INFO - run_shell: workdir=/tmp/pytest-of-hmai/pytest-252/test_run_shell_concurrent_call0/work_2
2026-08-01 15:48:50,834 - pyiron_log - INFO - run_shell: workdir=/tmp/pytest-of-hmai/pytest-252/test_run_shell_concurrent_call0/work_3
2026-08-01 15:48:50,837 - pyiron_log - INFO - run_shell: workdir=/tmp/pytest-of-hmai/pytest-252/test_run_shell_concurrent_call0/work_0
2026-08-01 15:48:50,840 - pyiron_log - INFO - run_shell: workdir=/tmp/pytest-of-hmai/pytest-252/test_run_shell_concurrent_call0/work_1
2026-08-01 15:48:50,848 - pyiron_log - INFO - run_shell: workdir=/tmp/pytest-of-hmai/pytest-252/test_run_shell_concurrent_call0/work_2
2026-08-01 15:48:50,851 - pyiron_log - INFO - run_shell: workdir=/tmp/pytest-of-hmai/pytest-252/test_run_shell_concurrent_call0/work_3
2026-08-01 15:48:50,854 - pyiron_log - INFO - run_shell: workdir=/tmp/pytest-of-hmai/pytest-252/test_run_shell_concurrent_call0/work_0
2026-08-01 15:48:50,857 - pyiron_log - INFO - run_shell: workdir=/tmp/pytest-of-hmai/pytest-252/test_run_shell_concurrent_call0/work_1
2026-08-01 15:48:50,861 - pyiron_log - INFO - run_shell: workdir=/tmp/pytest-of-hmai/pytest-252/test_run_shell_concurrent_call0/work_2
2026-08-01 15:48:50,865 - pyiron_log - INFO - run_shell: workdir=/tmp/pytest-of-hmai/pytest-252/test_run_shell_concurrent_call0/work_3
2026-08-01 15:48:50,966 - pyiron_log - INFO - File '/tmp/pytest-of-hmai/pytest-252/test_is_line_in_file_missing_f0/no_such_file' not found.
2026-08-01 15:48:50,967 - pyiron_log - INFO - run_shell: workdir=/tmp/pytest-of-hmai/pytest-252/test_run_shell_propagates_subp0
2026-08-01 15:48:50,975 - pyiron_log - INFO - made directory '/tmp/pytest-of-hmai/pytest-252/test_vasp_job_runs_end_to_end0/calc'
2026-08-01 15:48:50,990 - pyiron_log - INFO - run_shell: workdir=/tmp/pytest-of-hmai/pytest-252/test_vasp_job_runs_end_to_end0/calc
2026-08-01 15:48:50,998 - pyiron_log - INFO - Deleted: /tmp/pytest-of-hmai/pytest-252/test_vasp_job_runs_end_to_end0/calc/CHGCAR
2026-08-01 15:48:51,015 - pyiron_log - INFO - made directory '/tmp/pytest-of-hmai/pytest-252/test_vasp_job_removes_calc_dir0/calc2'
2026-08-01 15:48:51,018 - pyiron_log - INFO - run_shell: workdir=/tmp/pytest-of-hmai/pytest-252/test_vasp_job_removes_calc_dir0/calc2
2026-08-01 15:48:51,049 - pyiron_log - INFO - made directory '/tmp/pytest-of-hmai/pytest-252/test_vasp_job_runs_without_fil0/calc3'
2026-08-01 15:48:51,052 - pyiron_log - INFO - run_shell: workdir=/tmp/pytest-of-hmai/pytest-252/test_vasp_job_runs_without_fil0/calc3
2026-08-01 15:48:51,062 - pyiron_log - INFO - Deleted: /tmp/pytest-of-hmai/pytest-252/test_vasp_job_runs_without_fil0/calc3/CHGCAR
2026-08-01 15:48:51,062 - pyiron_log - INFO - Deleted: /tmp/pytest-of-hmai/pytest-252/test_vasp_job_runs_without_fil0/calc3/CHG
2026-08-01 15:48:51,063 - pyiron_log - INFO - Deleted: /tmp/pytest-of-hmai/pytest-252/test_vasp_job_runs_without_fil0/calc3/WAVECAR
2026-08-01 15:48:51,074 - pyiron_log - INFO - made directory '/tmp/pytest-of-hmai/pytest-252/test_vasp_job_explicit_empty_l0/calc4'
2026-08-01 15:48:51,077 - pyiron_log - INFO - run_shell: workdir=/tmp/pytest-of-hmai/pytest-252/test_vasp_job_explicit_empty_l0/calc4
2026-08-01 15:48:51,092 - pyiron_log - INFO - made directory '/tmp/pytest-of-hmai/pytest-252/test_create_working_directory_0/fresh'
2026-08-01 15:48:56,924 - pyiron_log - INFO - Deleted: /tmp/pytest-of-hmai/pytest-253/test_delete_files_recursively_0/vaspcalc/CHGCAR
2026-08-01 15:48:56,925 - pyiron_log - INFO - Deleted: /tmp/pytest-of-hmai/pytest-253/test_delete_files_recursively_0/vaspcalc/WAVECAR
2026-08-01 15:48:56,926 - pyiron_log - INFO - Error: /tmp/pytest-of-hmai/pytest-253/test_delete_files_recursively_1/nope is not a valid directory.
2026-08-01 15:48:56,932 - pyiron_log - INFO - compress_directory: compressed directory at /tmp/pytest-of-hmai/pytest-253/test_compress_directory_create0/vaspcalc
2026-08-01 15:48:56,936 - pyiron_log - INFO - compress_directory: compressed directory at /tmp/pytest-of-hmai/pytest-253/test_compress_directory_member0/vaspcalc
2026-08-01 15:48:56,940 - pyiron_log - INFO - compress_directory: compressed directory at /tmp/pytest-of-hmai/pytest-253/test_compress_directory_exclud0/vaspcalc
2026-08-01 15:48:56,949 - pyiron_log - INFO - run_shell: workdir=/tmp/pytest-of-hmai/pytest-253/test_run_shell_executes_in_wor0/calc
2026-08-01 15:48:56,956 - pyiron_log - INFO - run_shell: workdir=/tmp/pytest-of-hmai/pytest-253/test_run_shell_does_not_mutate0/calc
2026-08-01 15:48:56,963 - pyiron_log - INFO - run_shell: workdir=/tmp/pytest-of-hmai/pytest-253/test_run_shell_captures_failur0/calc
2026-08-01 15:48:56,969 - pyiron_log - INFO - run_shell: workdir=/tmp/pytest-of-hmai/pytest-253/test_run_shell_preserves_argum0/calc
2026-08-01 15:48:56,978 - pyiron_log - INFO - run_shell: workdir=/tmp/pytest-of-hmai/pytest-253/test_run_shell_concurrent_call0/work_0
2026-08-01 15:48:56,981 - pyiron_log - INFO - run_shell: workdir=/tmp/pytest-of-hmai/pytest-253/test_run_shell_concurrent_call0/work_1
2026-08-01 15:48:56,984 - pyiron_log - INFO - run_shell: workdir=/tmp/pytest-of-hmai/pytest-253/test_run_shell_concurrent_call0/work_2
2026-08-01 15:48:56,988 - pyiron_log - INFO - run_shell: workdir=/tmp/pytest-of-hmai/pytest-253/test_run_shell_concurrent_call0/work_3
2026-08-01 15:48:56,993 - pyiron_log - INFO - run_shell: workdir=/tmp/pytest-of-hmai/pytest-253/test_run_shell_concurrent_call0/work_0
2026-08-01 15:48:56,996 - pyiron_log - INFO - run_shell: workdir=/tmp/pytest-of-hmai/pytest-253/test_run_shell_concurrent_call0/work_1
2026-08-01 15:48:56,999 - pyiron_log - INFO - run_shell: workdir=/tmp/pytest-of-hmai/pytest-253/test_run_shell_concurrent_call0/work_2
2026-08-01 15:48:57,002 - pyiron_log - INFO - run_shell: workdir=/tmp/pytest-of-hmai/pytest-253/test_run_shell_concurrent_call0/work_3
2026-08-01 15:48:57,005 - pyiron_log - INFO - run_shell: workdir=/tmp/pytest-of-hmai/pytest-253/test_run_shell_concurrent_call0/work_0
2026-08-01 15:48:57,010 - pyiron_log - INFO - run_shell: workdir=/tmp/pytest-of-hmai/pytest-253/test_run_shell_concurrent_call0/work_1
2026-08-01 15:48:57,013 - pyiron_log - INFO - run_shell: workdir=/tmp/pytest-of-hmai/pytest-253/test_run_shell_concurrent_call0/work_2
2026-08-01 15:48:57,016 - pyiron_log - INFO - run_shell: workdir=/tmp/pytest-of-hmai/pytest-253/test_run_shell_concurrent_call0/work_3
2026-08-01 15:48:57,019 - pyiron_log - INFO - run_shell: workdir=/tmp/pytest-of-hmai/pytest-253/test_run_shell_concurrent_call0/work_0
2026-08-01 15:48:57,022 - pyiron_log - INFO - run_shell: workdir=/tmp/pytest-of-hmai/pytest-253/test_run_shell_concurrent_call0/work_1
2026-08-01 15:48:57,025 - pyiron_log - INFO - run_shell: workdir=/tmp/pytest-of-hmai/pytest-253/test_run_shell_concurrent_call0/work_2
2026-08-01 15:48:57,030 - pyiron_log - INFO - run_shell: workdir=/tmp/pytest-of-hmai/pytest-253/test_run_shell_concurrent_call0/work_3
2026-08-01 15:48:57,033 - pyiron_log - INFO - run_shell: workdir=/tmp/pytest-of-hmai/pytest-253/test_run_shell_concurrent_call0/work_0
2026-08-01 15:48:57,035 - pyiron_log - INFO - run_shell: workdir=/tmp/pytest-of-hmai/pytest-253/test_run_shell_concurrent_call0/work_1
2026-08-01 15:48:57,039 - pyiron_log - INFO - run_shell: workdir=/tmp/pytest-of-hmai/pytest-253/test_run_shell_concurrent_call0/work_2
2026-08-01 15:48:57,043 - pyiron_log - INFO - run_shell: workdir=/tmp/pytest-of-hmai/pytest-253/test_run_shell_concurrent_call0/work_3
2026-08-01 15:48:57,046 - pyiron_log - INFO - run_shell: workdir=/tmp/pytest-of-hmai/pytest-253/test_run_shell_concurrent_call0/work_0
2026-08-01 15:48:57,049 - pyiron_log - INFO - run_shell: workdir=/tmp/pytest-of-hmai/pytest-253/test_run_shell_concurrent_call0/work_1
2026-08-01 15:48:57,051 - pyiron_log - INFO - run_shell: workdir=/tmp/pytest-of-hmai/pytest-253/test_run_shell_concurrent_call0/work_2
2026-08-01 15:48:57,055 - pyiron_log - INFO - run_shell: workdir=/tmp/pytest-of-hmai/pytest-253/test_run_shell_concurrent_call0/work_3
2026-08-01 15:48:57,064 - pyiron_log - INFO - run_shell: workdir=/tmp/pytest-of-hmai/pytest-253/test_run_shell_concurrent_call0/work_0
2026-08-01 15:48:57,067 - pyiron_log - INFO - run_shell: workdir=/tmp/pytest-of-hmai/pytest-253/test_run_shell_concurrent_call0/work_1
2026-08-01 15:48:57,069 - pyiron_log - INFO - run_shell: workdir=/tmp/pytest-of-hmai/pytest-253/test_run_shell_concurrent_call0/work_2
2026-08-01 15:48:57,072 - pyiron_log - INFO - run_shell: workdir=/tmp/pytest-of-hmai/pytest-253/test_run_shell_concurrent_call0/work_3
2026-08-01 15:48:57,081 - pyiron_log - INFO - run_shell: workdir=/tmp/pytest-of-hmai/pytest-253/test_run_shell_concurrent_call0/work_0
2026-08-01 15:48:57,085 - pyiron_log - INFO - run_shell: workdir=/tmp/pytest-of-hmai/pytest-253/test_run_shell_concurrent_call0/work_1
2026-08-01 15:48:57,087 - pyiron_log - INFO - run_shell: workdir=/tmp/pytest-of-hmai/pytest-253/test_run_shell_concurrent_call0/work_2
2026-08-01 15:48:57,090 - pyiron_log - INFO - run_shell: workdir=/tmp/pytest-of-hmai/pytest-253/test_run_shell_concurrent_call0/work_3
2026-08-01 15:48:57,093 - pyiron_log - INFO - run_shell: workdir=/tmp/pytest-of-hmai/pytest-253/test_run_shell_concurrent_call0/work_0
2026-08-01 15:48:57,101 - pyiron_log - INFO - run_shell: workdir=/tmp/pytest-of-hmai/pytest-253/test_run_shell_concurrent_call0/work_1
2026-08-01 15:48:57,104 - pyiron_log - INFO - run_shell: workdir=/tmp/pytest-of-hmai/pytest-253/test_run_shell_concurrent_call0/work_2
2026-08-01 15:48:57,106 - pyiron_log - INFO - run_shell: workdir=/tmp/pytest-of-hmai/pytest-253/test_run_shell_concurrent_call0/work_3
2026-08-01 15:48:57,109 - pyiron_log - INFO - run_shell: workdir=/tmp/pytest-of-hmai/pytest-253/test_run_shell_concurrent_call0/work_0
2026-08-01 15:48:57,117 - pyiron_log - INFO - run_shell: workdir=/tmp/pytest-of-hmai/pytest-253/test_run_shell_concurrent_call0/work_1
2026-08-01 15:48:57,120 - pyiron_log - INFO - run_shell: workdir=/tmp/pytest-of-hmai/pytest-253/test_run_shell_concurrent_call0/work_2
2026-08-01 15:48:57,122 - pyiron_log - INFO - run_shell: workdir=/tmp/pytest-of-hmai/pytest-253/test_run_shell_concurrent_call0/work_3
2026-08-01 15:48:57,124 - pyiron_log - INFO - run_shell: workdir=/tmp/pytest-of-hmai/pytest-253/test_run_shell_concurrent_call0/work_0
2026-08-01 15:48:57,129 - pyiron_log - INFO - run_shell: workdir=/tmp/pytest-of-hmai/pytest-253/test_run_shell_concurrent_call0/work_1
2026-08-01 15:48:57,133 - pyiron_log - INFO - run_shell: workdir=/tmp/pytest-of-hmai/pytest-253/test_run_shell_concurrent_call0/work_2
2026-08-01 15:48:57,136 - pyiron_log - INFO - run_shell: workdir=/tmp/pytest-of-hmai/pytest-253/test_run_shell_concurrent_call0/work_3
2026-08-01 15:48:57,139 - pyiron_log - INFO - run_shell: workdir=/tmp/pytest-of-hmai/pytest-253/test_run_shell_concurrent_call0/work_0
2026-08-01 15:48:57,143 - pyiron_log - INFO - run_shell: workdir=/tmp/pytest-of-hmai/pytest-253/test_run_shell_concurrent_call0/work_1
2026-08-01 15:48:57,148 - pyiron_log - INFO - run_shell: workdir=/tmp/pytest-of-hmai/pytest-253/test_run_shell_concurrent_call0/work_2
2026-08-01 15:48:57,150 - pyiron_log - INFO - run_shell: workdir=/tmp/pytest-of-hmai/pytest-253/test_run_shell_concurrent_call0/work_3
2026-08-01 15:48:57,160 - pyiron_log - INFO - run_shell: workdir=/tmp/pytest-of-hmai/pytest-253/test_run_shell_concurrent_call0/work_0
2026-08-01 15:48:57,163 - pyiron_log - INFO - run_shell: workdir=/tmp/pytest-of-hmai/pytest-253/test_run_shell_concurrent_call0/work_1
2026-08-01 15:48:57,166 - pyiron_log - INFO - run_shell: workdir=/tmp/pytest-of-hmai/pytest-253/test_run_shell_concurrent_call0/work_2
2026-08-01 15:48:57,169 - pyiron_log - INFO - run_shell: workdir=/tmp/pytest-of-hmai/pytest-253/test_run_shell_concurrent_call0/work_3
2026-08-01 15:48:57,174 - pyiron_log - INFO - run_shell: workdir=/tmp/pytest-of-hmai/pytest-253/test_run_shell_concurrent_call0/work_0
2026-08-01 15:48:57,177 - pyiron_log - INFO - run_shell: workdir=/tmp/pytest-of-hmai/pytest-253/test_run_shell_concurrent_call0/work_1
2026-08-01 15:48:57,180 - pyiron_log - INFO - run_shell: workdir=/tmp/pytest-of-hmai/pytest-253/test_run_shell_concurrent_call0/work_2
2026-08-01 15:48:57,183 - pyiron_log - INFO - run_shell: workdir=/tmp/pytest-of-hmai/pytest-253/test_run_shell_concurrent_call0/work_3
2026-08-01 15:48:57,187 - pyiron_log - INFO - run_shell: workdir=/tmp/pytest-of-hmai/pytest-253/test_run_shell_concurrent_call0/work_0
2026-08-01 15:48:57,191 - pyiron_log - INFO - run_shell: workdir=/tmp/pytest-of-hmai/pytest-253/test_run_shell_concurrent_call0/work_1
2026-08-01 15:48:57,195 - pyiron_log - INFO - run_shell: workdir=/tmp/pytest-of-hmai/pytest-253/test_run_shell_concurrent_call0/work_2
2026-08-01 15:48:57,198 - pyiron_log - INFO - run_shell: workdir=/tmp/pytest-of-hmai/pytest-253/test_run_shell_concurrent_call0/work_3
2026-08-01 15:48:57,201 - pyiron_log - INFO - run_shell: workdir=/tmp/pytest-of-hmai/pytest-253/test_run_shell_concurrent_call0/work_0
2026-08-01 15:48:57,203 - pyiron_log - INFO - run_shell: workdir=/tmp/pytest-of-hmai/pytest-253/test_run_shell_concurrent_call0/work_1
2026-08-01 15:48:57,211 - pyiron_log - INFO - run_shell: workdir=/tmp/pytest-of-hmai/pytest-253/test_run_shell_concurrent_call0/work_2
2026-08-01 15:48:57,214 - pyiron_log - INFO - run_shell: workdir=/tmp/pytest-of-hmai/pytest-253/test_run_shell_concurrent_call0/work_3
2026-08-01 15:48:57,216 - pyiron_log - INFO - run_shell: workdir=/tmp/pytest-of-hmai/pytest-253/test_run_shell_concurrent_call0/work_0
2026-08-01 15:48:57,220 - pyiron_log - INFO - run_shell: workdir=/tmp/pytest-of-hmai/pytest-253/test_run_shell_concurrent_call0/work_1
2026-08-01 15:48:57,224 - pyiron_log - INFO - run_shell: workdir=/tmp/pytest-of-hmai/pytest-253/test_run_shell_concurrent_call0/work_2
2026-08-01 15:48:57,227 - pyiron_log - INFO - run_shell: workdir=/tmp/pytest-of-hmai/pytest-253/test_run_shell_concurrent_call0/work_3
2026-08-01 15:48:57,230 - pyiron_log - INFO - run_shell: workdir=/tmp/pytest-of-hmai/pytest-253/test_run_shell_concurrent_call0/work_0
2026-08-01 15:48:57,232 - pyiron_log - INFO - run_shell: workdir=/tmp/pytest-of-hmai/pytest-253/test_run_shell_concurrent_call0/work_1
2026-08-01 15:48:57,236 - pyiron_log - INFO - run_shell: workdir=/tmp/pytest-of-hmai/pytest-253/test_run_shell_concurrent_call0/work_2
2026-08-01 15:48:57,241 - pyiron_log - INFO - run_shell: workdir=/tmp/pytest-of-hmai/pytest-253/test_run_shell_concurrent_call0/work_3
2026-08-01 15:48:57,250 - pyiron_log - INFO - run_shell: workdir=/tmp/pytest-of-hmai/pytest-253/test_run_shell_concurrent_call0/work_0
2026-08-01 15:48:57,252 - pyiron_log - INFO - run_shell: workdir=/tmp/pytest-of-hmai/pytest-253/test_run_shell_concurrent_call0/work_1
2026-08-01 15:48:57,255 - pyiron_log - INFO - run_shell: workdir=/tmp/pytest-of-hmai/pytest-253/test_run_shell_concurrent_call0/work_2
2026-08-01 15:48:57,258 - pyiron_log - INFO - run_shell: workdir=/tmp/pytest-of-hmai/pytest-253/test_run_shell_concurrent_call0/work_3
2026-08-01 15:48:57,267 - pyiron_log - INFO - run_shell: workdir=/tmp/pytest-of-hmai/pytest-253/test_run_shell_concurrent_call0/work_0
2026-08-01 15:48:57,270 - pyiron_log - INFO - run_shell: workdir=/tmp/pytest-of-hmai/pytest-253/test_run_shell_concurrent_call0/work_1
2026-08-01 15:48:57,273 - pyiron_log - INFO - run_shell: workdir=/tmp/pytest-of-hmai/pytest-253/test_run_shell_concurrent_call0/work_2
2026-08-01 15:48:57,275 - pyiron_log - INFO - run_shell: workdir=/tmp/pytest-of-hmai/pytest-253/test_run_shell_concurrent_call0/work_3
2026-08-01 15:48:57,279 - pyiron_log - INFO - run_shell: workdir=/tmp/pytest-of-hmai/pytest-253/test_run_shell_concurrent_call0/work_0
2026-08-01 15:48:57,284 - pyiron_log - INFO - run_shell: workdir=/tmp/pytest-of-hmai/pytest-253/test_run_shell_concurrent_call0/work_1
2026-08-01 15:48:57,288 - pyiron_log - INFO - run_shell: workdir=/tmp/pytest-of-hmai/pytest-253/test_run_shell_concurrent_call0/work_2
2026-08-01 15:48:57,291 - pyiron_log - INFO - run_shell: workdir=/tmp/pytest-of-hmai/pytest-253/test_run_shell_concurrent_call0/work_3
2026-08-01 15:48:57,293 - pyiron_log - INFO - run_shell: workdir=/tmp/pytest-of-hmai/pytest-253/test_run_shell_concurrent_call0/work_0
2026-08-01 15:48:57,296 - pyiron_log - INFO - run_shell: workdir=/tmp/pytest-of-hmai/pytest-253/test_run_shell_concurrent_call0/work_1
2026-08-01 15:48:57,301 - pyiron_log - INFO - run_shell: workdir=/tmp/pytest-of-hmai/pytest-253/test_run_shell_concurrent_call0/work_2
2026-08-01 15:48:57,305 - pyiron_log - INFO - run_shell: workdir=/tmp/pytest-of-hmai/pytest-253/test_run_shell_concurrent_call0/work_3
2026-08-01 15:48:57,309 - pyiron_log - INFO - run_shell: workdir=/tmp/pytest-of-hmai/pytest-253/test_run_shell_concurrent_call0/work_0
2026-08-01 15:48:57,311 - pyiron_log - INFO - run_shell: workdir=/tmp/pytest-of-hmai/pytest-253/test_run_shell_concurrent_call0/work_1
2026-08-01 15:48:57,314 - pyiron_log - INFO - run_shell: workdir=/tmp/pytest-of-hmai/pytest-253/test_run_shell_concurrent_call0/work_2
2026-08-01 15:48:57,316 - pyiron_log - INFO - run_shell: workdir=/tmp/pytest-of-hmai/pytest-253/test_run_shell_concurrent_call0/work_3
2026-08-01 15:48:57,320 - pyiron_log - INFO - run_shell: workdir=/tmp/pytest-of-hmai/pytest-253/test_run_shell_concurrent_call0/work_0
2026-08-01 15:48:57,324 - pyiron_log - INFO - run_shell: workdir=/tmp/pytest-of-hmai/pytest-253/test_run_shell_concurrent_call0/work_1
2026-08-01 15:48:57,326 - pyiron_log - INFO - run_shell: workdir=/tmp/pytest-of-hmai/pytest-253/test_run_shell_concurrent_call0/work_2
2026-08-01 15:48:57,330 - pyiron_log - INFO - run_shell: workdir=/tmp/pytest-of-hmai/pytest-253/test_run_shell_concurrent_call0/work_3
2026-08-01 15:48:57,339 - pyiron_log - INFO - run_shell: workdir=/tmp/pytest-of-hmai/pytest-253/test_run_shell_concurrent_call0/work_0
2026-08-01 15:48:57,342 - pyiron_log - INFO - run_shell: workdir=/tmp/pytest-of-hmai/pytest-253/test_run_shell_concurrent_call0/work_1
2026-08-01 15:48:57,344 - pyiron_log - INFO - run_shell: workdir=/tmp/pytest-of-hmai/pytest-253/test_run_shell_concurrent_call0/work_2
2026-08-01 15:48:57,347 - pyiron_log - INFO - run_shell: workdir=/tmp/pytest-of-hmai/pytest-253/test_run_shell_concurrent_call0/work_3
2026-08-01 15:48:57,356 - pyiron_log - INFO - run_shell: workdir=/tmp/pytest-of-hmai/pytest-253/test_run_shell_concurrent_call0/work_0
2026-08-01 15:48:57,359 - pyiron_log - INFO - run_shell: workdir=/tmp/pytest-of-hmai/pytest-253/test_run_shell_concurrent_call0/work_1
2026-08-01 15:48:57,362 - pyiron_log - INFO - run_shell: workdir=/tmp/pytest-of-hmai/pytest-253/test_run_shell_concurrent_call0/work_2
2026-08-01 15:48:57,364 - pyiron_log - INFO - run_shell: workdir=/tmp/pytest-of-hmai/pytest-253/test_run_shell_concurrent_call0/work_3
2026-08-01 15:48:57,368 - pyiron_log - INFO - run_shell: workdir=/tmp/pytest-of-hmai/pytest-253/test_run_shell_concurrent_call0/work_0
2026-08-01 15:48:57,373 - pyiron_log - INFO - run_shell: workdir=/tmp/pytest-of-hmai/pytest-253/test_run_shell_concurrent_call0/work_1
2026-08-01 15:48:57,377 - pyiron_log - INFO - run_shell: workdir=/tmp/pytest-of-hmai/pytest-253/test_run_shell_concurrent_call0/work_2
2026-08-01 15:48:57,380 - pyiron_log - INFO - run_shell: workdir=/tmp/pytest-of-hmai/pytest-253/test_run_shell_concurrent_call0/work_3
2026-08-01 15:48:57,383 - pyiron_log - INFO - run_shell: workdir=/tmp/pytest-of-hmai/pytest-253/test_run_shell_concurrent_call0/work_0
2026-08-01 15:48:57,386 - pyiron_log - INFO - run_shell: workdir=/tmp/pytest-of-hmai/pytest-253/test_run_shell_concurrent_call0/work_1
2026-08-01 15:48:57,390 - pyiron_log - INFO - run_shell: workdir=/tmp/pytest-of-hmai/pytest-253/test_run_shell_concurrent_call0/work_2
2026-08-01 15:48:57,394 - pyiron_log - INFO - run_shell: workdir=/tmp/pytest-of-hmai/pytest-253/test_run_shell_concurrent_call0/work_3
2026-08-01 15:48:57,397 - pyiron_log - INFO - run_shell: workdir=/tmp/pytest-of-hmai/pytest-253/test_run_shell_concurrent_call0/work_0
2026-08-01 15:48:57,401 - pyiron_log - INFO - run_shell: workdir=/tmp/pytest-of-hmai/pytest-253/test_run_shell_concurrent_call0/work_1
2026-08-01 15:48:57,403 - pyiron_log - INFO - run_shell: workdir=/tmp/pytest-of-hmai/pytest-253/test_run_shell_concurrent_call0/work_2
2026-08-01 15:48:57,408 - pyiron_log - INFO - run_shell: workdir=/tmp/pytest-of-hmai/pytest-253/test_run_shell_concurrent_call0/work_3
2026-08-01 15:48:57,412 - pyiron_log - INFO - run_shell: workdir=/tmp/pytest-of-hmai/pytest-253/test_run_shell_concurrent_call0/work_0
2026-08-01 15:48:57,416 - pyiron_log - INFO - run_shell: workdir=/tmp/pytest-of-hmai/pytest-253/test_run_shell_concurrent_call0/work_1
2026-08-01 15:48:57,418 - pyiron_log - INFO - run_shell: workdir=/tmp/pytest-of-hmai/pytest-253/test_run_shell_concurrent_call0/work_2
2026-08-01 15:48:57,421 - pyiron_log - INFO - run_shell: workdir=/tmp/pytest-of-hmai/pytest-253/test_run_shell_concurrent_call0/work_3
2026-08-01 15:48:57,523 - pyiron_log - INFO - File '/tmp/pytest-of-hmai/pytest-253/test_is_line_in_file_missing_f0/no_such_file' not found.
2026-08-01 15:48:57,524 - pyiron_log - INFO - run_shell: workdir=/tmp/pytest-of-hmai/pytest-253/test_run_shell_propagates_subp0
2026-08-01 15:48:57,531 - pyiron_log - INFO - made directory '/tmp/pytest-of-hmai/pytest-253/test_vasp_job_runs_end_to_end0/calc'
2026-08-01 15:48:57,544 - pyiron_log - INFO - run_shell: workdir=/tmp/pytest-of-hmai/pytest-253/test_vasp_job_runs_end_to_end0/calc
2026-08-01 15:48:57,554 - pyiron_log - INFO - Deleted: /tmp/pytest-of-hmai/pytest-253/test_vasp_job_runs_end_to_end0/calc/CHGCAR
2026-08-01 15:48:57,572 - pyiron_log - INFO - made directory '/tmp/pytest-of-hmai/pytest-253/test_vasp_job_removes_calc_dir0/calc2'
2026-08-01 15:48:57,575 - pyiron_log - INFO - run_shell: workdir=/tmp/pytest-of-hmai/pytest-253/test_vasp_job_removes_calc_dir0/calc2
2026-08-01 15:48:57,608 - pyiron_log - INFO - made directory '/tmp/pytest-of-hmai/pytest-253/test_vasp_job_runs_without_fil0/calc3'
2026-08-01 15:48:57,611 - pyiron_log - INFO - run_shell: workdir=/tmp/pytest-of-hmai/pytest-253/test_vasp_job_runs_without_fil0/calc3
2026-08-01 15:48:57,621 - pyiron_log - INFO - Deleted: /tmp/pytest-of-hmai/pytest-253/test_vasp_job_runs_without_fil0/calc3/CHGCAR
2026-08-01 15:48:57,621 - pyiron_log - INFO - Deleted: /tmp/pytest-of-hmai/pytest-253/test_vasp_job_runs_without_fil0/calc3/CHG
2026-08-01 15:48:57,622 - pyiron_log - INFO - Deleted: /tmp/pytest-of-hmai/pytest-253/test_vasp_job_runs_without_fil0/calc3/WAVECAR
2026-08-01 15:48:57,634 - pyiron_log - INFO - made directory '/tmp/pytest-of-hmai/pytest-253/test_vasp_job_explicit_empty_l0/calc4'
2026-08-01 15:48:57,638 - pyiron_log - INFO - run_shell: workdir=/tmp/pytest-of-hmai/pytest-253/test_vasp_job_explicit_empty_l0/calc4
2026-08-01 15:48:57,655 - pyiron_log - INFO - made directory '/tmp/pytest-of-hmai/pytest-253/test_create_working_directory_0/fresh'
2026-08-01 16:22:20,841 - pyiron_log - INFO - run_shell: workdir=/tmp/tmpkoaaa5b9/run
2026-08-01 16:23:57,239 - pyiron_log - INFO - run_shell: workdir=/tmp/tmp9py9zn_f/run
2026-08-01 16:25:20,650 - pyiron_log - INFO - run_shell: workdir=/tmp/tmpqe85gv7s/run
2026-08-01 16:26:08,865 - pyiron_log - INFO - run_shell: workdir=/tmp/tmpqxm0d6nq/run
2026-08-01 16:26:41,367 - pyiron_log - INFO - made directory '/tmp/tmp2gfpn6t8/bulk_fe_run'
2026-08-01 16:26:41,378 - pyiron_log - INFO - run_shell: workdir=/tmp/tmp2gfpn6t8/bulk_fe_run
2026-08-01 16:28:15,901 - pyiron_log - INFO - run_shell: workdir=/tmp/tmp0_a8lud2/bulk_fe_run
2026-08-01 16:28:18,901 - pyiron_log - INFO - run_shell: workdir=/tmp/tmp0_a8lud2/bulk_fe_run
2026-08-01 16:28:38,223 - pyiron_log - INFO - run_shell: workdir=/tmp/tmp4ytqtj6b/swap_run
2026-08-01 16:28:40,390 - pyiron_log - INFO - made directory '/tmp/tmp9sxyqpoi/bulk_fe_run'
2026-08-01 16:28:40,399 - pyiron_log - INFO - run_shell: workdir=/tmp/tmp9sxyqpoi/bulk_fe_run
2026-08-01 16:30:07,777 - pyiron_log - INFO - made directory '/tmp/tmpzxbcv2ox/bulk_fe_run'
2026-08-01 16:30:07,784 - pyiron_log - INFO - run_shell: workdir=/tmp/tmpzxbcv2ox/bulk_fe_run
2026-08-01 16:30:19,459 - pyiron_log - INFO - run_shell: workdir=/tmp/rbf_test2
2026-08-01 16:30:30,971 - pyiron_log - INFO - Deleted: /tmp/pytest-of-hmai/pytest-258/test_delete_files_recursively_0/vaspcalc/CHGCAR
2026-08-01 16:30:30,972 - pyiron_log - INFO - Deleted: /tmp/pytest-of-hmai/pytest-258/test_delete_files_recursively_0/vaspcalc/WAVECAR
2026-08-01 16:30:30,977 - pyiron_log - INFO - Error: /tmp/pytest-of-hmai/pytest-258/test_delete_files_recursively_1/nope is not a valid directory.
2026-08-01 16:30:30,987 - pyiron_log - INFO - compress_directory: compressed directory at /tmp/pytest-of-hmai/pytest-258/test_compress_directory_create0/vaspcalc
2026-08-01 16:30:30,993 - pyiron_log - INFO - compress_directory: compressed directory at /tmp/pytest-of-hmai/pytest-258/test_compress_directory_member0/vaspcalc
2026-08-01 16:30:30,998 - pyiron_log - INFO - compress_directory: compressed directory at /tmp/pytest-of-hmai/pytest-258/test_compress_directory_exclud0/vaspcalc
2026-08-01 16:30:31,008 - pyiron_log - INFO - run_shell: workdir=/tmp/pytest-of-hmai/pytest-258/test_run_shell_executes_in_wor0/calc
2026-08-01 16:30:31,015 - pyiron_log - INFO - run_shell: workdir=/tmp/pytest-of-hmai/pytest-258/test_run_shell_does_not_mutate0/calc
2026-08-01 16:30:31,052 - pyiron_log - INFO - run_shell: workdir=/tmp/pytest-of-hmai/pytest-258/test_run_shell_captures_failur0/calc
2026-08-01 16:30:31,061 - pyiron_log - INFO - run_shell: workdir=/tmp/pytest-of-hmai/pytest-258/test_run_shell_preserves_argum0/calc
2026-08-01 16:30:31,070 - pyiron_log - INFO - run_shell: workdir=/tmp/pytest-of-hmai/pytest-258/test_run_shell_concurrent_call0/work_0
2026-08-01 16:30:31,073 - pyiron_log - INFO - run_shell: workdir=/tmp/pytest-of-hmai/pytest-258/test_run_shell_concurrent_call0/work_1
2026-08-01 16:30:31,077 - pyiron_log - INFO - run_shell: workdir=/tmp/pytest-of-hmai/pytest-258/test_run_shell_concurrent_call0/work_2
2026-08-01 16:30:31,081 - pyiron_log - INFO - run_shell: workdir=/tmp/pytest-of-hmai/pytest-258/test_run_shell_concurrent_call0/work_3
2026-08-01 16:30:31,087 - pyiron_log - INFO - run_shell: workdir=/tmp/pytest-of-hmai/pytest-258/test_run_shell_concurrent_call0/work_0
2026-08-01 16:30:31,089 - pyiron_log - INFO - run_shell: workdir=/tmp/pytest-of-hmai/pytest-258/test_run_shell_concurrent_call0/work_1
2026-08-01 16:30:31,092 - pyiron_log - INFO - run_shell: workdir=/tmp/pytest-of-hmai/pytest-258/test_run_shell_concurrent_call0/work_2
2026-08-01 16:30:31,097 - pyiron_log - INFO - run_shell: workdir=/tmp/pytest-of-hmai/pytest-258/test_run_shell_concurrent_call0/work_3
2026-08-01 16:30:31,101 - pyiron_log - INFO - run_shell: workdir=/tmp/pytest-of-hmai/pytest-258/test_run_shell_concurrent_call0/work_0
2026-08-01 16:30:31,105 - pyiron_log - INFO - run_shell: workdir=/tmp/pytest-of-hmai/pytest-258/test_run_shell_concurrent_call0/work_1
2026-08-01 16:30:31,108 - pyiron_log - INFO - run_shell: workdir=/tmp/pytest-of-hmai/pytest-258/test_run_shell_concurrent_call0/work_2
2026-08-01 16:30:31,112 - pyiron_log - INFO - run_shell: workdir=/tmp/pytest-of-hmai/pytest-258/test_run_shell_concurrent_call0/work_3
2026-08-01 16:30:31,116 - pyiron_log - INFO - run_shell: workdir=/tmp/pytest-of-hmai/pytest-258/test_run_shell_concurrent_call0/work_0
2026-08-01 16:30:31,120 - pyiron_log - INFO - run_shell: workdir=/tmp/pytest-of-hmai/pytest-258/test_run_shell_concurrent_call0/work_1
2026-08-01 16:30:31,123 - pyiron_log - INFO - run_shell: workdir=/tmp/pytest-of-hmai/pytest-258/test_run_shell_concurrent_call0/work_2
2026-08-01 16:30:31,126 - pyiron_log - INFO - run_shell: workdir=/tmp/pytest-of-hmai/pytest-258/test_run_shell_concurrent_call0/work_3
2026-08-01 16:30:31,129 - pyiron_log - INFO - run_shell: workdir=/tmp/pytest-of-hmai/pytest-258/test_run_shell_concurrent_call0/work_0
2026-08-01 16:30:31,135 - pyiron_log - INFO - run_shell: workdir=/tmp/pytest-of-hmai/pytest-258/test_run_shell_concurrent_call0/work_1
2026-08-01 16:30:31,139 - pyiron_log - INFO - run_shell: workdir=/tmp/pytest-of-hmai/pytest-258/test_run_shell_concurrent_call0/work_2
2026-08-01 16:30:31,142 - pyiron_log - INFO - run_shell: workdir=/tmp/pytest-of-hmai/pytest-258/test_run_shell_concurrent_call0/work_3
2026-08-01 16:30:31,146 - pyiron_log - INFO - run_shell: workdir=/tmp/pytest-of-hmai/pytest-258/test_run_shell_concurrent_call0/work_0
2026-08-01 16:30:31,149 - pyiron_log - INFO - run_shell: workdir=/tmp/pytest-of-hmai/pytest-258/test_run_shell_concurrent_call0/work_1
2026-08-01 16:30:31,152 - pyiron_log - INFO - run_shell: workdir=/tmp/pytest-of-hmai/pytest-258/test_run_shell_concurrent_call0/work_2
2026-08-01 16:30:31,156 - pyiron_log - INFO - run_shell: workdir=/tmp/pytest-of-hmai/pytest-258/test_run_shell_concurrent_call0/work_3
2026-08-01 16:30:31,167 - pyiron_log - INFO - run_shell: workdir=/tmp/pytest-of-hmai/pytest-258/test_run_shell_concurrent_call0/work_0
2026-08-01 16:30:31,170 - pyiron_log - INFO - run_shell: workdir=/tmp/pytest-of-hmai/pytest-258/test_run_shell_concurrent_call0/work_1
2026-08-01 16:30:31,173 - pyiron_log - INFO - run_shell: workdir=/tmp/pytest-of-hmai/pytest-258/test_run_shell_concurrent_call0/work_2
2026-08-01 16:30:31,177 - pyiron_log - INFO - run_shell: workdir=/tmp/pytest-of-hmai/pytest-258/test_run_shell_concurrent_call0/work_3
2026-08-01 16:30:31,182 - pyiron_log - INFO - run_shell: workdir=/tmp/pytest-of-hmai/pytest-258/test_run_shell_concurrent_call0/work_0
2026-08-01 16:30:31,187 - pyiron_log - INFO - run_shell: workdir=/tmp/pytest-of-hmai/pytest-258/test_run_shell_concurrent_call0/work_1
2026-08-01 16:30:31,190 - pyiron_log - INFO - run_shell: workdir=/tmp/pytest-of-hmai/pytest-258/test_run_shell_concurrent_call0/work_2
2026-08-01 16:30:31,194 - pyiron_log - INFO - run_shell: workdir=/tmp/pytest-of-hmai/pytest-258/test_run_shell_concurrent_call0/work_3
2026-08-01 16:30:31,197 - pyiron_log - INFO - run_shell: workdir=/tmp/pytest-of-hmai/pytest-258/test_run_shell_concurrent_call0/work_0
2026-08-01 16:30:31,200 - pyiron_log - INFO - run_shell: workdir=/tmp/pytest-of-hmai/pytest-258/test_run_shell_concurrent_call0/work_1
2026-08-01 16:30:31,205 - pyiron_log - INFO - run_shell: workdir=/tmp/pytest-of-hmai/pytest-258/test_run_shell_concurrent_call0/work_2
2026-08-01 16:30:31,209 - pyiron_log - INFO - run_shell: workdir=/tmp/pytest-of-hmai/pytest-258/test_run_shell_concurrent_call0/work_3
2026-08-01 16:30:31,213 - pyiron_log - INFO - run_shell: workdir=/tmp/pytest-of-hmai/pytest-258/test_run_shell_concurrent_call0/work_0
2026-08-01 16:30:31,216 - pyiron_log - INFO - run_shell: workdir=/tmp/pytest-of-hmai/pytest-258/test_run_shell_concurrent_call0/work_1
2026-08-01 16:30:31,219 - pyiron_log - INFO - run_shell: workdir=/tmp/pytest-of-hmai/pytest-258/test_run_shell_concurrent_call0/work_2
2026-08-01 16:30:31,222 - pyiron_log - INFO - run_shell: workdir=/tmp/pytest-of-hmai/pytest-258/test_run_shell_concurrent_call0/work_3
2026-08-01 16:30:31,227 - pyiron_log - INFO - run_shell: workdir=/tmp/pytest-of-hmai/pytest-258/test_run_shell_concurrent_call0/work_0
2026-08-01 16:30:31,231 - pyiron_log - INFO - run_shell: workdir=/tmp/pytest-of-hmai/pytest-258/test_run_shell_concurrent_call0/work_1
2026-08-01 16:30:31,235 - pyiron_log - INFO - run_shell: workdir=/tmp/pytest-of-hmai/pytest-258/test_run_shell_concurrent_call0/work_2
2026-08-01 16:30:31,238 - pyiron_log - INFO - run_shell: workdir=/tmp/pytest-of-hmai/pytest-258/test_run_shell_concurrent_call0/work_3
2026-08-01 16:30:31,241 - pyiron_log - INFO - run_shell: workdir=/tmp/pytest-of-hmai/pytest-258/test_run_shell_concurrent_call0/work_0
2026-08-01 16:30:31,243 - pyiron_log - INFO - run_shell: workdir=/tmp/pytest-of-hmai/pytest-258/test_run_shell_concurrent_call0/work_1
2026-08-01 16:30:31,252 - pyiron_log - INFO - run_shell: workdir=/tmp/pytest-of-hmai/pytest-258/test_run_shell_concurrent_call0/work_2
2026-08-01 16:30:31,255 - pyiron_log - INFO - run_shell: workdir=/tmp/pytest-of-hmai/pytest-258/test_run_shell_concurrent_call0/work_3
2026-08-01 16:30:31,268 - pyiron_log - INFO - run_shell: workdir=/tmp/pytest-of-hmai/pytest-258/test_run_shell_concurrent_call0/work_0
2026-08-01 16:30:31,271 - pyiron_log - INFO - run_shell: workdir=/tmp/pytest-of-hmai/pytest-258/test_run_shell_concurrent_call0/work_1
2026-08-01 16:30:31,274 - pyiron_log - INFO - run_shell: workdir=/tmp/pytest-of-hmai/pytest-258/test_run_shell_concurrent_call0/work_2
2026-08-01 16:30:31,277 - pyiron_log - INFO - run_shell: workdir=/tmp/pytest-of-hmai/pytest-258/test_run_shell_concurrent_call0/work_3
2026-08-01 16:30:31,286 - pyiron_log - INFO - run_shell: workdir=/tmp/pytest-of-hmai/pytest-258/test_run_shell_concurrent_call0/work_0
2026-08-01 16:30:31,289 - pyiron_log - INFO - run_shell: workdir=/tmp/pytest-of-hmai/pytest-258/test_run_shell_concurrent_call0/work_1
2026-08-01 16:30:31,292 - pyiron_log - INFO - run_shell: workdir=/tmp/pytest-of-hmai/pytest-258/test_run_shell_concurrent_call0/work_2
2026-08-01 16:30:31,294 - pyiron_log - INFO - run_shell: workdir=/tmp/pytest-of-hmai/pytest-258/test_run_shell_concurrent_call0/work_3
2026-08-01 16:30:31,303 - pyiron_log - INFO - run_shell: workdir=/tmp/pytest-of-hmai/pytest-258/test_run_shell_concurrent_call0/work_0
2026-08-01 16:30:31,306 - pyiron_log - INFO - run_shell: workdir=/tmp/pytest-of-hmai/pytest-258/test_run_shell_concurrent_call0/work_1
2026-08-01 16:30:31,309 - pyiron_log - INFO - run_shell: workdir=/tmp/pytest-of-hmai/pytest-258/test_run_shell_concurrent_call0/work_2
2026-08-01 16:30:31,312 - pyiron_log - INFO - run_shell: workdir=/tmp/pytest-of-hmai/pytest-258/test_run_shell_concurrent_call0/work_3
2026-08-01 16:30:31,317 - pyiron_log - INFO - run_shell: workdir=/tmp/pytest-of-hmai/pytest-258/test_run_shell_concurrent_call0/work_0
2026-08-01 16:30:31,324 - pyiron_log - INFO - run_shell: workdir=/tmp/pytest-of-hmai/pytest-258/test_run_shell_concurrent_call0/work_1
2026-08-01 16:30:31,327 - pyiron_log - INFO - run_shell: workdir=/tmp/pytest-of-hmai/pytest-258/test_run_shell_concurrent_call0/work_2
2026-08-01 16:30:31,329 - pyiron_log - INFO - run_shell: workdir=/tmp/pytest-of-hmai/pytest-258/test_run_shell_concurrent_call0/work_3
2026-08-01 16:30:31,333 - pyiron_log - INFO - run_shell: workdir=/tmp/pytest-of-hmai/pytest-258/test_run_shell_concurrent_call0/work_0
2026-08-01 16:30:31,335 - pyiron_log - INFO - run_shell: workdir=/tmp/pytest-of-hmai/pytest-258/test_run_shell_concurrent_call0/work_1
2026-08-01 16:30:31,340 - pyiron_log - INFO - run_shell: workdir=/tmp/pytest-of-hmai/pytest-258/test_run_shell_concurrent_call0/work_2
2026-08-01 16:30:31,344 - pyiron_log - INFO - run_shell: workdir=/tmp/pytest-of-hmai/pytest-258/test_run_shell_concurrent_call0/work_3
2026-08-01 16:30:31,348 - pyiron_log - INFO - run_shell: workdir=/tmp/pytest-of-hmai/pytest-258/test_run_shell_concurrent_call0/work_0
2026-08-01 16:30:31,351 - pyiron_log - INFO - run_shell: workdir=/tmp/pytest-of-hmai/pytest-258/test_run_shell_concurrent_call0/work_1
2026-08-01 16:30:31,354 - pyiron_log - INFO - run_shell: workdir=/tmp/pytest-of-hmai/pytest-258/test_run_shell_concurrent_call0/work_2
2026-08-01 16:30:31,358 - pyiron_log - INFO - run_shell: workdir=/tmp/pytest-of-hmai/pytest-258/test_run_shell_concurrent_call0/work_3
2026-08-01 16:30:31,369 - pyiron_log - INFO - run_shell: workdir=/tmp/pytest-of-hmai/pytest-258/test_run_shell_concurrent_call0/work_0
2026-08-01 16:30:31,372 - pyiron_log - INFO - run_shell: workdir=/tmp/pytest-of-hmai/pytest-258/test_run_shell_concurrent_call0/work_1
2026-08-01 16:30:31,375 - pyiron_log - INFO - run_shell: workdir=/tmp/pytest-of-hmai/pytest-258/test_run_shell_concurrent_call0/work_2
2026-08-01 16:30:31,377 - pyiron_log - INFO - run_shell: workdir=/tmp/pytest-of-hmai/pytest-258/test_run_shell_concurrent_call0/work_3
2026-08-01 16:30:31,386 - pyiron_log - INFO - run_shell: workdir=/tmp/pytest-of-hmai/pytest-258/test_run_shell_concurrent_call0/work_0
2026-08-01 16:30:31,389 - pyiron_log - INFO - run_shell: workdir=/tmp/pytest-of-hmai/pytest-258/test_run_shell_concurrent_call0/work_1
2026-08-01 16:30:31,392 - pyiron_log - INFO - run_shell: workdir=/tmp/pytest-of-hmai/pytest-258/test_run_shell_concurrent_call0/work_2
2026-08-01 16:30:31,393 - pyiron_log - INFO - run_shell: workdir=/tmp/pytest-of-hmai/pytest-258/test_run_shell_concurrent_call0/work_3
2026-08-01 16:30:31,402 - pyiron_log - INFO - run_shell: workdir=/tmp/pytest-of-hmai/pytest-258/test_run_shell_concurrent_call0/work_0
2026-08-01 16:30:31,404 - pyiron_log - INFO - run_shell: workdir=/tmp/pytest-of-hmai/pytest-258/test_run_shell_concurrent_call0/work_1
2026-08-01 16:30:31,407 - pyiron_log - INFO - run_shell: workdir=/tmp/pytest-of-hmai/pytest-258/test_run_shell_concurrent_call0/work_2
2026-08-01 16:30:31,410 - pyiron_log - INFO - run_shell: workdir=/tmp/pytest-of-hmai/pytest-258/test_run_shell_concurrent_call0/work_3
2026-08-01 16:30:31,414 - pyiron_log - INFO - run_shell: workdir=/tmp/pytest-of-hmai/pytest-258/test_run_shell_concurrent_call0/work_0
2026-08-01 16:30:31,419 - pyiron_log - INFO - run_shell: workdir=/tmp/pytest-of-hmai/pytest-258/test_run_shell_concurrent_call0/work_1
2026-08-01 16:30:31,422 - pyiron_log - INFO - run_shell: workdir=/tmp/pytest-of-hmai/pytest-258/test_run_shell_concurrent_call0/work_2
2026-08-01 16:30:31,425 - pyiron_log - INFO - run_shell: workdir=/tmp/pytest-of-hmai/pytest-258/test_run_shell_concurrent_call0/work_3
2026-08-01 16:30:31,428 - pyiron_log - INFO - run_shell: workdir=/tmp/pytest-of-hmai/pytest-258/test_run_shell_concurrent_call0/work_0
2026-08-01 16:30:31,433 - pyiron_log - INFO - run_shell: workdir=/tmp/pytest-of-hmai/pytest-258/test_run_shell_concurrent_call0/work_1
2026-08-01 16:30:31,437 - pyiron_log - INFO - run_shell: workdir=/tmp/pytest-of-hmai/pytest-258/test_run_shell_concurrent_call0/work_2
2026-08-01 16:30:31,440 - pyiron_log - INFO - run_shell: workdir=/tmp/pytest-of-hmai/pytest-258/test_run_shell_concurrent_call0/work_3
2026-08-01 16:30:31,445 - pyiron_log - INFO - run_shell: workdir=/tmp/pytest-of-hmai/pytest-258/test_run_shell_concurrent_call0/work_0
2026-08-01 16:30:31,449 - pyiron_log - INFO - run_shell: workdir=/tmp/pytest-of-hmai/pytest-258/test_run_shell_concurrent_call0/work_1
2026-08-01 16:30:31,452 - pyiron_log - INFO - run_shell: workdir=/tmp/pytest-of-hmai/pytest-258/test_run_shell_concurrent_call0/work_2
2026-08-01 16:30:31,456 - pyiron_log - INFO - run_shell: workdir=/tmp/pytest-of-hmai/pytest-258/test_run_shell_concurrent_call0/work_3
2026-08-01 16:30:31,467 - pyiron_log - INFO - run_shell: workdir=/tmp/pytest-of-hmai/pytest-258/test_run_shell_concurrent_call0/work_0
2026-08-01 16:30:31,469 - pyiron_log - INFO - run_shell: workdir=/tmp/pytest-of-hmai/pytest-258/test_run_shell_concurrent_call0/work_1
2026-08-01 16:30:31,472 - pyiron_log - INFO - run_shell: workdir=/tmp/pytest-of-hmai/pytest-258/test_run_shell_concurrent_call0/work_2
2026-08-01 16:30:31,475 - pyiron_log - INFO - run_shell: workdir=/tmp/pytest-of-hmai/pytest-258/test_run_shell_concurrent_call0/work_3
2026-08-01 16:30:31,484 - pyiron_log - INFO - run_shell: workdir=/tmp/pytest-of-hmai/pytest-258/test_run_shell_concurrent_call0/work_0
2026-08-01 16:30:31,487 - pyiron_log - INFO - run_shell: workdir=/tmp/pytest-of-hmai/pytest-258/test_run_shell_concurrent_call0/work_1
2026-08-01 16:30:31,491 - pyiron_log - INFO - run_shell: workdir=/tmp/pytest-of-hmai/pytest-258/test_run_shell_concurrent_call0/work_2
2026-08-01 16:30:31,496 - pyiron_log - INFO - run_shell: workdir=/tmp/pytest-of-hmai/pytest-258/test_run_shell_concurrent_call0/work_3
2026-08-01 16:30:31,501 - pyiron_log - INFO - run_shell: workdir=/tmp/pytest-of-hmai/pytest-258/test_run_shell_concurrent_call0/work_0
2026-08-01 16:30:31,504 - pyiron_log - INFO - run_shell: workdir=/tmp/pytest-of-hmai/pytest-258/test_run_shell_concurrent_call0/work_1
2026-08-01 16:30:31,508 - pyiron_log - INFO - run_shell: workdir=/tmp/pytest-of-hmai/pytest-258/test_run_shell_concurrent_call0/work_2
2026-08-01 16:30:31,513 - pyiron_log - INFO - run_shell: workdir=/tmp/pytest-of-hmai/pytest-258/test_run_shell_concurrent_call0/work_3
2026-08-01 16:30:31,518 - pyiron_log - INFO - run_shell: workdir=/tmp/pytest-of-hmai/pytest-258/test_run_shell_concurrent_call0/work_0
2026-08-01 16:30:31,520 - pyiron_log - INFO - run_shell: workdir=/tmp/pytest-of-hmai/pytest-258/test_run_shell_concurrent_call0/work_1
2026-08-01 16:30:31,523 - pyiron_log - INFO - run_shell: workdir=/tmp/pytest-of-hmai/pytest-258/test_run_shell_concurrent_call0/work_2
2026-08-01 16:30:31,529 - pyiron_log - INFO - run_shell: workdir=/tmp/pytest-of-hmai/pytest-258/test_run_shell_concurrent_call0/work_3
2026-08-01 16:30:31,533 - pyiron_log - INFO - run_shell: workdir=/tmp/pytest-of-hmai/pytest-258/test_run_shell_concurrent_call0/work_0
2026-08-01 16:30:31,536 - pyiron_log - INFO - run_shell: workdir=/tmp/pytest-of-hmai/pytest-258/test_run_shell_concurrent_call0/work_1
2026-08-01 16:30:31,540 - pyiron_log - INFO - run_shell: workdir=/tmp/pytest-of-hmai/pytest-258/test_run_shell_concurrent_call0/work_2
2026-08-01 16:30:31,544 - pyiron_log - INFO - run_shell: workdir=/tmp/pytest-of-hmai/pytest-258/test_run_shell_concurrent_call0/work_3
2026-08-01 16:30:31,547 - pyiron_log - INFO - run_shell: workdir=/tmp/pytest-of-hmai/pytest-258/test_run_shell_concurrent_call0/work_0
2026-08-01 16:30:31,551 - pyiron_log - INFO - run_shell: workdir=/tmp/pytest-of-hmai/pytest-258/test_run_shell_concurrent_call0/work_1
2026-08-01 16:30:31,555 - pyiron_log - INFO - run_shell: workdir=/tmp/pytest-of-hmai/pytest-258/test_run_shell_concurrent_call0/work_2
2026-08-01 16:30:31,559 - pyiron_log - INFO - run_shell: workdir=/tmp/pytest-of-hmai/pytest-258/test_run_shell_concurrent_call0/work_3
2026-08-01 16:30:31,715 - pyiron_log - INFO - File '/tmp/pytest-of-hmai/pytest-258/test_is_line_in_file_missing_f0/no_such_file' not found.
2026-08-01 16:30:31,716 - pyiron_log - INFO - run_shell: workdir=/tmp/pytest-of-hmai/pytest-258/test_run_shell_propagates_subp0
2026-08-01 16:30:31,724 - pyiron_log - INFO - made directory '/tmp/pytest-of-hmai/pytest-258/test_vasp_job_runs_end_to_end0/calc'
2026-08-01 16:30:31,736 - pyiron_log - INFO - run_shell: workdir=/tmp/pytest-of-hmai/pytest-258/test_vasp_job_runs_end_to_end0/calc
2026-08-01 16:30:31,746 - pyiron_log - INFO - Deleted: /tmp/pytest-of-hmai/pytest-258/test_vasp_job_runs_end_to_end0/calc/CHGCAR
2026-08-01 16:30:31,766 - pyiron_log - INFO - made directory '/tmp/pytest-of-hmai/pytest-258/test_vasp_job_removes_calc_dir0/calc2'
2026-08-01 16:30:31,770 - pyiron_log - INFO - run_shell: workdir=/tmp/pytest-of-hmai/pytest-258/test_vasp_job_removes_calc_dir0/calc2
2026-08-01 16:30:31,810 - pyiron_log - INFO - made directory '/tmp/pytest-of-hmai/pytest-258/test_vasp_job_runs_without_fil0/calc3'
2026-08-01 16:30:31,814 - pyiron_log - INFO - run_shell: workdir=/tmp/pytest-of-hmai/pytest-258/test_vasp_job_runs_without_fil0/calc3
2026-08-01 16:30:31,823 - pyiron_log - INFO - Deleted: /tmp/pytest-of-hmai/pytest-258/test_vasp_job_runs_without_fil0/calc3/CHGCAR
2026-08-01 16:30:31,824 - pyiron_log - INFO - Deleted: /tmp/pytest-of-hmai/pytest-258/test_vasp_job_runs_without_fil0/calc3/CHG
2026-08-01 16:30:31,824 - pyiron_log - INFO - Deleted: /tmp/pytest-of-hmai/pytest-258/test_vasp_job_runs_without_fil0/calc3/WAVECAR
2026-08-01 16:30:31,843 - pyiron_log - INFO - made directory '/tmp/pytest-of-hmai/pytest-258/test_vasp_job_explicit_empty_l0/calc4'
2026-08-01 16:30:31,850 - pyiron_log - INFO - run_shell: workdir=/tmp/pytest-of-hmai/pytest-258/test_vasp_job_explicit_empty_l0/calc4
2026-08-01 16:30:31,867 - pyiron_log - INFO - made directory '/tmp/pytest-of-hmai/pytest-258/test_create_working_directory_0/fresh'
2026-08-01 16:32:27,090 - pyiron_log - INFO - run_shell: workdir=/tmp/tmpls18ccp_/run
2026-08-01 16:32:27,152 - pyiron_log - INFO - run_shell: workdir=/tmp/tmp9y3e_b18/run
2026-08-01 16:32:51,861 - pyiron_log - INFO - run_shell: workdir=/tmp/tmpl_c0y7vn/run
2026-08-01 16:32:51,914 - pyiron_log - INFO - run_shell: workdir=/tmp/tmpkx5prke6/run
2026-08-01 16:33:00,316 - pyiron_log - INFO - run_shell: workdir=/tmp/tmp2ahf3ke_/run
2026-08-01 16:33:00,350 - pyiron_log - INFO - run_shell: workdir=/tmp/tmpxw_zyb6h/run
2026-08-01 16:34:23,229 - pyiron_log - INFO - made directory '/tmp/pytest-of-hmai/pytest-259/test_vasp_job_runs_end_to_end0/calc'
2026-08-01 16:34:23,243 - pyiron_log - INFO - run_shell: workdir=/tmp/pytest-of-hmai/pytest-259/test_vasp_job_runs_end_to_end0/calc
2026-08-01 16:34:23,254 - pyiron_log - INFO - Deleted: /tmp/pytest-of-hmai/pytest-259/test_vasp_job_runs_end_to_end0/calc/CHGCAR
2026-08-01 16:34:23,267 - pyiron_log - INFO - made directory '/tmp/pytest-of-hmai/pytest-259/test_vasp_job_removes_calc_dir0/calc2'
2026-08-01 16:34:23,271 - pyiron_log - INFO - run_shell: workdir=/tmp/pytest-of-hmai/pytest-259/test_vasp_job_removes_calc_dir0/calc2
2026-08-01 16:34:23,307 - pyiron_log - INFO - made directory '/tmp/pytest-of-hmai/pytest-259/test_vasp_job_runs_without_fil0/calc3'
2026-08-01 16:34:23,310 - pyiron_log - INFO - run_shell: workdir=/tmp/pytest-of-hmai/pytest-259/test_vasp_job_runs_without_fil0/calc3
2026-08-01 16:34:23,320 - pyiron_log - INFO - Deleted: /tmp/pytest-of-hmai/pytest-259/test_vasp_job_runs_without_fil0/calc3/CHGCAR
2026-08-01 16:34:23,320 - pyiron_log - INFO - Deleted: /tmp/pytest-of-hmai/pytest-259/test_vasp_job_runs_without_fil0/calc3/CHG
2026-08-01 16:34:23,321 - pyiron_log - INFO - Deleted: /tmp/pytest-of-hmai/pytest-259/test_vasp_job_runs_without_fil0/calc3/WAVECAR
2026-08-01 16:34:23,334 - pyiron_log - INFO - made directory '/tmp/pytest-of-hmai/pytest-259/test_vasp_job_explicit_empty_l0/calc4'
2026-08-01 16:34:23,410 - pyiron_log - INFO - run_shell: workdir=/tmp/pytest-of-hmai/pytest-259/test_vasp_job_explicit_empty_l0/calc4
2026-08-01 16:34:23,428 - pyiron_log - INFO - made directory '/tmp/pytest-of-hmai/pytest-259/test_vasp_job_matches_producti0/calc5'
2026-08-01 16:34:23,430 - pyiron_log - INFO - run_shell: workdir=/tmp/pytest-of-hmai/pytest-259/test_vasp_job_matches_producti0/calc5
2026-08-01 16:34:23,436 - pyiron_log - INFO - Deleted: /tmp/pytest-of-hmai/pytest-259/test_vasp_job_matches_producti0/calc5/CHGCAR
2026-08-01 16:34:23,437 - pyiron_log - INFO - Deleted: /tmp/pytest-of-hmai/pytest-259/test_vasp_job_matches_producti0/calc5/CHG
2026-08-01 16:34:23,437 - pyiron_log - INFO - Deleted: /tmp/pytest-of-hmai/pytest-259/test_vasp_job_matches_producti0/calc5/WAVECAR
2026-08-01 16:34:50,887 - pyiron_log - INFO - made directory '/tmp/pytest-of-hmai/pytest-260/test_vasp_job_matches_producti0/calc5'
2026-08-01 16:34:50,893 - pyiron_log - INFO - run_shell: workdir=/tmp/pytest-of-hmai/pytest-260/test_vasp_job_matches_producti0/calc5
2026-08-01 16:35:08,193 - pyiron_log - INFO - made directory '/tmp/pytest-of-hmai/pytest-261/test_vasp_job_runs_end_to_end0/calc'
2026-08-01 16:35:08,205 - pyiron_log - INFO - run_shell: workdir=/tmp/pytest-of-hmai/pytest-261/test_vasp_job_runs_end_to_end0/calc
2026-08-01 16:35:08,215 - pyiron_log - INFO - Deleted: /tmp/pytest-of-hmai/pytest-261/test_vasp_job_runs_end_to_end0/calc/CHGCAR
2026-08-01 16:35:08,230 - pyiron_log - INFO - made directory '/tmp/pytest-of-hmai/pytest-261/test_vasp_job_removes_calc_dir0/calc2'
2026-08-01 16:35:08,234 - pyiron_log - INFO - run_shell: workdir=/tmp/pytest-of-hmai/pytest-261/test_vasp_job_removes_calc_dir0/calc2
2026-08-01 16:35:08,267 - pyiron_log - INFO - made directory '/tmp/pytest-of-hmai/pytest-261/test_vasp_job_runs_without_fil0/calc3'
2026-08-01 16:35:08,271 - pyiron_log - INFO - run_shell: workdir=/tmp/pytest-of-hmai/pytest-261/test_vasp_job_runs_without_fil0/calc3
2026-08-01 16:35:08,281 - pyiron_log - INFO - Deleted: /tmp/pytest-of-hmai/pytest-261/test_vasp_job_runs_without_fil0/calc3/CHGCAR
2026-08-01 16:35:08,281 - pyiron_log - INFO - Deleted: /tmp/pytest-of-hmai/pytest-261/test_vasp_job_runs_without_fil0/calc3/CHG
2026-08-01 16:35:08,282 - pyiron_log - INFO - Deleted: /tmp/pytest-of-hmai/pytest-261/test_vasp_job_runs_without_fil0/calc3/WAVECAR
2026-08-01 16:35:08,295 - pyiron_log - INFO - made directory '/tmp/pytest-of-hmai/pytest-261/test_vasp_job_explicit_empty_l0/calc4'
2026-08-01 16:35:08,299 - pyiron_log - INFO - run_shell: workdir=/tmp/pytest-of-hmai/pytest-261/test_vasp_job_explicit_empty_l0/calc4
2026-08-01 16:35:08,313 - pyiron_log - INFO - made directory '/tmp/pytest-of-hmai/pytest-261/test_vasp_job_matches_producti0/calc5'
2026-08-01 16:35:08,314 - pyiron_log - INFO - run_shell: workdir=/tmp/pytest-of-hmai/pytest-261/test_vasp_job_matches_producti0/calc5
2026-08-01 16:35:08,321 - pyiron_log - INFO - Deleted: /tmp/pytest-of-hmai/pytest-261/test_vasp_job_matches_producti0/calc5/CHGCAR
2026-08-01 16:35:08,321 - pyiron_log - INFO - Deleted: /tmp/pytest-of-hmai/pytest-261/test_vasp_job_matches_producti0/calc5/CHG
2026-08-01 16:35:08,321 - pyiron_log - INFO - Deleted: /tmp/pytest-of-hmai/pytest-261/test_vasp_job_matches_producti0/calc5/WAVECAR
2026-08-01 16:37:01,728 - pyiron_log - INFO - Deleted: /tmp/pytest-of-hmai/pytest-262/test_delete_files_recursively_0/vaspcalc/CHGCAR
2026-08-01 16:37:01,780 - pyiron_log - INFO - Deleted: /tmp/pytest-of-hmai/pytest-262/test_delete_files_recursively_0/vaspcalc/WAVECAR
2026-08-01 16:37:01,787 - pyiron_log - INFO - Error: /tmp/pytest-of-hmai/pytest-262/test_delete_files_recursively_1/nope is not a valid directory.
2026-08-01 16:37:01,799 - pyiron_log - INFO - compress_directory: compressed directory at /tmp/pytest-of-hmai/pytest-262/test_compress_directory_create0/vaspcalc
2026-08-01 16:37:01,803 - pyiron_log - INFO - compress_directory: compressed directory at /tmp/pytest-of-hmai/pytest-262/test_compress_directory_member0/vaspcalc
2026-08-01 16:37:01,808 - pyiron_log - INFO - compress_directory: compressed directory at /tmp/pytest-of-hmai/pytest-262/test_compress_directory_exclud0/vaspcalc
2026-08-01 16:37:01,818 - pyiron_log - INFO - run_shell: workdir=/tmp/pytest-of-hmai/pytest-262/test_run_shell_executes_in_wor0/calc
2026-08-01 16:37:01,824 - pyiron_log - INFO - run_shell: workdir=/tmp/pytest-of-hmai/pytest-262/test_run_shell_does_not_mutate0/calc
2026-08-01 16:37:01,831 - pyiron_log - INFO - run_shell: workdir=/tmp/pytest-of-hmai/pytest-262/test_run_shell_captures_failur0/calc
2026-08-01 16:37:01,839 - pyiron_log - INFO - run_shell: workdir=/tmp/pytest-of-hmai/pytest-262/test_run_shell_preserves_argum0/calc
2026-08-01 16:37:01,849 - pyiron_log - INFO - run_shell: workdir=/tmp/pytest-of-hmai/pytest-262/test_run_shell_concurrent_call0/work_0
2026-08-01 16:37:01,852 - pyiron_log - INFO - run_shell: workdir=/tmp/pytest-of-hmai/pytest-262/test_run_shell_concurrent_call0/work_1
2026-08-01 16:37:01,855 - pyiron_log - INFO - run_shell: workdir=/tmp/pytest-of-hmai/pytest-262/test_run_shell_concurrent_call0/work_2
2026-08-01 16:37:01,858 - pyiron_log - INFO - run_shell: workdir=/tmp/pytest-of-hmai/pytest-262/test_run_shell_concurrent_call0/work_3
2026-08-01 16:37:01,863 - pyiron_log - INFO - run_shell: workdir=/tmp/pytest-of-hmai/pytest-262/test_run_shell_concurrent_call0/work_0
2026-08-01 16:37:01,866 - pyiron_log - INFO - run_shell: workdir=/tmp/pytest-of-hmai/pytest-262/test_run_shell_concurrent_call0/work_1
2026-08-01 16:37:01,870 - pyiron_log - INFO - run_shell: workdir=/tmp/pytest-of-hmai/pytest-262/test_run_shell_concurrent_call0/work_2
2026-08-01 16:37:01,873 - pyiron_log - INFO - run_shell: workdir=/tmp/pytest-of-hmai/pytest-262/test_run_shell_concurrent_call0/work_3
2026-08-01 16:37:01,877 - pyiron_log - INFO - run_shell: workdir=/tmp/pytest-of-hmai/pytest-262/test_run_shell_concurrent_call0/work_0
2026-08-01 16:37:01,880 - pyiron_log - INFO - run_shell: workdir=/tmp/pytest-of-hmai/pytest-262/test_run_shell_concurrent_call0/work_1
2026-08-01 16:37:01,883 - pyiron_log - INFO - run_shell: workdir=/tmp/pytest-of-hmai/pytest-262/test_run_shell_concurrent_call0/work_2
2026-08-01 16:37:01,886 - pyiron_log - INFO - run_shell: workdir=/tmp/pytest-of-hmai/pytest-262/test_run_shell_concurrent_call0/work_3
2026-08-01 16:37:01,890 - pyiron_log - INFO - run_shell: workdir=/tmp/pytest-of-hmai/pytest-262/test_run_shell_concurrent_call0/work_0
2026-08-01 16:37:01,894 - pyiron_log - INFO - run_shell: workdir=/tmp/pytest-of-hmai/pytest-262/test_run_shell_concurrent_call0/work_1
2026-08-01 16:37:01,896 - pyiron_log - INFO - run_shell: workdir=/tmp/pytest-of-hmai/pytest-262/test_run_shell_concurrent_call0/work_2
2026-08-01 16:37:01,899 - pyiron_log - INFO - run_shell: workdir=/tmp/pytest-of-hmai/pytest-262/test_run_shell_concurrent_call0/work_3
2026-08-01 16:37:01,903 - pyiron_log - INFO - run_shell: workdir=/tmp/pytest-of-hmai/pytest-262/test_run_shell_concurrent_call0/work_0
2026-08-01 16:37:01,910 - pyiron_log - INFO - run_shell: workdir=/tmp/pytest-of-hmai/pytest-262/test_run_shell_concurrent_call0/work_1
2026-08-01 16:37:01,913 - pyiron_log - INFO - run_shell: workdir=/tmp/pytest-of-hmai/pytest-262/test_run_shell_concurrent_call0/work_2
2026-08-01 16:37:01,916 - pyiron_log - INFO - run_shell: workdir=/tmp/pytest-of-hmai/pytest-262/test_run_shell_concurrent_call0/work_3
2026-08-01 16:37:01,919 - pyiron_log - INFO - run_shell: workdir=/tmp/pytest-of-hmai/pytest-262/test_run_shell_concurrent_call0/work_0
2026-08-01 16:37:01,924 - pyiron_log - INFO - run_shell: workdir=/tmp/pytest-of-hmai/pytest-262/test_run_shell_concurrent_call0/work_1
2026-08-01 16:37:01,928 - pyiron_log - INFO - run_shell: workdir=/tmp/pytest-of-hmai/pytest-262/test_run_shell_concurrent_call0/work_2
2026-08-01 16:37:01,930 - pyiron_log - INFO - run_shell: workdir=/tmp/pytest-of-hmai/pytest-262/test_run_shell_concurrent_call0/work_3
2026-08-01 16:37:01,941 - pyiron_log - INFO - run_shell: workdir=/tmp/pytest-of-hmai/pytest-262/test_run_shell_concurrent_call0/work_0
2026-08-01 16:37:01,943 - pyiron_log - INFO - run_shell: workdir=/tmp/pytest-of-hmai/pytest-262/test_run_shell_concurrent_call0/work_1
2026-08-01 16:37:01,946 - pyiron_log - INFO - run_shell: workdir=/tmp/pytest-of-hmai/pytest-262/test_run_shell_concurrent_call0/work_2
2026-08-01 16:37:01,949 - pyiron_log - INFO - run_shell: workdir=/tmp/pytest-of-hmai/pytest-262/test_run_shell_concurrent_call0/work_3
2026-08-01 16:37:01,954 - pyiron_log - INFO - run_shell: workdir=/tmp/pytest-of-hmai/pytest-262/test_run_shell_concurrent_call0/work_0
2026-08-01 16:37:01,958 - pyiron_log - INFO - run_shell: workdir=/tmp/pytest-of-hmai/pytest-262/test_run_shell_concurrent_call0/work_1
2026-08-01 16:37:01,962 - pyiron_log - INFO - run_shell: workdir=/tmp/pytest-of-hmai/pytest-262/test_run_shell_concurrent_call0/work_2
2026-08-01 16:37:01,965 - pyiron_log - INFO - run_shell: workdir=/tmp/pytest-of-hmai/pytest-262/test_run_shell_concurrent_call0/work_3
2026-08-01 16:37:01,967 - pyiron_log - INFO - run_shell: workdir=/tmp/pytest-of-hmai/pytest-262/test_run_shell_concurrent_call0/work_0
2026-08-01 16:37:01,970 - pyiron_log - INFO - run_shell: workdir=/tmp/pytest-of-hmai/pytest-262/test_run_shell_concurrent_call0/work_1
2026-08-01 16:37:01,977 - pyiron_log - INFO - run_shell: workdir=/tmp/pytest-of-hmai/pytest-262/test_run_shell_concurrent_call0/work_2
2026-08-01 16:37:01,980 - pyiron_log - INFO - run_shell: workdir=/tmp/pytest-of-hmai/pytest-262/test_run_shell_concurrent_call0/work_3
2026-08-01 16:37:01,983 - pyiron_log - INFO - run_shell: workdir=/tmp/pytest-of-hmai/pytest-262/test_run_shell_concurrent_call0/work_0
2026-08-01 16:37:01,987 - pyiron_log - INFO - run_shell: workdir=/tmp/pytest-of-hmai/pytest-262/test_run_shell_concurrent_call0/work_1
2026-08-01 16:37:01,992 - pyiron_log - INFO - run_shell: workdir=/tmp/pytest-of-hmai/pytest-262/test_run_shell_concurrent_call0/work_2
2026-08-01 16:37:01,995 - pyiron_log - INFO - run_shell: workdir=/tmp/pytest-of-hmai/pytest-262/test_run_shell_concurrent_call0/work_3
2026-08-01 16:37:01,998 - pyiron_log - INFO - run_shell: workdir=/tmp/pytest-of-hmai/pytest-262/test_run_shell_concurrent_call0/work_0
2026-08-01 16:37:02,001 - pyiron_log - INFO - run_shell: workdir=/tmp/pytest-of-hmai/pytest-262/test_run_shell_concurrent_call0/work_1
2026-08-01 16:37:02,008 - pyiron_log - INFO - run_shell: workdir=/tmp/pytest-of-hmai/pytest-262/test_run_shell_concurrent_call0/work_2
2026-08-01 16:37:02,012 - pyiron_log - INFO - run_shell: workdir=/tmp/pytest-of-hmai/pytest-262/test_run_shell_concurrent_call0/work_3
2026-08-01 16:37:02,014 - pyiron_log - INFO - run_shell: workdir=/tmp/pytest-of-hmai/pytest-262/test_run_shell_concurrent_call0/work_0
2026-08-01 16:37:02,017 - pyiron_log - INFO - run_shell: workdir=/tmp/pytest-of-hmai/pytest-262/test_run_shell_concurrent_call0/work_1
2026-08-01 16:37:02,020 - pyiron_log - INFO - run_shell: workdir=/tmp/pytest-of-hmai/pytest-262/test_run_shell_concurrent_call0/work_2
2026-08-01 16:37:02,028 - pyiron_log - INFO - run_shell: workdir=/tmp/pytest-of-hmai/pytest-262/test_run_shell_concurrent_call0/work_3
2026-08-01 16:37:02,036 - pyiron_log - INFO - run_shell: workdir=/tmp/pytest-of-hmai/pytest-262/test_run_shell_concurrent_call0/work_0
2026-08-01 16:37:02,040 - pyiron_log - INFO - run_shell: workdir=/tmp/pytest-of-hmai/pytest-262/test_run_shell_concurrent_call0/work_1
2026-08-01 16:37:02,043 - pyiron_log - INFO - run_shell: workdir=/tmp/pytest-of-hmai/pytest-262/test_run_shell_concurrent_call0/work_2
2026-08-01 16:37:02,047 - pyiron_log - INFO - run_shell: workdir=/tmp/pytest-of-hmai/pytest-262/test_run_shell_concurrent_call0/work_3
2026-08-01 16:37:02,053 - pyiron_log - INFO - run_shell: workdir=/tmp/pytest-of-hmai/pytest-262/test_run_shell_concurrent_call0/work_0
2026-08-01 16:37:02,056 - pyiron_log - INFO - run_shell: workdir=/tmp/pytest-of-hmai/pytest-262/test_run_shell_concurrent_call0/work_1
2026-08-01 16:37:02,060 - pyiron_log - INFO - run_shell: workdir=/tmp/pytest-of-hmai/pytest-262/test_run_shell_concurrent_call0/work_2
2026-08-01 16:37:02,062 - pyiron_log - INFO - run_shell: workdir=/tmp/pytest-of-hmai/pytest-262/test_run_shell_concurrent_call0/work_3
2026-08-01 16:37:02,066 - pyiron_log - INFO - run_shell: workdir=/tmp/pytest-of-hmai/pytest-262/test_run_shell_concurrent_call0/work_0
2026-08-01 16:37:02,068 - pyiron_log - INFO - run_shell: workdir=/tmp/pytest-of-hmai/pytest-262/test_run_shell_concurrent_call0/work_1
2026-08-01 16:37:02,071 - pyiron_log - INFO - run_shell: workdir=/tmp/pytest-of-hmai/pytest-262/test_run_shell_concurrent_call0/work_2
2026-08-01 16:37:02,093 - pyiron_log - INFO - run_shell: workdir=/tmp/pytest-of-hmai/pytest-262/test_run_shell_concurrent_call0/work_3
2026-08-01 16:37:02,096 - pyiron_log - INFO - run_shell: workdir=/tmp/pytest-of-hmai/pytest-262/test_run_shell_concurrent_call0/work_0
2026-08-01 16:37:02,099 - pyiron_log - INFO - run_shell: workdir=/tmp/pytest-of-hmai/pytest-262/test_run_shell_concurrent_call0/work_1
2026-08-01 16:37:02,101 - pyiron_log - INFO - run_shell: workdir=/tmp/pytest-of-hmai/pytest-262/test_run_shell_concurrent_call0/work_2
2026-08-01 16:37:02,106 - pyiron_log - INFO - run_shell: workdir=/tmp/pytest-of-hmai/pytest-262/test_run_shell_concurrent_call0/work_3
2026-08-01 16:37:02,110 - pyiron_log - INFO - run_shell: workdir=/tmp/pytest-of-hmai/pytest-262/test_run_shell_concurrent_call0/work_0
2026-08-01 16:37:02,113 - pyiron_log - INFO - run_shell: workdir=/tmp/pytest-of-hmai/pytest-262/test_run_shell_concurrent_call0/work_1
2026-08-01 16:37:02,115 - pyiron_log - INFO - run_shell: workdir=/tmp/pytest-of-hmai/pytest-262/test_run_shell_concurrent_call0/work_2
2026-08-01 16:37:02,119 - pyiron_log - INFO - run_shell: workdir=/tmp/pytest-of-hmai/pytest-262/test_run_shell_concurrent_call0/work_3
2026-08-01 16:37:02,121 - pyiron_log - INFO - run_shell: workdir=/tmp/pytest-of-hmai/pytest-262/test_run_shell_concurrent_call0/work_0
2026-08-01 16:37:02,127 - pyiron_log - INFO - run_shell: workdir=/tmp/pytest-of-hmai/pytest-262/test_run_shell_concurrent_call0/work_1
2026-08-01 16:37:02,130 - pyiron_log - INFO - run_shell: workdir=/tmp/pytest-of-hmai/pytest-262/test_run_shell_concurrent_call0/work_2
2026-08-01 16:37:02,133 - pyiron_log - INFO - run_shell: workdir=/tmp/pytest-of-hmai/pytest-262/test_run_shell_concurrent_call0/work_3
2026-08-01 16:37:02,142 - pyiron_log - INFO - run_shell: workdir=/tmp/pytest-of-hmai/pytest-262/test_run_shell_concurrent_call0/work_0
2026-08-01 16:37:02,145 - pyiron_log - INFO - run_shell: workdir=/tmp/pytest-of-hmai/pytest-262/test_run_shell_concurrent_call0/work_1
2026-08-01 16:37:02,148 - pyiron_log - INFO - run_shell: workdir=/tmp/pytest-of-hmai/pytest-262/test_run_shell_concurrent_call0/work_2
2026-08-01 16:37:02,151 - pyiron_log - INFO - run_shell: workdir=/tmp/pytest-of-hmai/pytest-262/test_run_shell_concurrent_call0/work_3
2026-08-01 16:37:02,156 - pyiron_log - INFO - run_shell: workdir=/tmp/pytest-of-hmai/pytest-262/test_run_shell_concurrent_call0/work_0
2026-08-01 16:37:02,159 - pyiron_log - INFO - run_shell: workdir=/tmp/pytest-of-hmai/pytest-262/test_run_shell_concurrent_call0/work_1
2026-08-01 16:37:02,162 - pyiron_log - INFO - run_shell: workdir=/tmp/pytest-of-hmai/pytest-262/test_run_shell_concurrent_call0/work_2
2026-08-01 16:37:02,167 - pyiron_log - INFO - run_shell: workdir=/tmp/pytest-of-hmai/pytest-262/test_run_shell_concurrent_call0/work_3
2026-08-01 16:37:02,171 - pyiron_log - INFO - run_shell: workdir=/tmp/pytest-of-hmai/pytest-262/test_run_shell_concurrent_call0/work_0
2026-08-01 16:37:02,174 - pyiron_log - INFO - run_shell: workdir=/tmp/pytest-of-hmai/pytest-262/test_run_shell_concurrent_call0/work_1
2026-08-01 16:37:02,177 - pyiron_log - INFO - run_shell: workdir=/tmp/pytest-of-hmai/pytest-262/test_run_shell_concurrent_call0/work_2
2026-08-01 16:37:02,179 - pyiron_log - INFO - run_shell: workdir=/tmp/pytest-of-hmai/pytest-262/test_run_shell_concurrent_call0/work_3
2026-08-01 16:37:02,184 - pyiron_log - INFO - run_shell: workdir=/tmp/pytest-of-hmai/pytest-262/test_run_shell_concurrent_call0/work_0
2026-08-01 16:37:02,188 - pyiron_log - INFO - run_shell: workdir=/tmp/pytest-of-hmai/pytest-262/test_run_shell_concurrent_call0/work_1
2026-08-01 16:37:02,191 - pyiron_log - INFO - run_shell: workdir=/tmp/pytest-of-hmai/pytest-262/test_run_shell_concurrent_call0/work_2
2026-08-01 16:37:02,194 - pyiron_log - INFO - run_shell: workdir=/tmp/pytest-of-hmai/pytest-262/test_run_shell_concurrent_call0/work_3
2026-08-01 16:37:02,198 - pyiron_log - INFO - run_shell: workdir=/tmp/pytest-of-hmai/pytest-262/test_run_shell_concurrent_call0/work_0
2026-08-01 16:37:02,201 - pyiron_log - INFO - run_shell: workdir=/tmp/pytest-of-hmai/pytest-262/test_run_shell_concurrent_call0/work_1
2026-08-01 16:37:02,204 - pyiron_log - INFO - run_shell: workdir=/tmp/pytest-of-hmai/pytest-262/test_run_shell_concurrent_call0/work_2
2026-08-01 16:37:02,207 - pyiron_log - INFO - run_shell: workdir=/tmp/pytest-of-hmai/pytest-262/test_run_shell_concurrent_call0/work_3
2026-08-01 16:37:02,212 - pyiron_log - INFO - run_shell: workdir=/tmp/pytest-of-hmai/pytest-262/test_run_shell_concurrent_call0/work_0
2026-08-01 16:37:02,216 - pyiron_log - INFO - run_shell: workdir=/tmp/pytest-of-hmai/pytest-262/test_run_shell_concurrent_call0/work_1
2026-08-01 16:37:02,219 - pyiron_log - INFO - run_shell: workdir=/tmp/pytest-of-hmai/pytest-262/test_run_shell_concurrent_call0/work_2
2026-08-01 16:37:02,222 - pyiron_log - INFO - run_shell: workdir=/tmp/pytest-of-hmai/pytest-262/test_run_shell_concurrent_call0/work_3
2026-08-01 16:37:02,232 - pyiron_log - INFO - run_shell: workdir=/tmp/pytest-of-hmai/pytest-262/test_run_shell_concurrent_call0/work_0
2026-08-01 16:37:02,234 - pyiron_log - INFO - run_shell: workdir=/tmp/pytest-of-hmai/pytest-262/test_run_shell_concurrent_call0/work_1
2026-08-01 16:37:02,237 - pyiron_log - INFO - run_shell: workdir=/tmp/pytest-of-hmai/pytest-262/test_run_shell_concurrent_call0/work_2
2026-08-01 16:37:02,241 - pyiron_log - INFO - run_shell: workdir=/tmp/pytest-of-hmai/pytest-262/test_run_shell_concurrent_call0/work_3
2026-08-01 16:37:02,248 - pyiron_log - INFO - run_shell: workdir=/tmp/pytest-of-hmai/pytest-262/test_run_shell_concurrent_call0/work_0
2026-08-01 16:37:02,251 - pyiron_log - INFO - run_shell: workdir=/tmp/pytest-of-hmai/pytest-262/test_run_shell_concurrent_call0/work_1
2026-08-01 16:37:02,254 - pyiron_log - INFO - run_shell: workdir=/tmp/pytest-of-hmai/pytest-262/test_run_shell_concurrent_call0/work_2
2026-08-01 16:37:02,258 - pyiron_log - INFO - run_shell: workdir=/tmp/pytest-of-hmai/pytest-262/test_run_shell_concurrent_call0/work_3
2026-08-01 16:37:02,261 - pyiron_log - INFO - run_shell: workdir=/tmp/pytest-of-hmai/pytest-262/test_run_shell_concurrent_call0/work_0
2026-08-01 16:37:02,265 - pyiron_log - INFO - run_shell: workdir=/tmp/pytest-of-hmai/pytest-262/test_run_shell_concurrent_call0/work_1
2026-08-01 16:37:02,268 - pyiron_log - INFO - run_shell: workdir=/tmp/pytest-of-hmai/pytest-262/test_run_shell_concurrent_call0/work_2
2026-08-01 16:37:02,272 - pyiron_log - INFO - run_shell: workdir=/tmp/pytest-of-hmai/pytest-262/test_run_shell_concurrent_call0/work_3
2026-08-01 16:37:02,275 - pyiron_log - INFO - run_shell: workdir=/tmp/pytest-of-hmai/pytest-262/test_run_shell_concurrent_call0/work_0
2026-08-01 16:37:02,278 - pyiron_log - INFO - run_shell: workdir=/tmp/pytest-of-hmai/pytest-262/test_run_shell_concurrent_call0/work_1
2026-08-01 16:37:02,281 - pyiron_log - INFO - run_shell: workdir=/tmp/pytest-of-hmai/pytest-262/test_run_shell_concurrent_call0/work_2
2026-08-01 16:37:02,286 - pyiron_log - INFO - run_shell: workdir=/tmp/pytest-of-hmai/pytest-262/test_run_shell_concurrent_call0/work_3
2026-08-01 16:37:02,289 - pyiron_log - INFO - run_shell: workdir=/tmp/pytest-of-hmai/pytest-262/test_run_shell_concurrent_call0/work_0
2026-08-01 16:37:02,292 - pyiron_log - INFO - run_shell: workdir=/tmp/pytest-of-hmai/pytest-262/test_run_shell_concurrent_call0/work_1
2026-08-01 16:37:02,295 - pyiron_log - INFO - run_shell: workdir=/tmp/pytest-of-hmai/pytest-262/test_run_shell_concurrent_call0/work_2
2026-08-01 16:37:02,300 - pyiron_log - INFO - run_shell: workdir=/tmp/pytest-of-hmai/pytest-262/test_run_shell_concurrent_call0/work_3
2026-08-01 16:37:02,304 - pyiron_log - INFO - run_shell: workdir=/tmp/pytest-of-hmai/pytest-262/test_run_shell_concurrent_call0/work_0
2026-08-01 16:37:02,307 - pyiron_log - INFO - run_shell: workdir=/tmp/pytest-of-hmai/pytest-262/test_run_shell_concurrent_call0/work_1
2026-08-01 16:37:02,310 - pyiron_log - INFO - run_shell: workdir=/tmp/pytest-of-hmai/pytest-262/test_run_shell_concurrent_call0/work_2
2026-08-01 16:37:02,313 - pyiron_log - INFO - run_shell: workdir=/tmp/pytest-of-hmai/pytest-262/test_run_shell_concurrent_call0/work_3
2026-08-01 16:37:02,414 - pyiron_log - INFO - File '/tmp/pytest-of-hmai/pytest-262/test_is_line_in_file_missing_f0/no_such_file' not found.
2026-08-01 16:37:02,416 - pyiron_log - INFO - run_shell: workdir=/tmp/pytest-of-hmai/pytest-262/test_run_shell_propagates_subp0
2026-08-01 16:37:02,424 - pyiron_log - INFO - made directory '/tmp/pytest-of-hmai/pytest-262/test_vasp_job_runs_end_to_end0/calc'
2026-08-01 16:37:02,434 - pyiron_log - INFO - run_shell: workdir=/tmp/pytest-of-hmai/pytest-262/test_vasp_job_runs_end_to_end0/calc
2026-08-01 16:37:02,443 - pyiron_log - INFO - Deleted: /tmp/pytest-of-hmai/pytest-262/test_vasp_job_runs_end_to_end0/calc/CHGCAR
2026-08-01 16:37:02,461 - pyiron_log - INFO - made directory '/tmp/pytest-of-hmai/pytest-262/test_vasp_job_removes_calc_dir0/calc2'
2026-08-01 16:37:02,466 - pyiron_log - INFO - run_shell: workdir=/tmp/pytest-of-hmai/pytest-262/test_vasp_job_removes_calc_dir0/calc2
2026-08-01 16:37:02,498 - pyiron_log - INFO - made directory '/tmp/pytest-of-hmai/pytest-262/test_vasp_job_runs_without_fil0/calc3'
2026-08-01 16:37:02,502 - pyiron_log - INFO - run_shell: workdir=/tmp/pytest-of-hmai/pytest-262/test_vasp_job_runs_without_fil0/calc3
2026-08-01 16:37:02,511 - pyiron_log - INFO - Deleted: /tmp/pytest-of-hmai/pytest-262/test_vasp_job_runs_without_fil0/calc3/CHGCAR
2026-08-01 16:37:02,512 - pyiron_log - INFO - Deleted: /tmp/pytest-of-hmai/pytest-262/test_vasp_job_runs_without_fil0/calc3/CHG
2026-08-01 16:37:02,512 - pyiron_log - INFO - Deleted: /tmp/pytest-of-hmai/pytest-262/test_vasp_job_runs_without_fil0/calc3/WAVECAR
2026-08-01 16:37:02,524 - pyiron_log - INFO - made directory '/tmp/pytest-of-hmai/pytest-262/test_vasp_job_explicit_empty_l0/calc4'
2026-08-01 16:37:02,528 - pyiron_log - INFO - run_shell: workdir=/tmp/pytest-of-hmai/pytest-262/test_vasp_job_explicit_empty_l0/calc4
2026-08-01 16:37:02,546 - pyiron_log - INFO - made directory '/tmp/pytest-of-hmai/pytest-262/test_vasp_job_matches_producti0/calc5'
2026-08-01 16:37:02,547 - pyiron_log - INFO - run_shell: workdir=/tmp/pytest-of-hmai/pytest-262/test_vasp_job_matches_producti0/calc5
2026-08-01 16:37:02,554 - pyiron_log - INFO - Deleted: /tmp/pytest-of-hmai/pytest-262/test_vasp_job_matches_producti0/calc5/CHGCAR
2026-08-01 16:37:02,554 - pyiron_log - INFO - Deleted: /tmp/pytest-of-hmai/pytest-262/test_vasp_job_matches_producti0/calc5/CHG
2026-08-01 16:37:02,554 - pyiron_log - INFO - Deleted: /tmp/pytest-of-hmai/pytest-262/test_vasp_job_matches_producti0/calc5/WAVECAR
2026-08-01 16:37:02,559 - pyiron_log - INFO - made directory '/tmp/pytest-of-hmai/pytest-262/test_create_working_directory_0/fresh'
2026-08-01 16:37:02,625 - pyiron_log - INFO - run_shell: workdir=/tmp/tmpyr7oqz18/run
2026-08-01 16:37:02,649 - pyiron_log - INFO - run_shell: workdir=/tmp/tmpwuekcroh/run
2026-08-01 16:40:14,309 - pyiron_log - INFO - Deleted: /tmp/pytest-of-hmai/pytest-263/test_delete_files_recursively_0/vaspcalc/CHGCAR
2026-08-01 16:40:14,344 - pyiron_log - INFO - Deleted: /tmp/pytest-of-hmai/pytest-263/test_delete_files_recursively_0/vaspcalc/WAVECAR
2026-08-01 16:40:14,361 - pyiron_log - INFO - Error: /tmp/pytest-of-hmai/pytest-263/test_delete_files_recursively_1/nope is not a valid directory.
2026-08-01 16:40:14,370 - pyiron_log - INFO - compress_directory: compressed directory at /tmp/pytest-of-hmai/pytest-263/test_compress_directory_create0/vaspcalc
2026-08-01 16:40:14,375 - pyiron_log - INFO - compress_directory: compressed directory at /tmp/pytest-of-hmai/pytest-263/test_compress_directory_member0/vaspcalc
2026-08-01 16:40:14,379 - pyiron_log - INFO - compress_directory: compressed directory at /tmp/pytest-of-hmai/pytest-263/test_compress_directory_exclud0/vaspcalc
2026-08-01 16:40:14,389 - pyiron_log - INFO - run_shell: workdir=/tmp/pytest-of-hmai/pytest-263/test_run_shell_executes_in_wor0/calc
2026-08-01 16:40:14,398 - pyiron_log - INFO - run_shell: workdir=/tmp/pytest-of-hmai/pytest-263/test_run_shell_does_not_mutate0/calc
2026-08-01 16:40:14,407 - pyiron_log - INFO - run_shell: workdir=/tmp/pytest-of-hmai/pytest-263/test_run_shell_captures_failur0/calc
2026-08-01 16:40:14,414 - pyiron_log - INFO - run_shell: workdir=/tmp/pytest-of-hmai/pytest-263/test_run_shell_preserves_argum0/calc
2026-08-01 16:40:14,423 - pyiron_log - INFO - run_shell: workdir=/tmp/pytest-of-hmai/pytest-263/test_run_shell_concurrent_call0/work_0
2026-08-01 16:40:14,427 - pyiron_log - INFO - run_shell: workdir=/tmp/pytest-of-hmai/pytest-263/test_run_shell_concurrent_call0/work_1
2026-08-01 16:40:14,430 - pyiron_log - INFO - run_shell: workdir=/tmp/pytest-of-hmai/pytest-263/test_run_shell_concurrent_call0/work_2
2026-08-01 16:40:14,433 - pyiron_log - INFO - run_shell: workdir=/tmp/pytest-of-hmai/pytest-263/test_run_shell_concurrent_call0/work_3
2026-08-01 16:40:14,436 - pyiron_log - INFO - run_shell: workdir=/tmp/pytest-of-hmai/pytest-263/test_run_shell_concurrent_call0/work_0
2026-08-01 16:40:14,444 - pyiron_log - INFO - run_shell: workdir=/tmp/pytest-of-hmai/pytest-263/test_run_shell_concurrent_call0/work_1
2026-08-01 16:40:14,447 - pyiron_log - INFO - run_shell: workdir=/tmp/pytest-of-hmai/pytest-263/test_run_shell_concurrent_call0/work_2
2026-08-01 16:40:14,450 - pyiron_log - INFO - run_shell: workdir=/tmp/pytest-of-hmai/pytest-263/test_run_shell_concurrent_call0/work_3
2026-08-01 16:40:14,452 - pyiron_log - INFO - run_shell: workdir=/tmp/pytest-of-hmai/pytest-263/test_run_shell_concurrent_call0/work_0
2026-08-01 16:40:14,455 - pyiron_log - INFO - run_shell: workdir=/tmp/pytest-of-hmai/pytest-263/test_run_shell_concurrent_call0/work_1
2026-08-01 16:40:14,460 - pyiron_log - INFO - run_shell: workdir=/tmp/pytest-of-hmai/pytest-263/test_run_shell_concurrent_call0/work_2
2026-08-01 16:40:14,464 - pyiron_log - INFO - run_shell: workdir=/tmp/pytest-of-hmai/pytest-263/test_run_shell_concurrent_call0/work_3
2026-08-01 16:40:14,467 - pyiron_log - INFO - run_shell: workdir=/tmp/pytest-of-hmai/pytest-263/test_run_shell_concurrent_call0/work_0
2026-08-01 16:40:14,470 - pyiron_log - INFO - run_shell: workdir=/tmp/pytest-of-hmai/pytest-263/test_run_shell_concurrent_call0/work_1
2026-08-01 16:40:14,473 - pyiron_log - INFO - run_shell: workdir=/tmp/pytest-of-hmai/pytest-263/test_run_shell_concurrent_call0/work_2
2026-08-01 16:40:14,475 - pyiron_log - INFO - run_shell: workdir=/tmp/pytest-of-hmai/pytest-263/test_run_shell_concurrent_call0/work_3
2026-08-01 16:40:14,479 - pyiron_log - INFO - run_shell: workdir=/tmp/pytest-of-hmai/pytest-263/test_run_shell_concurrent_call0/work_0
2026-08-01 16:40:14,484 - pyiron_log - INFO - run_shell: workdir=/tmp/pytest-of-hmai/pytest-263/test_run_shell_concurrent_call0/work_1
2026-08-01 16:40:14,487 - pyiron_log - INFO - run_shell: workdir=/tmp/pytest-of-hmai/pytest-263/test_run_shell_concurrent_call0/work_2
2026-08-01 16:40:14,490 - pyiron_log - INFO - run_shell: workdir=/tmp/pytest-of-hmai/pytest-263/test_run_shell_concurrent_call0/work_3
2026-08-01 16:40:14,493 - pyiron_log - INFO - run_shell: workdir=/tmp/pytest-of-hmai/pytest-263/test_run_shell_concurrent_call0/work_0
2026-08-01 16:40:14,496 - pyiron_log - INFO - run_shell: workdir=/tmp/pytest-of-hmai/pytest-263/test_run_shell_concurrent_call0/work_1
2026-08-01 16:40:14,501 - pyiron_log - INFO - run_shell: workdir=/tmp/pytest-of-hmai/pytest-263/test_run_shell_concurrent_call0/work_2
2026-08-01 16:40:14,506 - pyiron_log - INFO - run_shell: workdir=/tmp/pytest-of-hmai/pytest-263/test_run_shell_concurrent_call0/work_3
2026-08-01 16:40:14,516 - pyiron_log - INFO - run_shell: workdir=/tmp/pytest-of-hmai/pytest-263/test_run_shell_concurrent_call0/work_0
2026-08-01 16:40:14,518 - pyiron_log - INFO - run_shell: workdir=/tmp/pytest-of-hmai/pytest-263/test_run_shell_concurrent_call0/work_1
2026-08-01 16:40:14,522 - pyiron_log - INFO - run_shell: workdir=/tmp/pytest-of-hmai/pytest-263/test_run_shell_concurrent_call0/work_2
2026-08-01 16:40:14,525 - pyiron_log - INFO - run_shell: workdir=/tmp/pytest-of-hmai/pytest-263/test_run_shell_concurrent_call0/work_3
2026-08-01 16:40:14,528 - pyiron_log - INFO - run_shell: workdir=/tmp/pytest-of-hmai/pytest-263/test_run_shell_concurrent_call0/work_0
2026-08-01 16:40:14,552 - pyiron_log - INFO - run_shell: workdir=/tmp/pytest-of-hmai/pytest-263/test_run_shell_concurrent_call0/work_1
2026-08-01 16:40:14,556 - pyiron_log - INFO - run_shell: workdir=/tmp/pytest-of-hmai/pytest-263/test_run_shell_concurrent_call0/work_2
2026-08-01 16:40:14,558 - pyiron_log - INFO - run_shell: workdir=/tmp/pytest-of-hmai/pytest-263/test_run_shell_concurrent_call0/work_3
2026-08-01 16:40:14,561 - pyiron_log - INFO - run_shell: workdir=/tmp/pytest-of-hmai/pytest-263/test_run_shell_concurrent_call0/work_0
2026-08-01 16:40:14,564 - pyiron_log - INFO - run_shell: workdir=/tmp/pytest-of-hmai/pytest-263/test_run_shell_concurrent_call0/work_1
2026-08-01 16:40:14,573 - pyiron_log - INFO - run_shell: workdir=/tmp/pytest-of-hmai/pytest-263/test_run_shell_concurrent_call0/work_2
2026-08-01 16:40:14,577 - pyiron_log - INFO - run_shell: workdir=/tmp/pytest-of-hmai/pytest-263/test_run_shell_concurrent_call0/work_3
2026-08-01 16:40:14,579 - pyiron_log - INFO - run_shell: workdir=/tmp/pytest-of-hmai/pytest-263/test_run_shell_concurrent_call0/work_0
2026-08-01 16:40:14,581 - pyiron_log - INFO - run_shell: workdir=/tmp/pytest-of-hmai/pytest-263/test_run_shell_concurrent_call0/work_1
2026-08-01 16:40:14,585 - pyiron_log - INFO - run_shell: workdir=/tmp/pytest-of-hmai/pytest-263/test_run_shell_concurrent_call0/work_2
2026-08-01 16:40:14,590 - pyiron_log - INFO - run_shell: workdir=/tmp/pytest-of-hmai/pytest-263/test_run_shell_concurrent_call0/work_3
2026-08-01 16:40:14,594 - pyiron_log - INFO - run_shell: workdir=/tmp/pytest-of-hmai/pytest-263/test_run_shell_concurrent_call0/work_0
2026-08-01 16:40:14,596 - pyiron_log - INFO - run_shell: workdir=/tmp/pytest-of-hmai/pytest-263/test_run_shell_concurrent_call0/work_1
2026-08-01 16:40:14,600 - pyiron_log - INFO - run_shell: workdir=/tmp/pytest-of-hmai/pytest-263/test_run_shell_concurrent_call0/work_2
2026-08-01 16:40:14,603 - pyiron_log - INFO - run_shell: workdir=/tmp/pytest-of-hmai/pytest-263/test_run_shell_concurrent_call0/work_3
2026-08-01 16:40:14,606 - pyiron_log - INFO - run_shell: workdir=/tmp/pytest-of-hmai/pytest-263/test_run_shell_concurrent_call0/work_0
2026-08-01 16:40:14,611 - pyiron_log - INFO - run_shell: workdir=/tmp/pytest-of-hmai/pytest-263/test_run_shell_concurrent_call0/work_1
2026-08-01 16:40:14,615 - pyiron_log - INFO - run_shell: workdir=/tmp/pytest-of-hmai/pytest-263/test_run_shell_concurrent_call0/work_2
2026-08-01 16:40:14,618 - pyiron_log - INFO - run_shell: workdir=/tmp/pytest-of-hmai/pytest-263/test_run_shell_concurrent_call0/work_3
2026-08-01 16:40:14,628 - pyiron_log - INFO - run_shell: workdir=/tmp/pytest-of-hmai/pytest-263/test_run_shell_concurrent_call0/work_0
2026-08-01 16:40:14,631 - pyiron_log - INFO - run_shell: workdir=/tmp/pytest-of-hmai/pytest-263/test_run_shell_concurrent_call0/work_1
2026-08-01 16:40:14,634 - pyiron_log - INFO - run_shell: workdir=/tmp/pytest-of-hmai/pytest-263/test_run_shell_concurrent_call0/work_2
2026-08-01 16:40:14,636 - pyiron_log - INFO - run_shell: workdir=/tmp/pytest-of-hmai/pytest-263/test_run_shell_concurrent_call0/work_3
2026-08-01 16:40:14,640 - pyiron_log - INFO - run_shell: workdir=/tmp/pytest-of-hmai/pytest-263/test_run_shell_concurrent_call0/work_0
2026-08-01 16:40:14,645 - pyiron_log - INFO - run_shell: workdir=/tmp/pytest-of-hmai/pytest-263/test_run_shell_concurrent_call0/work_1
2026-08-01 16:40:14,648 - pyiron_log - INFO - run_shell: workdir=/tmp/pytest-of-hmai/pytest-263/test_run_shell_concurrent_call0/work_2
2026-08-01 16:40:14,651 - pyiron_log - INFO - run_shell: workdir=/tmp/pytest-of-hmai/pytest-263/test_run_shell_concurrent_call0/work_3
2026-08-01 16:40:14,654 - pyiron_log - INFO - run_shell: workdir=/tmp/pytest-of-hmai/pytest-263/test_run_shell_concurrent_call0/work_0
2026-08-01 16:40:14,658 - pyiron_log - INFO - run_shell: workdir=/tmp/pytest-of-hmai/pytest-263/test_run_shell_concurrent_call0/work_1
2026-08-01 16:40:14,661 - pyiron_log - INFO - run_shell: workdir=/tmp/pytest-of-hmai/pytest-263/test_run_shell_concurrent_call0/work_2
2026-08-01 16:40:14,665 - pyiron_log - INFO - run_shell: workdir=/tmp/pytest-of-hmai/pytest-263/test_run_shell_concurrent_call0/work_3
2026-08-01 16:40:14,668 - pyiron_log - INFO - run_shell: workdir=/tmp/pytest-of-hmai/pytest-263/test_run_shell_concurrent_call0/work_0
2026-08-01 16:40:14,676 - pyiron_log - INFO - run_shell: workdir=/tmp/pytest-of-hmai/pytest-263/test_run_shell_concurrent_call0/work_1
2026-08-01 16:40:14,678 - pyiron_log - INFO - run_shell: workdir=/tmp/pytest-of-hmai/pytest-263/test_run_shell_concurrent_call0/work_2
2026-08-01 16:40:14,681 - pyiron_log - INFO - run_shell: workdir=/tmp/pytest-of-hmai/pytest-263/test_run_shell_concurrent_call0/work_3
2026-08-01 16:40:14,685 - pyiron_log - INFO - run_shell: workdir=/tmp/pytest-of-hmai/pytest-263/test_run_shell_concurrent_call0/work_0
2026-08-01 16:40:14,689 - pyiron_log - INFO - run_shell: workdir=/tmp/pytest-of-hmai/pytest-263/test_run_shell_concurrent_call0/work_1
2026-08-01 16:40:14,692 - pyiron_log - INFO - run_shell: workdir=/tmp/pytest-of-hmai/pytest-263/test_run_shell_concurrent_call0/work_2
2026-08-01 16:40:14,695 - pyiron_log - INFO - run_shell: workdir=/tmp/pytest-of-hmai/pytest-263/test_run_shell_concurrent_call0/work_3
2026-08-01 16:40:14,698 - pyiron_log - INFO - run_shell: workdir=/tmp/pytest-of-hmai/pytest-263/test_run_shell_concurrent_call0/work_0
2026-08-01 16:40:14,701 - pyiron_log - INFO - run_shell: workdir=/tmp/pytest-of-hmai/pytest-263/test_run_shell_concurrent_call0/work_1
2026-08-01 16:40:14,704 - pyiron_log - INFO - run_shell: workdir=/tmp/pytest-of-hmai/pytest-263/test_run_shell_concurrent_call0/work_2
2026-08-01 16:40:14,709 - pyiron_log - INFO - run_shell: workdir=/tmp/pytest-of-hmai/pytest-263/test_run_shell_concurrent_call0/work_3
2026-08-01 16:40:14,716 - pyiron_log - INFO - run_shell: workdir=/tmp/pytest-of-hmai/pytest-263/test_run_shell_concurrent_call0/work_0
2026-08-01 16:40:14,719 - pyiron_log - INFO - run_shell: workdir=/tmp/pytest-of-hmai/pytest-263/test_run_shell_concurrent_call0/work_1
2026-08-01 16:40:14,722 - pyiron_log - INFO - run_shell: workdir=/tmp/pytest-of-hmai/pytest-263/test_run_shell_concurrent_call0/work_2
2026-08-01 16:40:14,725 - pyiron_log - INFO - run_shell: workdir=/tmp/pytest-of-hmai/pytest-263/test_run_shell_concurrent_call0/work_3
2026-08-01 16:40:14,731 - pyiron_log - INFO - run_shell: workdir=/tmp/pytest-of-hmai/pytest-263/test_run_shell_concurrent_call0/work_0
2026-08-01 16:40:14,733 - pyiron_log - INFO - run_shell: workdir=/tmp/pytest-of-hmai/pytest-263/test_run_shell_concurrent_call0/work_1
2026-08-01 16:40:14,738 - pyiron_log - INFO - run_shell: workdir=/tmp/pytest-of-hmai/pytest-263/test_run_shell_concurrent_call0/work_2
2026-08-01 16:40:14,740 - pyiron_log - INFO - run_shell: workdir=/tmp/pytest-of-hmai/pytest-263/test_run_shell_concurrent_call0/work_3
2026-08-01 16:40:14,744 - pyiron_log - INFO - run_shell: workdir=/tmp/pytest-of-hmai/pytest-263/test_run_shell_concurrent_call0/work_0
2026-08-01 16:40:14,746 - pyiron_log - INFO - run_shell: workdir=/tmp/pytest-of-hmai/pytest-263/test_run_shell_concurrent_call0/work_1
2026-08-01 16:40:14,752 - pyiron_log - INFO - run_shell: workdir=/tmp/pytest-of-hmai/pytest-263/test_run_shell_concurrent_call0/work_2
2026-08-01 16:40:14,755 - pyiron_log - INFO - run_shell: workdir=/tmp/pytest-of-hmai/pytest-263/test_run_shell_concurrent_call0/work_3
2026-08-01 16:40:14,758 - pyiron_log - INFO - run_shell: workdir=/tmp/pytest-of-hmai/pytest-263/test_run_shell_concurrent_call0/work_0
2026-08-01 16:40:14,761 - pyiron_log - INFO - run_shell: workdir=/tmp/pytest-of-hmai/pytest-263/test_run_shell_concurrent_call0/work_1
2026-08-01 16:40:14,766 - pyiron_log - INFO - run_shell: workdir=/tmp/pytest-of-hmai/pytest-263/test_run_shell_concurrent_call0/work_2
2026-08-01 16:40:14,769 - pyiron_log - INFO - run_shell: workdir=/tmp/pytest-of-hmai/pytest-263/test_run_shell_concurrent_call0/work_3
2026-08-01 16:40:14,772 - pyiron_log - INFO - run_shell: workdir=/tmp/pytest-of-hmai/pytest-263/test_run_shell_concurrent_call0/work_0
2026-08-01 16:40:14,775 - pyiron_log - INFO - run_shell: workdir=/tmp/pytest-of-hmai/pytest-263/test_run_shell_concurrent_call0/work_1
2026-08-01 16:40:14,780 - pyiron_log - INFO - run_shell: workdir=/tmp/pytest-of-hmai/pytest-263/test_run_shell_concurrent_call0/work_2
2026-08-01 16:40:14,783 - pyiron_log - INFO - run_shell: workdir=/tmp/pytest-of-hmai/pytest-263/test_run_shell_concurrent_call0/work_3
2026-08-01 16:40:14,786 - pyiron_log - INFO - run_shell: workdir=/tmp/pytest-of-hmai/pytest-263/test_run_shell_concurrent_call0/work_0
2026-08-01 16:40:14,790 - pyiron_log - INFO - run_shell: workdir=/tmp/pytest-of-hmai/pytest-263/test_run_shell_concurrent_call0/work_1
2026-08-01 16:40:14,793 - pyiron_log - INFO - run_shell: workdir=/tmp/pytest-of-hmai/pytest-263/test_run_shell_concurrent_call0/work_2
2026-08-01 16:40:14,797 - pyiron_log - INFO - run_shell: workdir=/tmp/pytest-of-hmai/pytest-263/test_run_shell_concurrent_call0/work_3
2026-08-01 16:40:14,809 - pyiron_log - INFO - run_shell: workdir=/tmp/pytest-of-hmai/pytest-263/test_run_shell_concurrent_call0/work_0
2026-08-01 16:40:14,812 - pyiron_log - INFO - run_shell: workdir=/tmp/pytest-of-hmai/pytest-263/test_run_shell_concurrent_call0/work_1
2026-08-01 16:40:14,814 - pyiron_log - INFO - run_shell: workdir=/tmp/pytest-of-hmai/pytest-263/test_run_shell_concurrent_call0/work_2
2026-08-01 16:40:14,818 - pyiron_log - INFO - run_shell: workdir=/tmp/pytest-of-hmai/pytest-263/test_run_shell_concurrent_call0/work_3
2026-08-01 16:40:14,826 - pyiron_log - INFO - run_shell: workdir=/tmp/pytest-of-hmai/pytest-263/test_run_shell_concurrent_call0/work_0
2026-08-01 16:40:14,829 - pyiron_log - INFO - run_shell: workdir=/tmp/pytest-of-hmai/pytest-263/test_run_shell_concurrent_call0/work_1
2026-08-01 16:40:14,831 - pyiron_log - INFO - run_shell: workdir=/tmp/pytest-of-hmai/pytest-263/test_run_shell_concurrent_call0/work_2
2026-08-01 16:40:14,835 - pyiron_log - INFO - run_shell: workdir=/tmp/pytest-of-hmai/pytest-263/test_run_shell_concurrent_call0/work_3
2026-08-01 16:40:14,839 - pyiron_log - INFO - run_shell: workdir=/tmp/pytest-of-hmai/pytest-263/test_run_shell_concurrent_call0/work_0
2026-08-01 16:40:14,843 - pyiron_log - INFO - run_shell: workdir=/tmp/pytest-of-hmai/pytest-263/test_run_shell_concurrent_call0/work_1
2026-08-01 16:40:14,847 - pyiron_log - INFO - run_shell: workdir=/tmp/pytest-of-hmai/pytest-263/test_run_shell_concurrent_call0/work_2
2026-08-01 16:40:14,849 - pyiron_log - INFO - run_shell: workdir=/tmp/pytest-of-hmai/pytest-263/test_run_shell_concurrent_call0/work_3
2026-08-01 16:40:14,853 - pyiron_log - INFO - run_shell: workdir=/tmp/pytest-of-hmai/pytest-263/test_run_shell_concurrent_call0/work_0
2026-08-01 16:40:14,855 - pyiron_log - INFO - run_shell: workdir=/tmp/pytest-of-hmai/pytest-263/test_run_shell_concurrent_call0/work_1
2026-08-01 16:40:14,864 - pyiron_log - INFO - run_shell: workdir=/tmp/pytest-of-hmai/pytest-263/test_run_shell_concurrent_call0/work_2
2026-08-01 16:40:14,867 - pyiron_log - INFO - run_shell: workdir=/tmp/pytest-of-hmai/pytest-263/test_run_shell_concurrent_call0/work_3
2026-08-01 16:40:14,869 - pyiron_log - INFO - run_shell: workdir=/tmp/pytest-of-hmai/pytest-263/test_run_shell_concurrent_call0/work_0
2026-08-01 16:40:14,873 - pyiron_log - INFO - run_shell: workdir=/tmp/pytest-of-hmai/pytest-263/test_run_shell_concurrent_call0/work_1
2026-08-01 16:40:14,878 - pyiron_log - INFO - run_shell: workdir=/tmp/pytest-of-hmai/pytest-263/test_run_shell_concurrent_call0/work_2
2026-08-01 16:40:14,881 - pyiron_log - INFO - run_shell: workdir=/tmp/pytest-of-hmai/pytest-263/test_run_shell_concurrent_call0/work_3
2026-08-01 16:40:14,884 - pyiron_log - INFO - run_shell: workdir=/tmp/pytest-of-hmai/pytest-263/test_run_shell_concurrent_call0/work_0
2026-08-01 16:40:14,888 - pyiron_log - INFO - run_shell: workdir=/tmp/pytest-of-hmai/pytest-263/test_run_shell_concurrent_call0/work_1
2026-08-01 16:40:14,891 - pyiron_log - INFO - run_shell: workdir=/tmp/pytest-of-hmai/pytest-263/test_run_shell_concurrent_call0/work_2
2026-08-01 16:40:14,895 - pyiron_log - INFO - run_shell: workdir=/tmp/pytest-of-hmai/pytest-263/test_run_shell_concurrent_call0/work_3
2026-08-01 16:40:15,000 - pyiron_log - INFO - File '/tmp/pytest-of-hmai/pytest-263/test_is_line_in_file_missing_f0/no_such_file' not found.
2026-08-01 16:40:15,001 - pyiron_log - INFO - run_shell: workdir=/tmp/pytest-of-hmai/pytest-263/test_run_shell_propagates_subp0
2026-08-01 16:40:15,009 - pyiron_log - INFO - made directory '/tmp/pytest-of-hmai/pytest-263/test_vasp_job_runs_end_to_end0/calc'
2026-08-01 16:40:15,022 - pyiron_log - INFO - run_shell: workdir=/tmp/pytest-of-hmai/pytest-263/test_vasp_job_runs_end_to_end0/calc
2026-08-01 16:40:15,032 - pyiron_log - INFO - Deleted: /tmp/pytest-of-hmai/pytest-263/test_vasp_job_runs_end_to_end0/calc/CHGCAR
2026-08-01 16:40:15,044 - pyiron_log - INFO - made directory '/tmp/pytest-of-hmai/pytest-263/test_vasp_job_removes_calc_dir0/calc2'
2026-08-01 16:40:15,047 - pyiron_log - INFO - run_shell: workdir=/tmp/pytest-of-hmai/pytest-263/test_vasp_job_removes_calc_dir0/calc2
2026-08-01 16:40:15,079 - pyiron_log - INFO - made directory '/tmp/pytest-of-hmai/pytest-263/test_vasp_job_runs_without_fil0/calc3'
2026-08-01 16:40:15,082 - pyiron_log - INFO - run_shell: workdir=/tmp/pytest-of-hmai/pytest-263/test_vasp_job_runs_without_fil0/calc3
2026-08-01 16:40:15,094 - pyiron_log - INFO - Deleted: /tmp/pytest-of-hmai/pytest-263/test_vasp_job_runs_without_fil0/calc3/CHGCAR
2026-08-01 16:40:15,094 - pyiron_log - INFO - Deleted: /tmp/pytest-of-hmai/pytest-263/test_vasp_job_runs_without_fil0/calc3/CHG
2026-08-01 16:40:15,094 - pyiron_log - INFO - Deleted: /tmp/pytest-of-hmai/pytest-263/test_vasp_job_runs_without_fil0/calc3/WAVECAR
2026-08-01 16:40:15,109 - pyiron_log - INFO - made directory '/tmp/pytest-of-hmai/pytest-263/test_vasp_job_explicit_empty_l0/calc4'
2026-08-01 16:40:15,113 - pyiron_log - INFO - run_shell: workdir=/tmp/pytest-of-hmai/pytest-263/test_vasp_job_explicit_empty_l0/calc4
2026-08-01 16:40:15,128 - pyiron_log - INFO - made directory '/tmp/pytest-of-hmai/pytest-263/test_vasp_job_matches_producti0/calc5'
2026-08-01 16:40:15,128 - pyiron_log - INFO - run_shell: workdir=/tmp/pytest-of-hmai/pytest-263/test_vasp_job_matches_producti0/calc5
2026-08-01 16:40:15,134 - pyiron_log - INFO - Deleted: /tmp/pytest-of-hmai/pytest-263/test_vasp_job_matches_producti0/calc5/CHGCAR
2026-08-01 16:40:15,135 - pyiron_log - INFO - Deleted: /tmp/pytest-of-hmai/pytest-263/test_vasp_job_matches_producti0/calc5/CHG
2026-08-01 16:40:15,135 - pyiron_log - INFO - Deleted: /tmp/pytest-of-hmai/pytest-263/test_vasp_job_matches_producti0/calc5/WAVECAR
2026-08-01 16:40:15,138 - pyiron_log - INFO - made directory '/tmp/pytest-of-hmai/pytest-263/test_create_working_directory_0/fresh'
2026-08-01 16:40:15,211 - pyiron_log - INFO - run_shell: workdir=/tmp/tmpe1vdlzo8/run
2026-08-01 16:40:15,237 - pyiron_log - INFO - run_shell: workdir=/tmp/tmpnc161d9a/run
2026-08-01 16:41:13,423 - pyiron_log - INFO - Deleted: /tmp/pytest-of-hmai/pytest-264/test_delete_files_recursively_0/vaspcalc/CHGCAR
2026-08-01 16:41:13,423 - pyiron_log - INFO - Deleted: /tmp/pytest-of-hmai/pytest-264/test_delete_files_recursively_0/vaspcalc/WAVECAR
2026-08-01 16:41:13,426 - pyiron_log - INFO - Error: /tmp/pytest-of-hmai/pytest-264/test_delete_files_recursively_1/nope is not a valid directory.
2026-08-01 16:41:13,436 - pyiron_log - INFO - compress_directory: compressed directory at /tmp/pytest-of-hmai/pytest-264/test_compress_directory_create0/vaspcalc
2026-08-01 16:41:13,443 - pyiron_log - INFO - compress_directory: compressed directory at /tmp/pytest-of-hmai/pytest-264/test_compress_directory_member0/vaspcalc
2026-08-01 16:41:13,450 - pyiron_log - INFO - compress_directory: compressed directory at /tmp/pytest-of-hmai/pytest-264/test_compress_directory_exclud0/vaspcalc
2026-08-01 16:41:13,478 - pyiron_log - INFO - run_shell: workdir=/tmp/pytest-of-hmai/pytest-264/test_run_shell_executes_in_wor0/calc
2026-08-01 16:41:13,487 - pyiron_log - INFO - run_shell: workdir=/tmp/pytest-of-hmai/pytest-264/test_run_shell_does_not_mutate0/calc
2026-08-01 16:41:13,496 - pyiron_log - INFO - run_shell: workdir=/tmp/pytest-of-hmai/pytest-264/test_run_shell_captures_failur0/calc
2026-08-01 16:41:13,506 - pyiron_log - INFO - run_shell: workdir=/tmp/pytest-of-hmai/pytest-264/test_run_shell_preserves_argum0/calc
2026-08-01 16:41:13,520 - pyiron_log - INFO - run_shell: workdir=/tmp/pytest-of-hmai/pytest-264/test_run_shell_concurrent_call0/work_0
2026-08-01 16:41:13,525 - pyiron_log - INFO - run_shell: workdir=/tmp/pytest-of-hmai/pytest-264/test_run_shell_concurrent_call0/work_1
2026-08-01 16:41:13,531 - pyiron_log - INFO - run_shell: workdir=/tmp/pytest-of-hmai/pytest-264/test_run_shell_concurrent_call0/work_2
2026-08-01 16:41:13,537 - pyiron_log - INFO - run_shell: workdir=/tmp/pytest-of-hmai/pytest-264/test_run_shell_concurrent_call0/work_3
2026-08-01 16:41:13,546 - pyiron_log - INFO - run_shell: workdir=/tmp/pytest-of-hmai/pytest-264/test_run_shell_concurrent_call0/work_0
2026-08-01 16:41:13,552 - pyiron_log - INFO - run_shell: workdir=/tmp/pytest-of-hmai/pytest-264/test_run_shell_concurrent_call0/work_1
2026-08-01 16:41:13,554 - pyiron_log - INFO - run_shell: workdir=/tmp/pytest-of-hmai/pytest-264/test_run_shell_concurrent_call0/work_2
2026-08-01 16:41:13,560 - pyiron_log - INFO - run_shell: workdir=/tmp/pytest-of-hmai/pytest-264/test_run_shell_concurrent_call0/work_3
2026-08-01 16:41:13,568 - pyiron_log - INFO - run_shell: workdir=/tmp/pytest-of-hmai/pytest-264/test_run_shell_concurrent_call0/work_0
2026-08-01 16:41:13,571 - pyiron_log - INFO - run_shell: workdir=/tmp/pytest-of-hmai/pytest-264/test_run_shell_concurrent_call0/work_1
2026-08-01 16:41:13,576 - pyiron_log - INFO - run_shell: workdir=/tmp/pytest-of-hmai/pytest-264/test_run_shell_concurrent_call0/work_2
2026-08-01 16:41:13,580 - pyiron_log - INFO - run_shell: workdir=/tmp/pytest-of-hmai/pytest-264/test_run_shell_concurrent_call0/work_3
2026-08-01 16:41:13,586 - pyiron_log - INFO - run_shell: workdir=/tmp/pytest-of-hmai/pytest-264/test_run_shell_concurrent_call0/work_0
2026-08-01 16:41:13,592 - pyiron_log - INFO - run_shell: workdir=/tmp/pytest-of-hmai/pytest-264/test_run_shell_concurrent_call0/work_1
2026-08-01 16:41:13,599 - pyiron_log - INFO - run_shell: workdir=/tmp/pytest-of-hmai/pytest-264/test_run_shell_concurrent_call0/work_2
2026-08-01 16:41:13,605 - pyiron_log - INFO - run_shell: workdir=/tmp/pytest-of-hmai/pytest-264/test_run_shell_concurrent_call0/work_3
2026-08-01 16:41:13,614 - pyiron_log - INFO - run_shell: workdir=/tmp/pytest-of-hmai/pytest-264/test_run_shell_concurrent_call0/work_0
2026-08-01 16:41:13,618 - pyiron_log - INFO - run_shell: workdir=/tmp/pytest-of-hmai/pytest-264/test_run_shell_concurrent_call0/work_1
2026-08-01 16:41:13,624 - pyiron_log - INFO - run_shell: workdir=/tmp/pytest-of-hmai/pytest-264/test_run_shell_concurrent_call0/work_2
2026-08-01 16:41:13,633 - pyiron_log - INFO - run_shell: workdir=/tmp/pytest-of-hmai/pytest-264/test_run_shell_concurrent_call0/work_3
2026-08-01 16:41:13,638 - pyiron_log - INFO - run_shell: workdir=/tmp/pytest-of-hmai/pytest-264/test_run_shell_concurrent_call0/work_0
2026-08-01 16:41:13,647 - pyiron_log - INFO - run_shell: workdir=/tmp/pytest-of-hmai/pytest-264/test_run_shell_concurrent_call0/work_1
2026-08-01 16:41:13,652 - pyiron_log - INFO - run_shell: workdir=/tmp/pytest-of-hmai/pytest-264/test_run_shell_concurrent_call0/work_2
2026-08-01 16:41:13,663 - pyiron_log - INFO - run_shell: workdir=/tmp/pytest-of-hmai/pytest-264/test_run_shell_concurrent_call0/work_3
2026-08-01 16:41:13,677 - pyiron_log - INFO - run_shell: workdir=/tmp/pytest-of-hmai/pytest-264/test_run_shell_concurrent_call0/work_0
2026-08-01 16:41:13,682 - pyiron_log - INFO - run_shell: workdir=/tmp/pytest-of-hmai/pytest-264/test_run_shell_concurrent_call0/work_1
2026-08-01 16:41:13,687 - pyiron_log - INFO - run_shell: workdir=/tmp/pytest-of-hmai/pytest-264/test_run_shell_concurrent_call0/work_2
2026-08-01 16:41:13,694 - pyiron_log - INFO - run_shell: workdir=/tmp/pytest-of-hmai/pytest-264/test_run_shell_concurrent_call0/work_3
2026-08-01 16:41:13,706 - pyiron_log - INFO - run_shell: workdir=/tmp/pytest-of-hmai/pytest-264/test_run_shell_concurrent_call0/work_0
2026-08-01 16:41:13,712 - pyiron_log - INFO - run_shell: workdir=/tmp/pytest-of-hmai/pytest-264/test_run_shell_concurrent_call0/work_1
2026-08-01 16:41:13,716 - pyiron_log - INFO - run_shell: workdir=/tmp/pytest-of-hmai/pytest-264/test_run_shell_concurrent_call0/work_2
2026-08-01 16:41:13,722 - pyiron_log - INFO - run_shell: workdir=/tmp/pytest-of-hmai/pytest-264/test_run_shell_concurrent_call0/work_3
2026-08-01 16:41:13,731 - pyiron_log - INFO - run_shell: workdir=/tmp/pytest-of-hmai/pytest-264/test_run_shell_concurrent_call0/work_0
2026-08-01 16:41:13,738 - pyiron_log - INFO - run_shell: workdir=/tmp/pytest-of-hmai/pytest-264/test_run_shell_concurrent_call0/work_1
2026-08-01 16:41:13,744 - pyiron_log - INFO - run_shell: workdir=/tmp/pytest-of-hmai/pytest-264/test_run_shell_concurrent_call0/work_2
2026-08-01 16:41:13,750 - pyiron_log - INFO - run_shell: workdir=/tmp/pytest-of-hmai/pytest-264/test_run_shell_concurrent_call0/work_3
2026-08-01 16:41:13,755 - pyiron_log - INFO - run_shell: workdir=/tmp/pytest-of-hmai/pytest-264/test_run_shell_concurrent_call0/work_0
2026-08-01 16:41:13,763 - pyiron_log - INFO - run_shell: workdir=/tmp/pytest-of-hmai/pytest-264/test_run_shell_concurrent_call0/work_1
2026-08-01 16:41:13,772 - pyiron_log - INFO - run_shell: workdir=/tmp/pytest-of-hmai/pytest-264/test_run_shell_concurrent_call0/work_2
2026-08-01 16:41:13,777 - pyiron_log - INFO - run_shell: workdir=/tmp/pytest-of-hmai/pytest-264/test_run_shell_concurrent_call0/work_3
2026-08-01 16:41:13,784 - pyiron_log - INFO - run_shell: workdir=/tmp/pytest-of-hmai/pytest-264/test_run_shell_concurrent_call0/work_0
2026-08-01 16:41:13,790 - pyiron_log - INFO - run_shell: workdir=/tmp/pytest-of-hmai/pytest-264/test_run_shell_concurrent_call0/work_1
2026-08-01 16:41:13,797 - pyiron_log - INFO - run_shell: workdir=/tmp/pytest-of-hmai/pytest-264/test_run_shell_concurrent_call0/work_2
2026-08-01 16:41:13,805 - pyiron_log - INFO - run_shell: workdir=/tmp/pytest-of-hmai/pytest-264/test_run_shell_concurrent_call0/work_3
2026-08-01 16:41:13,811 - pyiron_log - INFO - run_shell: workdir=/tmp/pytest-of-hmai/pytest-264/test_run_shell_concurrent_call0/work_0
2026-08-01 16:41:13,815 - pyiron_log - INFO - run_shell: workdir=/tmp/pytest-of-hmai/pytest-264/test_run_shell_concurrent_call0/work_1
2026-08-01 16:41:13,823 - pyiron_log - INFO - run_shell: workdir=/tmp/pytest-of-hmai/pytest-264/test_run_shell_concurrent_call0/work_2
2026-08-01 16:41:13,829 - pyiron_log - INFO - run_shell: workdir=/tmp/pytest-of-hmai/pytest-264/test_run_shell_concurrent_call0/work_3
2026-08-01 16:41:13,842 - pyiron_log - INFO - run_shell: workdir=/tmp/pytest-of-hmai/pytest-264/test_run_shell_concurrent_call0/work_0
2026-08-01 16:41:13,845 - pyiron_log - INFO - run_shell: workdir=/tmp/pytest-of-hmai/pytest-264/test_run_shell_concurrent_call0/work_1
2026-08-01 16:41:13,849 - pyiron_log - INFO - run_shell: workdir=/tmp/pytest-of-hmai/pytest-264/test_run_shell_concurrent_call0/work_2
2026-08-01 16:41:13,853 - pyiron_log - INFO - run_shell: workdir=/tmp/pytest-of-hmai/pytest-264/test_run_shell_concurrent_call0/work_3
2026-08-01 16:41:13,867 - pyiron_log - INFO - run_shell: workdir=/tmp/pytest-of-hmai/pytest-264/test_run_shell_concurrent_call0/work_0
2026-08-01 16:41:13,872 - pyiron_log - INFO - run_shell: workdir=/tmp/pytest-of-hmai/pytest-264/test_run_shell_concurrent_call0/work_1
2026-08-01 16:41:13,877 - pyiron_log - INFO - run_shell: workdir=/tmp/pytest-of-hmai/pytest-264/test_run_shell_concurrent_call0/work_2
2026-08-01 16:41:13,881 - pyiron_log - INFO - run_shell: workdir=/tmp/pytest-of-hmai/pytest-264/test_run_shell_concurrent_call0/work_3
2026-08-01 16:41:13,892 - pyiron_log - INFO - run_shell: workdir=/tmp/pytest-of-hmai/pytest-264/test_run_shell_concurrent_call0/work_0
2026-08-01 16:41:13,896 - pyiron_log - INFO - run_shell: workdir=/tmp/pytest-of-hmai/pytest-264/test_run_shell_concurrent_call0/work_1
2026-08-01 16:41:13,900 - pyiron_log - INFO - run_shell: workdir=/tmp/pytest-of-hmai/pytest-264/test_run_shell_concurrent_call0/work_2
2026-08-01 16:41:13,903 - pyiron_log - INFO - run_shell: workdir=/tmp/pytest-of-hmai/pytest-264/test_run_shell_concurrent_call0/work_3
2026-08-01 16:41:13,913 - pyiron_log - INFO - run_shell: workdir=/tmp/pytest-of-hmai/pytest-264/test_run_shell_concurrent_call0/work_0
2026-08-01 16:41:13,916 - pyiron_log - INFO - run_shell: workdir=/tmp/pytest-of-hmai/pytest-264/test_run_shell_concurrent_call0/work_1
2026-08-01 16:41:13,919 - pyiron_log - INFO - run_shell: workdir=/tmp/pytest-of-hmai/pytest-264/test_run_shell_concurrent_call0/work_2
2026-08-01 16:41:13,924 - pyiron_log - INFO - run_shell: workdir=/tmp/pytest-of-hmai/pytest-264/test_run_shell_concurrent_call0/work_3
2026-08-01 16:41:13,934 - pyiron_log - INFO - run_shell: workdir=/tmp/pytest-of-hmai/pytest-264/test_run_shell_concurrent_call0/work_0
2026-08-01 16:41:13,938 - pyiron_log - INFO - run_shell: workdir=/tmp/pytest-of-hmai/pytest-264/test_run_shell_concurrent_call0/work_1
2026-08-01 16:41:13,943 - pyiron_log - INFO - run_shell: workdir=/tmp/pytest-of-hmai/pytest-264/test_run_shell_concurrent_call0/work_2
2026-08-01 16:41:13,949 - pyiron_log - INFO - run_shell: workdir=/tmp/pytest-of-hmai/pytest-264/test_run_shell_concurrent_call0/work_3
2026-08-01 16:41:13,952 - pyiron_log - INFO - run_shell: workdir=/tmp/pytest-of-hmai/pytest-264/test_run_shell_concurrent_call0/work_0
2026-08-01 16:41:13,963 - pyiron_log - INFO - run_shell: workdir=/tmp/pytest-of-hmai/pytest-264/test_run_shell_concurrent_call0/work_1
2026-08-01 16:41:13,970 - pyiron_log - INFO - run_shell: workdir=/tmp/pytest-of-hmai/pytest-264/test_run_shell_concurrent_call0/work_2
2026-08-01 16:41:13,974 - pyiron_log - INFO - run_shell: workdir=/tmp/pytest-of-hmai/pytest-264/test_run_shell_concurrent_call0/work_3
2026-08-01 16:41:13,990 - pyiron_log - INFO - run_shell: workdir=/tmp/pytest-of-hmai/pytest-264/test_run_shell_concurrent_call0/work_0
2026-08-01 16:41:13,995 - pyiron_log - INFO - run_shell: workdir=/tmp/pytest-of-hmai/pytest-264/test_run_shell_concurrent_call0/work_1
2026-08-01 16:41:14,000 - pyiron_log - INFO - run_shell: workdir=/tmp/pytest-of-hmai/pytest-264/test_run_shell_concurrent_call0/work_2
2026-08-01 16:41:14,007 - pyiron_log - INFO - run_shell: workdir=/tmp/pytest-of-hmai/pytest-264/test_run_shell_concurrent_call0/work_3
2026-08-01 16:41:14,017 - pyiron_log - INFO - run_shell: workdir=/tmp/pytest-of-hmai/pytest-264/test_run_shell_concurrent_call0/work_0
2026-08-01 16:41:14,023 - pyiron_log - INFO - run_shell: workdir=/tmp/pytest-of-hmai/pytest-264/test_run_shell_concurrent_call0/work_1
2026-08-01 16:41:14,028 - pyiron_log - INFO - run_shell: workdir=/tmp/pytest-of-hmai/pytest-264/test_run_shell_concurrent_call0/work_2
2026-08-01 16:41:14,038 - pyiron_log - INFO - run_shell: workdir=/tmp/pytest-of-hmai/pytest-264/test_run_shell_concurrent_call0/work_3
2026-08-01 16:41:14,041 - pyiron_log - INFO - run_shell: workdir=/tmp/pytest-of-hmai/pytest-264/test_run_shell_concurrent_call0/work_0
2026-08-01 16:41:14,049 - pyiron_log - INFO - run_shell: workdir=/tmp/pytest-of-hmai/pytest-264/test_run_shell_concurrent_call0/work_1
2026-08-01 16:41:14,054 - pyiron_log - INFO - run_shell: workdir=/tmp/pytest-of-hmai/pytest-264/test_run_shell_concurrent_call0/work_2
2026-08-01 16:41:14,060 - pyiron_log - INFO - run_shell: workdir=/tmp/pytest-of-hmai/pytest-264/test_run_shell_concurrent_call0/work_3
2026-08-01 16:41:14,068 - pyiron_log - INFO - run_shell: workdir=/tmp/pytest-of-hmai/pytest-264/test_run_shell_concurrent_call0/work_0
2026-08-01 16:41:14,075 - pyiron_log - INFO - run_shell: workdir=/tmp/pytest-of-hmai/pytest-264/test_run_shell_concurrent_call0/work_1
2026-08-01 16:41:14,080 - pyiron_log - INFO - run_shell: workdir=/tmp/pytest-of-hmai/pytest-264/test_run_shell_concurrent_call0/work_2
2026-08-01 16:41:14,087 - pyiron_log - INFO - run_shell: workdir=/tmp/pytest-of-hmai/pytest-264/test_run_shell_concurrent_call0/work_3
2026-08-01 16:41:14,092 - pyiron_log - INFO - run_shell: workdir=/tmp/pytest-of-hmai/pytest-264/test_run_shell_concurrent_call0/work_0
2026-08-01 16:41:14,101 - pyiron_log - INFO - run_shell: workdir=/tmp/pytest-of-hmai/pytest-264/test_run_shell_concurrent_call0/work_1
2026-08-01 16:41:14,109 - pyiron_log - INFO - run_shell: workdir=/tmp/pytest-of-hmai/pytest-264/test_run_shell_concurrent_call0/work_2
2026-08-01 16:41:14,114 - pyiron_log - INFO - run_shell: workdir=/tmp/pytest-of-hmai/pytest-264/test_run_shell_concurrent_call0/work_3
2026-08-01 16:41:14,118 - pyiron_log - INFO - run_shell: workdir=/tmp/pytest-of-hmai/pytest-264/test_run_shell_concurrent_call0/work_0
2026-08-01 16:41:14,123 - pyiron_log - INFO - run_shell: workdir=/tmp/pytest-of-hmai/pytest-264/test_run_shell_concurrent_call0/work_1
2026-08-01 16:41:14,131 - pyiron_log - INFO - run_shell: workdir=/tmp/pytest-of-hmai/pytest-264/test_run_shell_concurrent_call0/work_2
2026-08-01 16:41:14,140 - pyiron_log - INFO - run_shell: workdir=/tmp/pytest-of-hmai/pytest-264/test_run_shell_concurrent_call0/work_3
2026-08-01 16:41:14,155 - pyiron_log - INFO - run_shell: workdir=/tmp/pytest-of-hmai/pytest-264/test_run_shell_concurrent_call0/work_0
2026-08-01 16:41:14,160 - pyiron_log - INFO - run_shell: workdir=/tmp/pytest-of-hmai/pytest-264/test_run_shell_concurrent_call0/work_1
2026-08-01 16:41:14,165 - pyiron_log - INFO - run_shell: workdir=/tmp/pytest-of-hmai/pytest-264/test_run_shell_concurrent_call0/work_2
2026-08-01 16:41:14,169 - pyiron_log - INFO - run_shell: workdir=/tmp/pytest-of-hmai/pytest-264/test_run_shell_concurrent_call0/work_3
2026-08-01 16:41:14,180 - pyiron_log - INFO - run_shell: workdir=/tmp/pytest-of-hmai/pytest-264/test_run_shell_concurrent_call0/work_0
2026-08-01 16:41:14,183 - pyiron_log - INFO - run_shell: workdir=/tmp/pytest-of-hmai/pytest-264/test_run_shell_concurrent_call0/work_1
2026-08-01 16:41:14,190 - pyiron_log - INFO - run_shell: workdir=/tmp/pytest-of-hmai/pytest-264/test_run_shell_concurrent_call0/work_2
2026-08-01 16:41:14,196 - pyiron_log - INFO - run_shell: workdir=/tmp/pytest-of-hmai/pytest-264/test_run_shell_concurrent_call0/work_3
2026-08-01 16:41:14,201 - pyiron_log - INFO - run_shell: workdir=/tmp/pytest-of-hmai/pytest-264/test_run_shell_concurrent_call0/work_0
2026-08-01 16:41:14,209 - pyiron_log - INFO - run_shell: workdir=/tmp/pytest-of-hmai/pytest-264/test_run_shell_concurrent_call0/work_1
2026-08-01 16:41:14,214 - pyiron_log - INFO - run_shell: workdir=/tmp/pytest-of-hmai/pytest-264/test_run_shell_concurrent_call0/work_2
2026-08-01 16:41:14,221 - pyiron_log - INFO - run_shell: workdir=/tmp/pytest-of-hmai/pytest-264/test_run_shell_concurrent_call0/work_3
2026-08-01 16:41:14,227 - pyiron_log - INFO - run_shell: workdir=/tmp/pytest-of-hmai/pytest-264/test_run_shell_concurrent_call0/work_0
2026-08-01 16:41:14,237 - pyiron_log - INFO - run_shell: workdir=/tmp/pytest-of-hmai/pytest-264/test_run_shell_concurrent_call0/work_1
2026-08-01 16:41:14,243 - pyiron_log - INFO - run_shell: workdir=/tmp/pytest-of-hmai/pytest-264/test_run_shell_concurrent_call0/work_2
2026-08-01 16:41:14,249 - pyiron_log - INFO - run_shell: workdir=/tmp/pytest-of-hmai/pytest-264/test_run_shell_concurrent_call0/work_3
2026-08-01 16:41:14,256 - pyiron_log - INFO - run_shell: workdir=/tmp/pytest-of-hmai/pytest-264/test_run_shell_concurrent_call0/work_0
2026-08-01 16:41:14,265 - pyiron_log - INFO - run_shell: workdir=/tmp/pytest-of-hmai/pytest-264/test_run_shell_concurrent_call0/work_1
2026-08-01 16:41:14,271 - pyiron_log - INFO - run_shell: workdir=/tmp/pytest-of-hmai/pytest-264/test_run_shell_concurrent_call0/work_2
2026-08-01 16:41:14,277 - pyiron_log - INFO - run_shell: workdir=/tmp/pytest-of-hmai/pytest-264/test_run_shell_concurrent_call0/work_3
2026-08-01 16:41:14,282 - pyiron_log - INFO - run_shell: workdir=/tmp/pytest-of-hmai/pytest-264/test_run_shell_concurrent_call0/work_0
2026-08-01 16:41:14,290 - pyiron_log - INFO - run_shell: workdir=/tmp/pytest-of-hmai/pytest-264/test_run_shell_concurrent_call0/work_1
2026-08-01 16:41:14,295 - pyiron_log - INFO - run_shell: workdir=/tmp/pytest-of-hmai/pytest-264/test_run_shell_concurrent_call0/work_2
2026-08-01 16:41:14,300 - pyiron_log - INFO - run_shell: workdir=/tmp/pytest-of-hmai/pytest-264/test_run_shell_concurrent_call0/work_3
2026-08-01 16:41:14,532 - pyiron_log - INFO - File '/tmp/pytest-of-hmai/pytest-264/test_is_line_in_file_missing_f0/no_such_file' not found.
2026-08-01 16:41:14,534 - pyiron_log - INFO - run_shell: workdir=/tmp/pytest-of-hmai/pytest-264/test_run_shell_propagates_subp0
2026-08-01 16:41:14,546 - pyiron_log - INFO - made directory '/tmp/pytest-of-hmai/pytest-264/test_vasp_job_runs_end_to_end0/calc'
2026-08-01 16:41:14,567 - pyiron_log - INFO - run_shell: workdir=/tmp/pytest-of-hmai/pytest-264/test_vasp_job_runs_end_to_end0/calc
2026-08-01 16:41:14,579 - pyiron_log - INFO - Deleted: /tmp/pytest-of-hmai/pytest-264/test_vasp_job_runs_end_to_end0/calc/CHGCAR
2026-08-01 16:41:14,600 - pyiron_log - INFO - made directory '/tmp/pytest-of-hmai/pytest-264/test_vasp_job_removes_calc_dir0/calc2'
2026-08-01 16:41:14,607 - pyiron_log - INFO - run_shell: workdir=/tmp/pytest-of-hmai/pytest-264/test_vasp_job_removes_calc_dir0/calc2
2026-08-01 16:41:14,664 - pyiron_log - INFO - made directory '/tmp/pytest-of-hmai/pytest-264/test_vasp_job_runs_without_fil0/calc3'
2026-08-01 16:41:14,670 - pyiron_log - INFO - run_shell: workdir=/tmp/pytest-of-hmai/pytest-264/test_vasp_job_runs_without_fil0/calc3
2026-08-01 16:41:14,683 - pyiron_log - INFO - Deleted: /tmp/pytest-of-hmai/pytest-264/test_vasp_job_runs_without_fil0/calc3/CHGCAR
2026-08-01 16:41:14,683 - pyiron_log - INFO - Deleted: /tmp/pytest-of-hmai/pytest-264/test_vasp_job_runs_without_fil0/calc3/CHG
2026-08-01 16:41:14,683 - pyiron_log - INFO - Deleted: /tmp/pytest-of-hmai/pytest-264/test_vasp_job_runs_without_fil0/calc3/WAVECAR
2026-08-01 16:41:14,703 - pyiron_log - INFO - made directory '/tmp/pytest-of-hmai/pytest-264/test_vasp_job_explicit_empty_l0/calc4'
2026-08-01 16:41:14,709 - pyiron_log - INFO - run_shell: workdir=/tmp/pytest-of-hmai/pytest-264/test_vasp_job_explicit_empty_l0/calc4
2026-08-01 16:41:14,730 - pyiron_log - INFO - made directory '/tmp/pytest-of-hmai/pytest-264/test_vasp_job_matches_producti0/calc5'
2026-08-01 16:41:14,732 - pyiron_log - INFO - run_shell: workdir=/tmp/pytest-of-hmai/pytest-264/test_vasp_job_matches_producti0/calc5
2026-08-01 16:41:14,739 - pyiron_log - INFO - Deleted: /tmp/pytest-of-hmai/pytest-264/test_vasp_job_matches_producti0/calc5/CHGCAR
2026-08-01 16:41:14,739 - pyiron_log - INFO - Deleted: /tmp/pytest-of-hmai/pytest-264/test_vasp_job_matches_producti0/calc5/CHG
2026-08-01 16:41:14,739 - pyiron_log - INFO - Deleted: /tmp/pytest-of-hmai/pytest-264/test_vasp_job_matches_producti0/calc5/WAVECAR
2026-08-01 16:41:14,743 - pyiron_log - INFO - made directory '/tmp/pytest-of-hmai/pytest-264/test_create_working_directory_0/fresh'
2026-08-01 16:41:14,857 - pyiron_log - INFO - run_shell: workdir=/tmp/tmpgn86z65i/run
2026-08-01 16:41:14,900 - pyiron_log - INFO - run_shell: workdir=/tmp/tmpr8u9fpl1/run
2026-08-01 18:50:51,828 - pyiron_log - INFO - Deleted: /tmp/pytest-of-hmai/pytest-266/test_delete_files_recursively_0/vaspcalc/CHGCAR
2026-08-01 18:50:51,849 - pyiron_log - INFO - Deleted: /tmp/pytest-of-hmai/pytest-266/test_delete_files_recursively_0/vaspcalc/WAVECAR
2026-08-01 18:50:51,854 - pyiron_log - INFO - Error: /tmp/pytest-of-hmai/pytest-266/test_delete_files_recursively_1/nope is not a valid directory.
2026-08-01 18:50:51,865 - pyiron_log - INFO - compress_directory: compressed directory at /tmp/pytest-of-hmai/pytest-266/test_compress_directory_create0/vaspcalc
2026-08-01 18:50:51,872 - pyiron_log - INFO - compress_directory: compressed directory at /tmp/pytest-of-hmai/pytest-266/test_compress_directory_member0/vaspcalc
2026-08-01 18:50:51,877 - pyiron_log - INFO - compress_directory: compressed directory at /tmp/pytest-of-hmai/pytest-266/test_compress_directory_exclud0/vaspcalc
2026-08-01 18:50:51,892 - pyiron_log - INFO - run_shell: workdir=/tmp/pytest-of-hmai/pytest-266/test_run_shell_executes_in_wor0/calc
2026-08-01 18:50:51,900 - pyiron_log - INFO - run_shell: workdir=/tmp/pytest-of-hmai/pytest-266/test_run_shell_does_not_mutate0/calc
2026-08-01 18:50:51,908 - pyiron_log - INFO - run_shell: workdir=/tmp/pytest-of-hmai/pytest-266/test_run_shell_captures_failur0/calc
2026-08-01 18:50:51,916 - pyiron_log - INFO - run_shell: workdir=/tmp/pytest-of-hmai/pytest-266/test_run_shell_preserves_argum0/calc
2026-08-01 18:50:51,929 - pyiron_log - INFO - run_shell: workdir=/tmp/pytest-of-hmai/pytest-266/test_run_shell_concurrent_call0/work_0
2026-08-01 18:50:51,933 - pyiron_log - INFO - run_shell: workdir=/tmp/pytest-of-hmai/pytest-266/test_run_shell_concurrent_call0/work_1
2026-08-01 18:50:51,939 - pyiron_log - INFO - run_shell: workdir=/tmp/pytest-of-hmai/pytest-266/test_run_shell_concurrent_call0/work_2
2026-08-01 18:50:51,946 - pyiron_log - INFO - run_shell: workdir=/tmp/pytest-of-hmai/pytest-266/test_run_shell_concurrent_call0/work_3
2026-08-01 18:50:51,953 - pyiron_log - INFO - run_shell: workdir=/tmp/pytest-of-hmai/pytest-266/test_run_shell_concurrent_call0/work_0
2026-08-01 18:50:51,958 - pyiron_log - INFO - run_shell: workdir=/tmp/pytest-of-hmai/pytest-266/test_run_shell_concurrent_call0/work_1
2026-08-01 18:50:51,966 - pyiron_log - INFO - run_shell: workdir=/tmp/pytest-of-hmai/pytest-266/test_run_shell_concurrent_call0/work_2
2026-08-01 18:50:51,972 - pyiron_log - INFO - run_shell: workdir=/tmp/pytest-of-hmai/pytest-266/test_run_shell_concurrent_call0/work_3
2026-08-01 18:50:51,976 - pyiron_log - INFO - run_shell: workdir=/tmp/pytest-of-hmai/pytest-266/test_run_shell_concurrent_call0/work_0
2026-08-01 18:50:51,986 - pyiron_log - INFO - run_shell: workdir=/tmp/pytest-of-hmai/pytest-266/test_run_shell_concurrent_call0/work_1
2026-08-01 18:50:51,990 - pyiron_log - INFO - run_shell: workdir=/tmp/pytest-of-hmai/pytest-266/test_run_shell_concurrent_call0/work_2
2026-08-01 18:50:51,996 - pyiron_log - INFO - run_shell: workdir=/tmp/pytest-of-hmai/pytest-266/test_run_shell_concurrent_call0/work_3
2026-08-01 18:50:52,001 - pyiron_log - INFO - run_shell: workdir=/tmp/pytest-of-hmai/pytest-266/test_run_shell_concurrent_call0/work_0
2026-08-01 18:50:52,006 - pyiron_log - INFO - run_shell: workdir=/tmp/pytest-of-hmai/pytest-266/test_run_shell_concurrent_call0/work_1
2026-08-01 18:50:52,015 - pyiron_log - INFO - run_shell: workdir=/tmp/pytest-of-hmai/pytest-266/test_run_shell_concurrent_call0/work_2
2026-08-01 18:50:52,020 - pyiron_log - INFO - run_shell: workdir=/tmp/pytest-of-hmai/pytest-266/test_run_shell_concurrent_call0/work_3
2026-08-01 18:50:52,026 - pyiron_log - INFO - run_shell: workdir=/tmp/pytest-of-hmai/pytest-266/test_run_shell_concurrent_call0/work_0
2026-08-01 18:50:52,032 - pyiron_log - INFO - run_shell: workdir=/tmp/pytest-of-hmai/pytest-266/test_run_shell_concurrent_call0/work_1
2026-08-01 18:50:52,037 - pyiron_log - INFO - run_shell: workdir=/tmp/pytest-of-hmai/pytest-266/test_run_shell_concurrent_call0/work_2
2026-08-01 18:50:52,044 - pyiron_log - INFO - run_shell: workdir=/tmp/pytest-of-hmai/pytest-266/test_run_shell_concurrent_call0/work_3
2026-08-01 18:50:52,053 - pyiron_log - INFO - run_shell: workdir=/tmp/pytest-of-hmai/pytest-266/test_run_shell_concurrent_call0/work_0
2026-08-01 18:50:52,059 - pyiron_log - INFO - run_shell: workdir=/tmp/pytest-of-hmai/pytest-266/test_run_shell_concurrent_call0/work_1
2026-08-01 18:50:52,064 - pyiron_log - INFO - run_shell: workdir=/tmp/pytest-of-hmai/pytest-266/test_run_shell_concurrent_call0/work_2
2026-08-01 18:50:52,070 - pyiron_log - INFO - run_shell: workdir=/tmp/pytest-of-hmai/pytest-266/test_run_shell_concurrent_call0/work_3
2026-08-01 18:50:52,084 - pyiron_log - INFO - run_shell: workdir=/tmp/pytest-of-hmai/pytest-266/test_run_shell_concurrent_call0/work_0
2026-08-01 18:50:52,090 - pyiron_log - INFO - run_shell: workdir=/tmp/pytest-of-hmai/pytest-266/test_run_shell_concurrent_call0/work_1
2026-08-01 18:50:52,095 - pyiron_log - INFO - run_shell: workdir=/tmp/pytest-of-hmai/pytest-266/test_run_shell_concurrent_call0/work_2
2026-08-01 18:50:52,101 - pyiron_log - INFO - run_shell: workdir=/tmp/pytest-of-hmai/pytest-266/test_run_shell_concurrent_call0/work_3
2026-08-01 18:50:52,110 - pyiron_log - INFO - run_shell: workdir=/tmp/pytest-of-hmai/pytest-266/test_run_shell_concurrent_call0/work_0
2026-08-01 18:50:52,118 - pyiron_log - INFO - run_shell: workdir=/tmp/pytest-of-hmai/pytest-266/test_run_shell_concurrent_call0/work_1
2026-08-01 18:50:52,122 - pyiron_log - INFO - run_shell: workdir=/tmp/pytest-of-hmai/pytest-266/test_run_shell_concurrent_call0/work_2
2026-08-01 18:50:52,126 - pyiron_log - INFO - run_shell: workdir=/tmp/pytest-of-hmai/pytest-266/test_run_shell_concurrent_call0/work_3
2026-08-01 18:50:52,132 - pyiron_log - INFO - run_shell: workdir=/tmp/pytest-of-hmai/pytest-266/test_run_shell_concurrent_call0/work_0
2026-08-01 18:50:52,139 - pyiron_log - INFO - run_shell: workdir=/tmp/pytest-of-hmai/pytest-266/test_run_shell_concurrent_call0/work_1
2026-08-01 18:50:52,147 - pyiron_log - INFO - run_shell: workdir=/tmp/pytest-of-hmai/pytest-266/test_run_shell_concurrent_call0/work_2
2026-08-01 18:50:52,155 - pyiron_log - INFO - run_shell: workdir=/tmp/pytest-of-hmai/pytest-266/test_run_shell_concurrent_call0/work_3
2026-08-01 18:50:52,160 - pyiron_log - INFO - run_shell: workdir=/tmp/pytest-of-hmai/pytest-266/test_run_shell_concurrent_call0/work_0
2026-08-01 18:50:52,168 - pyiron_log - INFO - run_shell: workdir=/tmp/pytest-of-hmai/pytest-266/test_run_shell_concurrent_call0/work_1
2026-08-01 18:50:52,173 - pyiron_log - INFO - run_shell: workdir=/tmp/pytest-of-hmai/pytest-266/test_run_shell_concurrent_call0/work_2
2026-08-01 18:50:52,180 - pyiron_log - INFO - run_shell: workdir=/tmp/pytest-of-hmai/pytest-266/test_run_shell_concurrent_call0/work_3
2026-08-01 18:50:52,184 - pyiron_log - INFO - run_shell: workdir=/tmp/pytest-of-hmai/pytest-266/test_run_shell_concurrent_call0/work_0
2026-08-01 18:50:52,191 - pyiron_log - INFO - run_shell: workdir=/tmp/pytest-of-hmai/pytest-266/test_run_shell_concurrent_call0/work_1
2026-08-01 18:50:52,195 - pyiron_log - INFO - run_shell: workdir=/tmp/pytest-of-hmai/pytest-266/test_run_shell_concurrent_call0/work_2
2026-08-01 18:50:52,202 - pyiron_log - INFO - run_shell: workdir=/tmp/pytest-of-hmai/pytest-266/test_run_shell_concurrent_call0/work_3
2026-08-01 18:50:52,211 - pyiron_log - INFO - run_shell: workdir=/tmp/pytest-of-hmai/pytest-266/test_run_shell_concurrent_call0/work_0
2026-08-01 18:50:52,216 - pyiron_log - INFO - run_shell: workdir=/tmp/pytest-of-hmai/pytest-266/test_run_shell_concurrent_call0/work_1
2026-08-01 18:50:52,222 - pyiron_log - INFO - run_shell: workdir=/tmp/pytest-of-hmai/pytest-266/test_run_shell_concurrent_call0/work_2
2026-08-01 18:50:52,226 - pyiron_log - INFO - run_shell: workdir=/tmp/pytest-of-hmai/pytest-266/test_run_shell_concurrent_call0/work_3
2026-08-01 18:50:52,242 - pyiron_log - INFO - run_shell: workdir=/tmp/pytest-of-hmai/pytest-266/test_run_shell_concurrent_call0/work_0
2026-08-01 18:50:52,246 - pyiron_log - INFO - run_shell: workdir=/tmp/pytest-of-hmai/pytest-266/test_run_shell_concurrent_call0/work_1
2026-08-01 18:50:52,251 - pyiron_log - INFO - run_shell: workdir=/tmp/pytest-of-hmai/pytest-266/test_run_shell_concurrent_call0/work_2
2026-08-01 18:50:52,256 - pyiron_log - INFO - run_shell: workdir=/tmp/pytest-of-hmai/pytest-266/test_run_shell_concurrent_call0/work_3
2026-08-01 18:50:52,268 - pyiron_log - INFO - run_shell: workdir=/tmp/pytest-of-hmai/pytest-266/test_run_shell_concurrent_call0/work_0
2026-08-01 18:50:52,275 - pyiron_log - INFO - run_shell: workdir=/tmp/pytest-of-hmai/pytest-266/test_run_shell_concurrent_call0/work_1
2026-08-01 18:50:52,280 - pyiron_log - INFO - run_shell: workdir=/tmp/pytest-of-hmai/pytest-266/test_run_shell_concurrent_call0/work_2
2026-08-01 18:50:52,284 - pyiron_log - INFO - run_shell: workdir=/tmp/pytest-of-hmai/pytest-266/test_run_shell_concurrent_call0/work_3
2026-08-01 18:50:52,293 - pyiron_log - INFO - run_shell: workdir=/tmp/pytest-of-hmai/pytest-266/test_run_shell_concurrent_call0/work_0
2026-08-01 18:50:52,298 - pyiron_log - INFO - run_shell: workdir=/tmp/pytest-of-hmai/pytest-266/test_run_shell_concurrent_call0/work_1
2026-08-01 18:50:52,303 - pyiron_log - INFO - run_shell: workdir=/tmp/pytest-of-hmai/pytest-266/test_run_shell_concurrent_call0/work_2
2026-08-01 18:50:52,310 - pyiron_log - INFO - run_shell: workdir=/tmp/pytest-of-hmai/pytest-266/test_run_shell_concurrent_call0/work_3
2026-08-01 18:50:52,318 - pyiron_log - INFO - run_shell: workdir=/tmp/pytest-of-hmai/pytest-266/test_run_shell_concurrent_call0/work_0
2026-08-01 18:50:52,322 - pyiron_log - INFO - run_shell: workdir=/tmp/pytest-of-hmai/pytest-266/test_run_shell_concurrent_call0/work_1
2026-08-01 18:50:52,331 - pyiron_log - INFO - run_shell: workdir=/tmp/pytest-of-hmai/pytest-266/test_run_shell_concurrent_call0/work_2
2026-08-01 18:50:52,335 - pyiron_log - INFO - run_shell: workdir=/tmp/pytest-of-hmai/pytest-266/test_run_shell_concurrent_call0/work_3
2026-08-01 18:50:52,342 - pyiron_log - INFO - run_shell: workdir=/tmp/pytest-of-hmai/pytest-266/test_run_shell_concurrent_call0/work_0
2026-08-01 18:50:52,346 - pyiron_log - INFO - run_shell: workdir=/tmp/pytest-of-hmai/pytest-266/test_run_shell_concurrent_call0/work_1
2026-08-01 18:50:52,355 - pyiron_log - INFO - run_shell: workdir=/tmp/pytest-of-hmai/pytest-266/test_run_shell_concurrent_call0/work_2
2026-08-01 18:50:52,361 - pyiron_log - INFO - run_shell: workdir=/tmp/pytest-of-hmai/pytest-266/test_run_shell_concurrent_call0/work_3
2026-08-01 18:50:52,366 - pyiron_log - INFO - run_shell: workdir=/tmp/pytest-of-hmai/pytest-266/test_run_shell_concurrent_call0/work_0
2026-08-01 18:50:52,371 - pyiron_log - INFO - run_shell: workdir=/tmp/pytest-of-hmai/pytest-266/test_run_shell_concurrent_call0/work_1
2026-08-01 18:50:52,380 - pyiron_log - INFO - run_shell: workdir=/tmp/pytest-of-hmai/pytest-266/test_run_shell_concurrent_call0/work_2
2026-08-01 18:50:52,384 - pyiron_log - INFO - run_shell: workdir=/tmp/pytest-of-hmai/pytest-266/test_run_shell_concurrent_call0/work_3
2026-08-01 18:50:52,397 - pyiron_log - INFO - run_shell: workdir=/tmp/pytest-of-hmai/pytest-266/test_run_shell_concurrent_call0/work_0
2026-08-01 18:50:52,402 - pyiron_log - INFO - run_shell: workdir=/tmp/pytest-of-hmai/pytest-266/test_run_shell_concurrent_call0/work_1
2026-08-01 18:50:52,407 - pyiron_log - INFO - run_shell: workdir=/tmp/pytest-of-hmai/pytest-266/test_run_shell_concurrent_call0/work_2
2026-08-01 18:50:52,414 - pyiron_log - INFO - run_shell: workdir=/tmp/pytest-of-hmai/pytest-266/test_run_shell_concurrent_call0/work_3
2026-08-01 18:50:52,424 - pyiron_log - INFO - run_shell: workdir=/tmp/pytest-of-hmai/pytest-266/test_run_shell_concurrent_call0/work_0
2026-08-01 18:50:52,429 - pyiron_log - INFO - run_shell: workdir=/tmp/pytest-of-hmai/pytest-266/test_run_shell_concurrent_call0/work_1
2026-08-01 18:50:52,434 - pyiron_log - INFO - run_shell: workdir=/tmp/pytest-of-hmai/pytest-266/test_run_shell_concurrent_call0/work_2
2026-08-01 18:50:52,438 - pyiron_log - INFO - run_shell: workdir=/tmp/pytest-of-hmai/pytest-266/test_run_shell_concurrent_call0/work_3
2026-08-01 18:50:52,450 - pyiron_log - INFO - run_shell: workdir=/tmp/pytest-of-hmai/pytest-266/test_run_shell_concurrent_call0/work_0
2026-08-01 18:50:52,455 - pyiron_log - INFO - run_shell: workdir=/tmp/pytest-of-hmai/pytest-266/test_run_shell_concurrent_call0/work_1
2026-08-01 18:50:52,460 - pyiron_log - INFO - run_shell: workdir=/tmp/pytest-of-hmai/pytest-266/test_run_shell_concurrent_call0/work_2
2026-08-01 18:50:52,465 - pyiron_log - INFO - run_shell: workdir=/tmp/pytest-of-hmai/pytest-266/test_run_shell_concurrent_call0/work_3
2026-08-01 18:50:52,478 - pyiron_log - INFO - run_shell: workdir=/tmp/pytest-of-hmai/pytest-266/test_run_shell_concurrent_call0/work_0
2026-08-01 18:50:52,484 - pyiron_log - INFO - run_shell: workdir=/tmp/pytest-of-hmai/pytest-266/test_run_shell_concurrent_call0/work_1
2026-08-01 18:50:52,489 - pyiron_log - INFO - run_shell: workdir=/tmp/pytest-of-hmai/pytest-266/test_run_shell_concurrent_call0/work_2
2026-08-01 18:50:52,493 - pyiron_log - INFO - run_shell: workdir=/tmp/pytest-of-hmai/pytest-266/test_run_shell_concurrent_call0/work_3
2026-08-01 18:50:52,499 - pyiron_log - INFO - run_shell: workdir=/tmp/pytest-of-hmai/pytest-266/test_run_shell_concurrent_call0/work_0
2026-08-01 18:50:52,503 - pyiron_log - INFO - run_shell: workdir=/tmp/pytest-of-hmai/pytest-266/test_run_shell_concurrent_call0/work_1
2026-08-01 18:50:52,523 - pyiron_log - INFO - run_shell: workdir=/tmp/pytest-of-hmai/pytest-266/test_run_shell_concurrent_call0/work_2
2026-08-01 18:50:52,529 - pyiron_log - INFO - run_shell: workdir=/tmp/pytest-of-hmai/pytest-266/test_run_shell_concurrent_call0/work_3
2026-08-01 18:50:52,534 - pyiron_log - INFO - run_shell: workdir=/tmp/pytest-of-hmai/pytest-266/test_run_shell_concurrent_call0/work_0
2026-08-01 18:50:52,542 - pyiron_log - INFO - run_shell: workdir=/tmp/pytest-of-hmai/pytest-266/test_run_shell_concurrent_call0/work_1
2026-08-01 18:50:52,548 - pyiron_log - INFO - run_shell: workdir=/tmp/pytest-of-hmai/pytest-266/test_run_shell_concurrent_call0/work_2
2026-08-01 18:50:52,552 - pyiron_log - INFO - run_shell: workdir=/tmp/pytest-of-hmai/pytest-266/test_run_shell_concurrent_call0/work_3
2026-08-01 18:50:52,565 - pyiron_log - INFO - run_shell: workdir=/tmp/pytest-of-hmai/pytest-266/test_run_shell_concurrent_call0/work_0
2026-08-01 18:50:52,570 - pyiron_log - INFO - run_shell: workdir=/tmp/pytest-of-hmai/pytest-266/test_run_shell_concurrent_call0/work_1
2026-08-01 18:50:52,574 - pyiron_log - INFO - run_shell: workdir=/tmp/pytest-of-hmai/pytest-266/test_run_shell_concurrent_call0/work_2
2026-08-01 18:50:52,580 - pyiron_log - INFO - run_shell: workdir=/tmp/pytest-of-hmai/pytest-266/test_run_shell_concurrent_call0/work_3
2026-08-01 18:50:52,591 - pyiron_log - INFO - run_shell: workdir=/tmp/pytest-of-hmai/pytest-266/test_run_shell_concurrent_call0/work_0
2026-08-01 18:50:52,597 - pyiron_log - INFO - run_shell: workdir=/tmp/pytest-of-hmai/pytest-266/test_run_shell_concurrent_call0/work_1
2026-08-01 18:50:52,604 - pyiron_log - INFO - run_shell: workdir=/tmp/pytest-of-hmai/pytest-266/test_run_shell_concurrent_call0/work_2
2026-08-01 18:50:52,610 - pyiron_log - INFO - run_shell: workdir=/tmp/pytest-of-hmai/pytest-266/test_run_shell_concurrent_call0/work_3
2026-08-01 18:50:52,616 - pyiron_log - INFO - run_shell: workdir=/tmp/pytest-of-hmai/pytest-266/test_run_shell_concurrent_call0/work_0
2026-08-01 18:50:52,620 - pyiron_log - INFO - run_shell: workdir=/tmp/pytest-of-hmai/pytest-266/test_run_shell_concurrent_call0/work_1
2026-08-01 18:50:52,629 - pyiron_log - INFO - run_shell: workdir=/tmp/pytest-of-hmai/pytest-266/test_run_shell_concurrent_call0/work_2
2026-08-01 18:50:52,635 - pyiron_log - INFO - run_shell: workdir=/tmp/pytest-of-hmai/pytest-266/test_run_shell_concurrent_call0/work_3
2026-08-01 18:50:52,640 - pyiron_log - INFO - run_shell: workdir=/tmp/pytest-of-hmai/pytest-266/test_run_shell_concurrent_call0/work_0
2026-08-01 18:50:52,645 - pyiron_log - INFO - run_shell: workdir=/tmp/pytest-of-hmai/pytest-266/test_run_shell_concurrent_call0/work_1
2026-08-01 18:50:52,652 - pyiron_log - INFO - run_shell: workdir=/tmp/pytest-of-hmai/pytest-266/test_run_shell_concurrent_call0/work_2
2026-08-01 18:50:52,661 - pyiron_log - INFO - run_shell: workdir=/tmp/pytest-of-hmai/pytest-266/test_run_shell_concurrent_call0/work_3
2026-08-01 18:50:52,666 - pyiron_log - INFO - run_shell: workdir=/tmp/pytest-of-hmai/pytest-266/test_run_shell_concurrent_call0/work_0
2026-08-01 18:50:52,672 - pyiron_log - INFO - run_shell: workdir=/tmp/pytest-of-hmai/pytest-266/test_run_shell_concurrent_call0/work_1
2026-08-01 18:50:52,677 - pyiron_log - INFO - run_shell: workdir=/tmp/pytest-of-hmai/pytest-266/test_run_shell_concurrent_call0/work_2
2026-08-01 18:50:52,686 - pyiron_log - INFO - run_shell: workdir=/tmp/pytest-of-hmai/pytest-266/test_run_shell_concurrent_call0/work_3
2026-08-01 18:50:52,692 - pyiron_log - INFO - run_shell: workdir=/tmp/pytest-of-hmai/pytest-266/test_run_shell_concurrent_call0/work_0
2026-08-01 18:50:52,696 - pyiron_log - INFO - run_shell: workdir=/tmp/pytest-of-hmai/pytest-266/test_run_shell_concurrent_call0/work_1
2026-08-01 18:50:52,704 - pyiron_log - INFO - run_shell: workdir=/tmp/pytest-of-hmai/pytest-266/test_run_shell_concurrent_call0/work_2
2026-08-01 18:50:52,709 - pyiron_log - INFO - run_shell: workdir=/tmp/pytest-of-hmai/pytest-266/test_run_shell_concurrent_call0/work_3
2026-08-01 18:50:52,909 - pyiron_log - INFO - File '/tmp/pytest-of-hmai/pytest-266/test_is_line_in_file_missing_f0/no_such_file' not found.
2026-08-01 18:50:52,911 - pyiron_log - INFO - run_shell: workdir=/tmp/pytest-of-hmai/pytest-266/test_run_shell_propagates_subp0
2026-08-01 18:50:52,922 - pyiron_log - INFO - made directory '/tmp/pytest-of-hmai/pytest-266/test_vasp_job_runs_end_to_end0/calc'
2026-08-01 18:50:52,942 - pyiron_log - INFO - run_shell: workdir=/tmp/pytest-of-hmai/pytest-266/test_vasp_job_runs_end_to_end0/calc
2026-08-01 18:50:52,953 - pyiron_log - INFO - Deleted: /tmp/pytest-of-hmai/pytest-266/test_vasp_job_runs_end_to_end0/calc/CHGCAR
2026-08-01 18:50:52,972 - pyiron_log - INFO - made directory '/tmp/pytest-of-hmai/pytest-266/test_vasp_job_removes_calc_dir0/calc2'
2026-08-01 18:50:52,978 - pyiron_log - INFO - run_shell: workdir=/tmp/pytest-of-hmai/pytest-266/test_vasp_job_removes_calc_dir0/calc2
2026-08-01 18:50:53,024 - pyiron_log - INFO - made directory '/tmp/pytest-of-hmai/pytest-266/test_vasp_job_runs_without_fil0/calc3'
2026-08-01 18:50:53,030 - pyiron_log - INFO - run_shell: workdir=/tmp/pytest-of-hmai/pytest-266/test_vasp_job_runs_without_fil0/calc3
2026-08-01 18:50:53,042 - pyiron_log - INFO - Deleted: /tmp/pytest-of-hmai/pytest-266/test_vasp_job_runs_without_fil0/calc3/CHGCAR
2026-08-01 18:50:53,043 - pyiron_log - INFO - Deleted: /tmp/pytest-of-hmai/pytest-266/test_vasp_job_runs_without_fil0/calc3/CHG
2026-08-01 18:50:53,043 - pyiron_log - INFO - Deleted: /tmp/pytest-of-hmai/pytest-266/test_vasp_job_runs_without_fil0/calc3/WAVECAR
2026-08-01 18:50:53,062 - pyiron_log - INFO - made directory '/tmp/pytest-of-hmai/pytest-266/test_vasp_job_explicit_empty_l0/calc4'
2026-08-01 18:50:53,068 - pyiron_log - INFO - run_shell: workdir=/tmp/pytest-of-hmai/pytest-266/test_vasp_job_explicit_empty_l0/calc4
2026-08-01 18:50:53,089 - pyiron_log - INFO - made directory '/tmp/pytest-of-hmai/pytest-266/test_vasp_job_matches_producti0/calc5'
2026-08-01 18:50:53,090 - pyiron_log - INFO - run_shell: workdir=/tmp/pytest-of-hmai/pytest-266/test_vasp_job_matches_producti0/calc5
2026-08-01 18:50:53,097 - pyiron_log - INFO - Deleted: /tmp/pytest-of-hmai/pytest-266/test_vasp_job_matches_producti0/calc5/CHGCAR
2026-08-01 18:50:53,097 - pyiron_log - INFO - Deleted: /tmp/pytest-of-hmai/pytest-266/test_vasp_job_matches_producti0/calc5/CHG
2026-08-01 18:50:53,097 - pyiron_log - INFO - Deleted: /tmp/pytest-of-hmai/pytest-266/test_vasp_job_matches_producti0/calc5/WAVECAR
2026-08-01 18:50:53,101 - pyiron_log - INFO - made directory '/tmp/pytest-of-hmai/pytest-266/test_create_working_directory_0/fresh'
2026-08-01 18:50:53,207 - pyiron_log - INFO - run_shell: workdir=/tmp/tmp1xptddc1/run
2026-08-01 18:50:53,245 - pyiron_log - INFO - run_shell: workdir=/tmp/tmpqgiaz29t/run
2026-08-01 18:57:15,688 - pyiron_log - INFO - Deleted: /tmp/pytest-of-hmai/pytest-268/test_delete_files_recursively_0/vaspcalc/CHGCAR
2026-08-01 18:57:15,688 - pyiron_log - INFO - Deleted: /tmp/pytest-of-hmai/pytest-268/test_delete_files_recursively_0/vaspcalc/WAVECAR
2026-08-01 18:57:15,691 - pyiron_log - INFO - Error: /tmp/pytest-of-hmai/pytest-268/test_delete_files_recursively_1/nope is not a valid directory.
2026-08-01 18:57:15,698 - pyiron_log - INFO - compress_directory: compressed directory at /tmp/pytest-of-hmai/pytest-268/test_compress_directory_create0/vaspcalc
2026-08-01 18:57:15,704 - pyiron_log - INFO - compress_directory: compressed directory at /tmp/pytest-of-hmai/pytest-268/test_compress_directory_member0/vaspcalc
2026-08-01 18:57:15,709 - pyiron_log - INFO - compress_directory: compressed directory at /tmp/pytest-of-hmai/pytest-268/test_compress_directory_exclud0/vaspcalc
2026-08-01 18:57:15,725 - pyiron_log - INFO - run_shell: workdir=/tmp/pytest-of-hmai/pytest-268/test_run_shell_executes_in_wor0/calc
2026-08-01 18:57:15,733 - pyiron_log - INFO - run_shell: workdir=/tmp/pytest-of-hmai/pytest-268/test_run_shell_does_not_mutate0/calc
2026-08-01 18:57:15,741 - pyiron_log - INFO - run_shell: workdir=/tmp/pytest-of-hmai/pytest-268/test_run_shell_captures_failur0/calc
2026-08-01 18:57:15,749 - pyiron_log - INFO - run_shell: workdir=/tmp/pytest-of-hmai/pytest-268/test_run_shell_preserves_argum0/calc
2026-08-01 18:57:15,761 - pyiron_log - INFO - run_shell: workdir=/tmp/pytest-of-hmai/pytest-268/test_run_shell_concurrent_call0/work_0
2026-08-01 18:57:15,766 - pyiron_log - INFO - run_shell: workdir=/tmp/pytest-of-hmai/pytest-268/test_run_shell_concurrent_call0/work_1
2026-08-01 18:57:15,771 - pyiron_log - INFO - run_shell: workdir=/tmp/pytest-of-hmai/pytest-268/test_run_shell_concurrent_call0/work_2
2026-08-01 18:57:15,778 - pyiron_log - INFO - run_shell: workdir=/tmp/pytest-of-hmai/pytest-268/test_run_shell_concurrent_call0/work_3
2026-08-01 18:57:15,787 - pyiron_log - INFO - run_shell: workdir=/tmp/pytest-of-hmai/pytest-268/test_run_shell_concurrent_call0/work_0
2026-08-01 18:57:15,792 - pyiron_log - INFO - run_shell: workdir=/tmp/pytest-of-hmai/pytest-268/test_run_shell_concurrent_call0/work_1
2026-08-01 18:57:15,798 - pyiron_log - INFO - run_shell: workdir=/tmp/pytest-of-hmai/pytest-268/test_run_shell_concurrent_call0/work_2
2026-08-01 18:57:15,806 - pyiron_log - INFO - run_shell: workdir=/tmp/pytest-of-hmai/pytest-268/test_run_shell_concurrent_call0/work_3
2026-08-01 18:57:15,810 - pyiron_log - INFO - run_shell: workdir=/tmp/pytest-of-hmai/pytest-268/test_run_shell_concurrent_call0/work_0
2026-08-01 18:57:15,816 - pyiron_log - INFO - run_shell: workdir=/tmp/pytest-of-hmai/pytest-268/test_run_shell_concurrent_call0/work_1
2026-08-01 18:57:15,820 - pyiron_log - INFO - run_shell: workdir=/tmp/pytest-of-hmai/pytest-268/test_run_shell_concurrent_call0/work_2
2026-08-01 18:57:15,829 - pyiron_log - INFO - run_shell: workdir=/tmp/pytest-of-hmai/pytest-268/test_run_shell_concurrent_call0/work_3
2026-08-01 18:57:15,836 - pyiron_log - INFO - run_shell: workdir=/tmp/pytest-of-hmai/pytest-268/test_run_shell_concurrent_call0/work_0
2026-08-01 18:57:15,841 - pyiron_log - INFO - run_shell: workdir=/tmp/pytest-of-hmai/pytest-268/test_run_shell_concurrent_call0/work_1
2026-08-01 18:57:15,847 - pyiron_log - INFO - run_shell: workdir=/tmp/pytest-of-hmai/pytest-268/test_run_shell_concurrent_call0/work_2
2026-08-01 18:57:15,852 - pyiron_log - INFO - run_shell: workdir=/tmp/pytest-of-hmai/pytest-268/test_run_shell_concurrent_call0/work_3
2026-08-01 18:57:15,861 - pyiron_log - INFO - run_shell: workdir=/tmp/pytest-of-hmai/pytest-268/test_run_shell_concurrent_call0/work_0
2026-08-01 18:57:15,865 - pyiron_log - INFO - run_shell: workdir=/tmp/pytest-of-hmai/pytest-268/test_run_shell_concurrent_call0/work_1
2026-08-01 18:57:15,872 - pyiron_log - INFO - run_shell: workdir=/tmp/pytest-of-hmai/pytest-268/test_run_shell_concurrent_call0/work_2
2026-08-01 18:57:15,877 - pyiron_log - INFO - run_shell: workdir=/tmp/pytest-of-hmai/pytest-268/test_run_shell_concurrent_call0/work_3
2026-08-01 18:57:15,884 - pyiron_log - INFO - run_shell: workdir=/tmp/pytest-of-hmai/pytest-268/test_run_shell_concurrent_call0/work_0
2026-08-01 18:57:15,889 - pyiron_log - INFO - run_shell: workdir=/tmp/pytest-of-hmai/pytest-268/test_run_shell_concurrent_call0/work_1
2026-08-01 18:57:15,898 - pyiron_log - INFO - run_shell: workdir=/tmp/pytest-of-hmai/pytest-268/test_run_shell_concurrent_call0/work_2
2026-08-01 18:57:15,904 - pyiron_log - INFO - run_shell: workdir=/tmp/pytest-of-hmai/pytest-268/test_run_shell_concurrent_call0/work_3
2026-08-01 18:57:15,916 - pyiron_log - INFO - run_shell: workdir=/tmp/pytest-of-hmai/pytest-268/test_run_shell_concurrent_call0/work_0
2026-08-01 18:57:15,921 - pyiron_log - INFO - run_shell: workdir=/tmp/pytest-of-hmai/pytest-268/test_run_shell_concurrent_call0/work_1
2026-08-01 18:57:15,926 - pyiron_log - INFO - run_shell: workdir=/tmp/pytest-of-hmai/pytest-268/test_run_shell_concurrent_call0/work_2
2026-08-01 18:57:15,930 - pyiron_log - INFO - run_shell: workdir=/tmp/pytest-of-hmai/pytest-268/test_run_shell_concurrent_call0/work_3
2026-08-01 18:57:15,943 - pyiron_log - INFO - run_shell: workdir=/tmp/pytest-of-hmai/pytest-268/test_run_shell_concurrent_call0/work_0
2026-08-01 18:57:15,949 - pyiron_log - INFO - run_shell: workdir=/tmp/pytest-of-hmai/pytest-268/test_run_shell_concurrent_call0/work_1
2026-08-01 18:57:15,954 - pyiron_log - INFO - run_shell: workdir=/tmp/pytest-of-hmai/pytest-268/test_run_shell_concurrent_call0/work_2
2026-08-01 18:57:15,959 - pyiron_log - INFO - run_shell: workdir=/tmp/pytest-of-hmai/pytest-268/test_run_shell_concurrent_call0/work_3
2026-08-01 18:57:15,964 - pyiron_log - INFO - run_shell: workdir=/tmp/pytest-of-hmai/pytest-268/test_run_shell_concurrent_call0/work_0
2026-08-01 18:57:15,973 - pyiron_log - INFO - run_shell: workdir=/tmp/pytest-of-hmai/pytest-268/test_run_shell_concurrent_call0/work_1
2026-08-01 18:57:15,979 - pyiron_log - INFO - run_shell: workdir=/tmp/pytest-of-hmai/pytest-268/test_run_shell_concurrent_call0/work_2
2026-08-01 18:57:15,983 - pyiron_log - INFO - run_shell: workdir=/tmp/pytest-of-hmai/pytest-268/test_run_shell_concurrent_call0/work_3
2026-08-01 18:57:15,993 - pyiron_log - INFO - run_shell: workdir=/tmp/pytest-of-hmai/pytest-268/test_run_shell_concurrent_call0/work_0
2026-08-01 18:57:15,997 - pyiron_log - INFO - run_shell: workdir=/tmp/pytest-of-hmai/pytest-268/test_run_shell_concurrent_call0/work_1
2026-08-01 18:57:16,002 - pyiron_log - INFO - run_shell: workdir=/tmp/pytest-of-hmai/pytest-268/test_run_shell_concurrent_call0/work_2
2026-08-01 18:57:16,007 - pyiron_log - INFO - run_shell: workdir=/tmp/pytest-of-hmai/pytest-268/test_run_shell_concurrent_call0/work_3
2026-08-01 18:57:16,016 - pyiron_log - INFO - run_shell: workdir=/tmp/pytest-of-hmai/pytest-268/test_run_shell_concurrent_call0/work_0
2026-08-01 18:57:16,023 - pyiron_log - INFO - run_shell: workdir=/tmp/pytest-of-hmai/pytest-268/test_run_shell_concurrent_call0/work_1
2026-08-01 18:57:16,027 - pyiron_log - INFO - run_shell: workdir=/tmp/pytest-of-hmai/pytest-268/test_run_shell_concurrent_call0/work_2
2026-08-01 18:57:16,032 - pyiron_log - INFO - run_shell: workdir=/tmp/pytest-of-hmai/pytest-268/test_run_shell_concurrent_call0/work_3
2026-08-01 18:57:16,040 - pyiron_log - INFO - run_shell: workdir=/tmp/pytest-of-hmai/pytest-268/test_run_shell_concurrent_call0/work_0
2026-08-01 18:57:16,046 - pyiron_log - INFO - run_shell: workdir=/tmp/pytest-of-hmai/pytest-268/test_run_shell_concurrent_call0/work_1
2026-08-01 18:57:16,055 - pyiron_log - INFO - run_shell: workdir=/tmp/pytest-of-hmai/pytest-268/test_run_shell_concurrent_call0/work_2
2026-08-01 18:57:16,059 - pyiron_log - INFO - run_shell: workdir=/tmp/pytest-of-hmai/pytest-268/test_run_shell_concurrent_call0/work_3
2026-08-01 18:57:16,073 - pyiron_log - INFO - run_shell: workdir=/tmp/pytest-of-hmai/pytest-268/test_run_shell_concurrent_call0/work_0
2026-08-01 18:57:16,078 - pyiron_log - INFO - run_shell: workdir=/tmp/pytest-of-hmai/pytest-268/test_run_shell_concurrent_call0/work_1
2026-08-01 18:57:16,082 - pyiron_log - INFO - run_shell: workdir=/tmp/pytest-of-hmai/pytest-268/test_run_shell_concurrent_call0/work_2
2026-08-01 18:57:16,091 - pyiron_log - INFO - run_shell: workdir=/tmp/pytest-of-hmai/pytest-268/test_run_shell_concurrent_call0/work_3
2026-08-01 18:57:16,100 - pyiron_log - INFO - run_shell: workdir=/tmp/pytest-of-hmai/pytest-268/test_run_shell_concurrent_call0/work_0
2026-08-01 18:57:16,105 - pyiron_log - INFO - run_shell: workdir=/tmp/pytest-of-hmai/pytest-268/test_run_shell_concurrent_call0/work_1
2026-08-01 18:57:16,110 - pyiron_log - INFO - run_shell: workdir=/tmp/pytest-of-hmai/pytest-268/test_run_shell_concurrent_call0/work_2
2026-08-01 18:57:16,114 - pyiron_log - INFO - run_shell: workdir=/tmp/pytest-of-hmai/pytest-268/test_run_shell_concurrent_call0/work_3
2026-08-01 18:57:16,125 - pyiron_log - INFO - run_shell: workdir=/tmp/pytest-of-hmai/pytest-268/test_run_shell_concurrent_call0/work_0
2026-08-01 18:57:16,131 - pyiron_log - INFO - run_shell: workdir=/tmp/pytest-of-hmai/pytest-268/test_run_shell_concurrent_call0/work_1
2026-08-01 18:57:16,135 - pyiron_log - INFO - run_shell: workdir=/tmp/pytest-of-hmai/pytest-268/test_run_shell_concurrent_call0/work_2
2026-08-01 18:57:16,139 - pyiron_log - INFO - run_shell: workdir=/tmp/pytest-of-hmai/pytest-268/test_run_shell_concurrent_call0/work_3
2026-08-01 18:57:16,150 - pyiron_log - INFO - run_shell: workdir=/tmp/pytest-of-hmai/pytest-268/test_run_shell_concurrent_call0/work_0
2026-08-01 18:57:16,156 - pyiron_log - INFO - run_shell: workdir=/tmp/pytest-of-hmai/pytest-268/test_run_shell_concurrent_call0/work_1
2026-08-01 18:57:16,161 - pyiron_log - INFO - run_shell: workdir=/tmp/pytest-of-hmai/pytest-268/test_run_shell_concurrent_call0/work_2
2026-08-01 18:57:16,167 - pyiron_log - INFO - run_shell: workdir=/tmp/pytest-of-hmai/pytest-268/test_run_shell_concurrent_call0/work_3
2026-08-01 18:57:16,173 - pyiron_log - INFO - run_shell: workdir=/tmp/pytest-of-hmai/pytest-268/test_run_shell_concurrent_call0/work_0
2026-08-01 18:57:16,179 - pyiron_log - INFO - run_shell: workdir=/tmp/pytest-of-hmai/pytest-268/test_run_shell_concurrent_call0/work_1
2026-08-01 18:57:16,185 - pyiron_log - INFO - run_shell: workdir=/tmp/pytest-of-hmai/pytest-268/test_run_shell_concurrent_call0/work_2
2026-08-01 18:57:16,193 - pyiron_log - INFO - run_shell: workdir=/tmp/pytest-of-hmai/pytest-268/test_run_shell_concurrent_call0/work_3
2026-08-01 18:57:16,199 - pyiron_log - INFO - run_shell: workdir=/tmp/pytest-of-hmai/pytest-268/test_run_shell_concurrent_call0/work_0
2026-08-01 18:57:16,204 - pyiron_log - INFO - run_shell: workdir=/tmp/pytest-of-hmai/pytest-268/test_run_shell_concurrent_call0/work_1
2026-08-01 18:57:16,209 - pyiron_log - INFO - run_shell: workdir=/tmp/pytest-of-hmai/pytest-268/test_run_shell_concurrent_call0/work_2
2026-08-01 18:57:16,218 - pyiron_log - INFO - run_shell: workdir=/tmp/pytest-of-hmai/pytest-268/test_run_shell_concurrent_call0/work_3
2026-08-01 18:57:16,231 - pyiron_log - INFO - run_shell: workdir=/tmp/pytest-of-hmai/pytest-268/test_run_shell_concurrent_call0/work_0
2026-08-01 18:57:16,236 - pyiron_log - INFO - run_shell: workdir=/tmp/pytest-of-hmai/pytest-268/test_run_shell_concurrent_call0/work_1
2026-08-01 18:57:16,242 - pyiron_log - INFO - run_shell: workdir=/tmp/pytest-of-hmai/pytest-268/test_run_shell_concurrent_call0/work_2
2026-08-01 18:57:16,247 - pyiron_log - INFO - run_shell: workdir=/tmp/pytest-of-hmai/pytest-268/test_run_shell_concurrent_call0/work_3
2026-08-01 18:57:16,259 - pyiron_log - INFO - run_shell: workdir=/tmp/pytest-of-hmai/pytest-268/test_run_shell_concurrent_call0/work_0
2026-08-01 18:57:16,263 - pyiron_log - INFO - run_shell: workdir=/tmp/pytest-of-hmai/pytest-268/test_run_shell_concurrent_call0/work_1
2026-08-01 18:57:16,268 - pyiron_log - INFO - run_shell: workdir=/tmp/pytest-of-hmai/pytest-268/test_run_shell_concurrent_call0/work_2
2026-08-01 18:57:16,276 - pyiron_log - INFO - run_shell: workdir=/tmp/pytest-of-hmai/pytest-268/test_run_shell_concurrent_call0/work_3
2026-08-01 18:57:16,284 - pyiron_log - INFO - run_shell: workdir=/tmp/pytest-of-hmai/pytest-268/test_run_shell_concurrent_call0/work_0
2026-08-01 18:57:16,290 - pyiron_log - INFO - run_shell: workdir=/tmp/pytest-of-hmai/pytest-268/test_run_shell_concurrent_call0/work_1
2026-08-01 18:57:16,294 - pyiron_log - INFO - run_shell: workdir=/tmp/pytest-of-hmai/pytest-268/test_run_shell_concurrent_call0/work_2
2026-08-01 18:57:16,300 - pyiron_log - INFO - run_shell: workdir=/tmp/pytest-of-hmai/pytest-268/test_run_shell_concurrent_call0/work_3
2026-08-01 18:57:16,308 - pyiron_log - INFO - run_shell: workdir=/tmp/pytest-of-hmai/pytest-268/test_run_shell_concurrent_call0/work_0
2026-08-01 18:57:16,313 - pyiron_log - INFO - run_shell: workdir=/tmp/pytest-of-hmai/pytest-268/test_run_shell_concurrent_call0/work_1
2026-08-01 18:57:16,320 - pyiron_log - INFO - run_shell: workdir=/tmp/pytest-of-hmai/pytest-268/test_run_shell_concurrent_call0/work_2
2026-08-01 18:57:16,326 - pyiron_log - INFO - run_shell: workdir=/tmp/pytest-of-hmai/pytest-268/test_run_shell_concurrent_call0/work_3
2026-08-01 18:57:16,334 - pyiron_log - INFO - run_shell: workdir=/tmp/pytest-of-hmai/pytest-268/test_run_shell_concurrent_call0/work_0
2026-08-01 18:57:16,338 - pyiron_log - INFO - run_shell: workdir=/tmp/pytest-of-hmai/pytest-268/test_run_shell_concurrent_call0/work_1
2026-08-01 18:57:16,344 - pyiron_log - INFO - run_shell: workdir=/tmp/pytest-of-hmai/pytest-268/test_run_shell_concurrent_call0/work_2
2026-08-01 18:57:16,349 - pyiron_log - INFO - run_shell: workdir=/tmp/pytest-of-hmai/pytest-268/test_run_shell_concurrent_call0/work_3
2026-08-01 18:57:16,359 - pyiron_log - INFO - run_shell: workdir=/tmp/pytest-of-hmai/pytest-268/test_run_shell_concurrent_call0/work_0
2026-08-01 18:57:16,366 - pyiron_log - INFO - run_shell: workdir=/tmp/pytest-of-hmai/pytest-268/test_run_shell_concurrent_call0/work_1
2026-08-01 18:57:16,370 - pyiron_log - INFO - run_shell: workdir=/tmp/pytest-of-hmai/pytest-268/test_run_shell_concurrent_call0/work_2
2026-08-01 18:57:16,374 - pyiron_log - INFO - run_shell: workdir=/tmp/pytest-of-hmai/pytest-268/test_run_shell_concurrent_call0/work_3
2026-08-01 18:57:16,391 - pyiron_log - INFO - run_shell: workdir=/tmp/pytest-of-hmai/pytest-268/test_run_shell_concurrent_call0/work_0
2026-08-01 18:57:16,395 - pyiron_log - INFO - run_shell: workdir=/tmp/pytest-of-hmai/pytest-268/test_run_shell_concurrent_call0/work_1
2026-08-01 18:57:16,400 - pyiron_log - INFO - run_shell: workdir=/tmp/pytest-of-hmai/pytest-268/test_run_shell_concurrent_call0/work_2
2026-08-01 18:57:16,406 - pyiron_log - INFO - run_shell: workdir=/tmp/pytest-of-hmai/pytest-268/test_run_shell_concurrent_call0/work_3
2026-08-01 18:57:16,417 - pyiron_log - INFO - run_shell: workdir=/tmp/pytest-of-hmai/pytest-268/test_run_shell_concurrent_call0/work_0
2026-08-01 18:57:16,423 - pyiron_log - INFO - run_shell: workdir=/tmp/pytest-of-hmai/pytest-268/test_run_shell_concurrent_call0/work_1
2026-08-01 18:57:16,430 - pyiron_log - INFO - run_shell: workdir=/tmp/pytest-of-hmai/pytest-268/test_run_shell_concurrent_call0/work_2
2026-08-01 18:57:16,434 - pyiron_log - INFO - run_shell: workdir=/tmp/pytest-of-hmai/pytest-268/test_run_shell_concurrent_call0/work_3
2026-08-01 18:57:16,439 - pyiron_log - INFO - run_shell: workdir=/tmp/pytest-of-hmai/pytest-268/test_run_shell_concurrent_call0/work_0
2026-08-01 18:57:16,444 - pyiron_log - INFO - run_shell: workdir=/tmp/pytest-of-hmai/pytest-268/test_run_shell_concurrent_call0/work_1
2026-08-01 18:57:16,453 - pyiron_log - INFO - run_shell: workdir=/tmp/pytest-of-hmai/pytest-268/test_run_shell_concurrent_call0/work_2
2026-08-01 18:57:16,459 - pyiron_log - INFO - run_shell: workdir=/tmp/pytest-of-hmai/pytest-268/test_run_shell_concurrent_call0/work_3
2026-08-01 18:57:16,464 - pyiron_log - INFO - run_shell: workdir=/tmp/pytest-of-hmai/pytest-268/test_run_shell_concurrent_call0/work_0
2026-08-01 18:57:16,471 - pyiron_log - INFO - run_shell: workdir=/tmp/pytest-of-hmai/pytest-268/test_run_shell_concurrent_call0/work_1
2026-08-01 18:57:16,479 - pyiron_log - INFO - run_shell: workdir=/tmp/pytest-of-hmai/pytest-268/test_run_shell_concurrent_call0/work_2
2026-08-01 18:57:16,483 - pyiron_log - INFO - run_shell: workdir=/tmp/pytest-of-hmai/pytest-268/test_run_shell_concurrent_call0/work_3
2026-08-01 18:57:16,490 - pyiron_log - INFO - run_shell: workdir=/tmp/pytest-of-hmai/pytest-268/test_run_shell_concurrent_call0/work_0
2026-08-01 18:57:16,494 - pyiron_log - INFO - run_shell: workdir=/tmp/pytest-of-hmai/pytest-268/test_run_shell_concurrent_call0/work_1
2026-08-01 18:57:16,500 - pyiron_log - INFO - run_shell: workdir=/tmp/pytest-of-hmai/pytest-268/test_run_shell_concurrent_call0/work_2
2026-08-01 18:57:16,509 - pyiron_log - INFO - run_shell: workdir=/tmp/pytest-of-hmai/pytest-268/test_run_shell_concurrent_call0/work_3
2026-08-01 18:57:16,514 - pyiron_log - INFO - run_shell: workdir=/tmp/pytest-of-hmai/pytest-268/test_run_shell_concurrent_call0/work_0
2026-08-01 18:57:16,518 - pyiron_log - INFO - run_shell: workdir=/tmp/pytest-of-hmai/pytest-268/test_run_shell_concurrent_call0/work_1
2026-08-01 18:57:16,523 - pyiron_log - INFO - run_shell: workdir=/tmp/pytest-of-hmai/pytest-268/test_run_shell_concurrent_call0/work_2
2026-08-01 18:57:16,530 - pyiron_log - INFO - run_shell: workdir=/tmp/pytest-of-hmai/pytest-268/test_run_shell_concurrent_call0/work_3
2026-08-01 18:57:16,734 - pyiron_log - INFO - File '/tmp/pytest-of-hmai/pytest-268/test_is_line_in_file_missing_f0/no_such_file' not found.
2026-08-01 18:57:16,736 - pyiron_log - INFO - run_shell: workdir=/tmp/pytest-of-hmai/pytest-268/test_run_shell_propagates_subp0
2026-08-01 18:57:16,747 - pyiron_log - INFO - made directory '/tmp/pytest-of-hmai/pytest-268/test_vasp_job_runs_end_to_end0/calc'
2026-08-01 18:57:16,766 - pyiron_log - INFO - run_shell: workdir=/tmp/pytest-of-hmai/pytest-268/test_vasp_job_runs_end_to_end0/calc
2026-08-01 18:57:16,778 - pyiron_log - INFO - Deleted: /tmp/pytest-of-hmai/pytest-268/test_vasp_job_runs_end_to_end0/calc/CHGCAR
2026-08-01 18:57:16,799 - pyiron_log - INFO - made directory '/tmp/pytest-of-hmai/pytest-268/test_vasp_job_removes_calc_dir0/calc2'
2026-08-01 18:57:16,805 - pyiron_log - INFO - run_shell: workdir=/tmp/pytest-of-hmai/pytest-268/test_vasp_job_removes_calc_dir0/calc2
2026-08-01 18:57:16,853 - pyiron_log - INFO - made directory '/tmp/pytest-of-hmai/pytest-268/test_vasp_job_runs_without_fil0/calc3'
2026-08-01 18:57:16,859 - pyiron_log - INFO - run_shell: workdir=/tmp/pytest-of-hmai/pytest-268/test_vasp_job_runs_without_fil0/calc3
2026-08-01 18:57:16,871 - pyiron_log - INFO - Deleted: /tmp/pytest-of-hmai/pytest-268/test_vasp_job_runs_without_fil0/calc3/CHGCAR
2026-08-01 18:57:16,872 - pyiron_log - INFO - Deleted: /tmp/pytest-of-hmai/pytest-268/test_vasp_job_runs_without_fil0/calc3/CHG
2026-08-01 18:57:16,872 - pyiron_log - INFO - Deleted: /tmp/pytest-of-hmai/pytest-268/test_vasp_job_runs_without_fil0/calc3/WAVECAR
2026-08-01 18:57:16,893 - pyiron_log - INFO - made directory '/tmp/pytest-of-hmai/pytest-268/test_vasp_job_explicit_empty_l0/calc4'
2026-08-01 18:57:16,899 - pyiron_log - INFO - run_shell: workdir=/tmp/pytest-of-hmai/pytest-268/test_vasp_job_explicit_empty_l0/calc4
2026-08-01 18:57:16,920 - pyiron_log - INFO - made directory '/tmp/pytest-of-hmai/pytest-268/test_vasp_job_matches_producti0/calc5'
2026-08-01 18:57:16,921 - pyiron_log - INFO - run_shell: workdir=/tmp/pytest-of-hmai/pytest-268/test_vasp_job_matches_producti0/calc5
2026-08-01 18:57:16,928 - pyiron_log - INFO - Deleted: /tmp/pytest-of-hmai/pytest-268/test_vasp_job_matches_producti0/calc5/CHGCAR
2026-08-01 18:57:16,928 - pyiron_log - INFO - Deleted: /tmp/pytest-of-hmai/pytest-268/test_vasp_job_matches_producti0/calc5/CHG
2026-08-01 18:57:16,928 - pyiron_log - INFO - Deleted: /tmp/pytest-of-hmai/pytest-268/test_vasp_job_matches_producti0/calc5/WAVECAR
2026-08-01 18:57:16,932 - pyiron_log - INFO - made directory '/tmp/pytest-of-hmai/pytest-268/test_create_working_directory_0/fresh'
2026-08-01 18:57:17,029 - pyiron_log - INFO - run_shell: workdir=/tmp/tmpj6f0m4_7/run
2026-08-01 18:57:17,066 - pyiron_log - INFO - run_shell: workdir=/tmp/tmpgpnnrs65/run
2026-08-01 18:57:37,583 - pyiron_log - INFO - Deleted: /tmp/pytest-of-hmai/pytest-269/test_delete_files_recursively_0/vaspcalc/CHGCAR
2026-08-01 18:57:37,583 - pyiron_log - INFO - Deleted: /tmp/pytest-of-hmai/pytest-269/test_delete_files_recursively_0/vaspcalc/WAVECAR
2026-08-01 18:57:37,586 - pyiron_log - INFO - Error: /tmp/pytest-of-hmai/pytest-269/test_delete_files_recursively_1/nope is not a valid directory.
2026-08-01 18:57:37,594 - pyiron_log - INFO - compress_directory: compressed directory at /tmp/pytest-of-hmai/pytest-269/test_compress_directory_create0/vaspcalc
2026-08-01 18:57:37,600 - pyiron_log - INFO - compress_directory: compressed directory at /tmp/pytest-of-hmai/pytest-269/test_compress_directory_member0/vaspcalc
2026-08-01 18:57:37,606 - pyiron_log - INFO - compress_directory: compressed directory at /tmp/pytest-of-hmai/pytest-269/test_compress_directory_exclud0/vaspcalc
2026-08-01 18:57:37,620 - pyiron_log - INFO - run_shell: workdir=/tmp/pytest-of-hmai/pytest-269/test_run_shell_executes_in_wor0/calc
2026-08-01 18:57:37,629 - pyiron_log - INFO - run_shell: workdir=/tmp/pytest-of-hmai/pytest-269/test_run_shell_does_not_mutate0/calc
2026-08-01 18:57:37,637 - pyiron_log - INFO - run_shell: workdir=/tmp/pytest-of-hmai/pytest-269/test_run_shell_captures_failur0/calc
2026-08-01 18:57:37,645 - pyiron_log - INFO - run_shell: workdir=/tmp/pytest-of-hmai/pytest-269/test_run_shell_preserves_argum0/calc
2026-08-01 18:57:37,658 - pyiron_log - INFO - run_shell: workdir=/tmp/pytest-of-hmai/pytest-269/test_run_shell_concurrent_call0/work_0
2026-08-01 18:57:37,662 - pyiron_log - INFO - run_shell: workdir=/tmp/pytest-of-hmai/pytest-269/test_run_shell_concurrent_call0/work_1
2026-08-01 18:57:37,667 - pyiron_log - INFO - run_shell: workdir=/tmp/pytest-of-hmai/pytest-269/test_run_shell_concurrent_call0/work_2
2026-08-01 18:57:37,673 - pyiron_log - INFO - run_shell: workdir=/tmp/pytest-of-hmai/pytest-269/test_run_shell_concurrent_call0/work_3
2026-08-01 18:57:37,682 - pyiron_log - INFO - run_shell: workdir=/tmp/pytest-of-hmai/pytest-269/test_run_shell_concurrent_call0/work_0
2026-08-01 18:57:37,688 - pyiron_log - INFO - run_shell: workdir=/tmp/pytest-of-hmai/pytest-269/test_run_shell_concurrent_call0/work_1
2026-08-01 18:57:37,696 - pyiron_log - INFO - run_shell: workdir=/tmp/pytest-of-hmai/pytest-269/test_run_shell_concurrent_call0/work_2
2026-08-01 18:57:37,700 - pyiron_log - INFO - run_shell: workdir=/tmp/pytest-of-hmai/pytest-269/test_run_shell_concurrent_call0/work_3
2026-08-01 18:57:37,707 - pyiron_log - INFO - run_shell: workdir=/tmp/pytest-of-hmai/pytest-269/test_run_shell_concurrent_call0/work_0
2026-08-01 18:57:37,713 - pyiron_log - INFO - run_shell: workdir=/tmp/pytest-of-hmai/pytest-269/test_run_shell_concurrent_call0/work_1
2026-08-01 18:57:37,718 - pyiron_log - INFO - run_shell: workdir=/tmp/pytest-of-hmai/pytest-269/test_run_shell_concurrent_call0/work_2
2026-08-01 18:57:37,723 - pyiron_log - INFO - run_shell: workdir=/tmp/pytest-of-hmai/pytest-269/test_run_shell_concurrent_call0/work_3
2026-08-01 18:57:37,727 - pyiron_log - INFO - run_shell: workdir=/tmp/pytest-of-hmai/pytest-269/test_run_shell_concurrent_call0/work_0
2026-08-01 18:57:37,737 - pyiron_log - INFO - run_shell: workdir=/tmp/pytest-of-hmai/pytest-269/test_run_shell_concurrent_call0/work_1
2026-08-01 18:57:37,743 - pyiron_log - INFO - run_shell: workdir=/tmp/pytest-of-hmai/pytest-269/test_run_shell_concurrent_call0/work_2
2026-08-01 18:57:37,747 - pyiron_log - INFO - run_shell: workdir=/tmp/pytest-of-hmai/pytest-269/test_run_shell_concurrent_call0/work_3
2026-08-01 18:57:37,752 - pyiron_log - INFO - run_shell: workdir=/tmp/pytest-of-hmai/pytest-269/test_run_shell_concurrent_call0/work_0
2026-08-01 18:57:37,760 - pyiron_log - INFO - run_shell: workdir=/tmp/pytest-of-hmai/pytest-269/test_run_shell_concurrent_call0/work_1
2026-08-01 18:57:37,767 - pyiron_log - INFO - run_shell: workdir=/tmp/pytest-of-hmai/pytest-269/test_run_shell_concurrent_call0/work_2
2026-08-01 18:57:37,775 - pyiron_log - INFO - run_shell: workdir=/tmp/pytest-of-hmai/pytest-269/test_run_shell_concurrent_call0/work_3
2026-08-01 18:57:37,780 - pyiron_log - INFO - run_shell: workdir=/tmp/pytest-of-hmai/pytest-269/test_run_shell_concurrent_call0/work_0
2026-08-01 18:57:37,786 - pyiron_log - INFO - run_shell: workdir=/tmp/pytest-of-hmai/pytest-269/test_run_shell_concurrent_call0/work_1
2026-08-01 18:57:37,790 - pyiron_log - INFO - run_shell: workdir=/tmp/pytest-of-hmai/pytest-269/test_run_shell_concurrent_call0/work_2
2026-08-01 18:57:37,798 - pyiron_log - INFO - run_shell: workdir=/tmp/pytest-of-hmai/pytest-269/test_run_shell_concurrent_call0/work_3
2026-08-01 18:57:37,814 - pyiron_log - INFO - run_shell: workdir=/tmp/pytest-of-hmai/pytest-269/test_run_shell_concurrent_call0/work_0
2026-08-01 18:57:37,818 - pyiron_log - INFO - run_shell: workdir=/tmp/pytest-of-hmai/pytest-269/test_run_shell_concurrent_call0/work_1
2026-08-01 18:57:37,823 - pyiron_log - INFO - run_shell: workdir=/tmp/pytest-of-hmai/pytest-269/test_run_shell_concurrent_call0/work_2
2026-08-01 18:57:37,828 - pyiron_log - INFO - run_shell: workdir=/tmp/pytest-of-hmai/pytest-269/test_run_shell_concurrent_call0/work_3
2026-08-01 18:57:37,840 - pyiron_log - INFO - run_shell: workdir=/tmp/pytest-of-hmai/pytest-269/test_run_shell_concurrent_call0/work_0
2026-08-01 18:57:37,845 - pyiron_log - INFO - run_shell: workdir=/tmp/pytest-of-hmai/pytest-269/test_run_shell_concurrent_call0/work_1
2026-08-01 18:57:37,852 - pyiron_log - INFO - run_shell: workdir=/tmp/pytest-of-hmai/pytest-269/test_run_shell_concurrent_call0/work_2
2026-08-01 18:57:37,857 - pyiron_log - INFO - run_shell: workdir=/tmp/pytest-of-hmai/pytest-269/test_run_shell_concurrent_call0/work_3
2026-08-01 18:57:37,865 - pyiron_log - INFO - run_shell: workdir=/tmp/pytest-of-hmai/pytest-269/test_run_shell_concurrent_call0/work_0
2026-08-01 18:57:37,869 - pyiron_log - INFO - run_shell: workdir=/tmp/pytest-of-hmai/pytest-269/test_run_shell_concurrent_call0/work_1
2026-08-01 18:57:37,876 - pyiron_log - INFO - run_shell: workdir=/tmp/pytest-of-hmai/pytest-269/test_run_shell_concurrent_call0/work_2
2026-08-01 18:57:37,882 - pyiron_log - INFO - run_shell: workdir=/tmp/pytest-of-hmai/pytest-269/test_run_shell_concurrent_call0/work_3
2026-08-01 18:57:37,888 - pyiron_log - INFO - run_shell: workdir=/tmp/pytest-of-hmai/pytest-269/test_run_shell_concurrent_call0/work_0
2026-08-01 18:57:37,894 - pyiron_log - INFO - run_shell: workdir=/tmp/pytest-of-hmai/pytest-269/test_run_shell_concurrent_call0/work_1
2026-08-01 18:57:37,902 - pyiron_log - INFO - run_shell: workdir=/tmp/pytest-of-hmai/pytest-269/test_run_shell_concurrent_call0/work_2
2026-08-01 18:57:37,906 - pyiron_log - INFO - run_shell: workdir=/tmp/pytest-of-hmai/pytest-269/test_run_shell_concurrent_call0/work_3
2026-08-01 18:57:37,913 - pyiron_log - INFO - run_shell: workdir=/tmp/pytest-of-hmai/pytest-269/test_run_shell_concurrent_call0/work_0
2026-08-01 18:57:37,917 - pyiron_log - INFO - run_shell: workdir=/tmp/pytest-of-hmai/pytest-269/test_run_shell_concurrent_call0/work_1
2026-08-01 18:57:37,926 - pyiron_log - INFO - run_shell: workdir=/tmp/pytest-of-hmai/pytest-269/test_run_shell_concurrent_call0/work_2
2026-08-01 18:57:37,930 - pyiron_log - INFO - run_shell: workdir=/tmp/pytest-of-hmai/pytest-269/test_run_shell_concurrent_call0/work_3
2026-08-01 18:57:37,934 - pyiron_log - INFO - run_shell: workdir=/tmp/pytest-of-hmai/pytest-269/test_run_shell_concurrent_call0/work_0
2026-08-01 18:57:37,941 - pyiron_log - INFO - run_shell: workdir=/tmp/pytest-of-hmai/pytest-269/test_run_shell_concurrent_call0/work_1
2026-08-01 18:57:37,947 - pyiron_log - INFO - run_shell: workdir=/tmp/pytest-of-hmai/pytest-269/test_run_shell_concurrent_call0/work_2
2026-08-01 18:57:37,955 - pyiron_log - INFO - run_shell: workdir=/tmp/pytest-of-hmai/pytest-269/test_run_shell_concurrent_call0/work_3
2026-08-01 18:57:37,969 - pyiron_log - INFO - run_shell: workdir=/tmp/pytest-of-hmai/pytest-269/test_run_shell_concurrent_call0/work_0
2026-08-01 18:57:37,973 - pyiron_log - INFO - run_shell: workdir=/tmp/pytest-of-hmai/pytest-269/test_run_shell_concurrent_call0/work_1
2026-08-01 18:57:37,978 - pyiron_log - INFO - run_shell: workdir=/tmp/pytest-of-hmai/pytest-269/test_run_shell_concurrent_call0/work_2
2026-08-01 18:57:37,986 - pyiron_log - INFO - run_shell: workdir=/tmp/pytest-of-hmai/pytest-269/test_run_shell_concurrent_call0/work_3
2026-08-01 18:57:37,993 - pyiron_log - INFO - run_shell: workdir=/tmp/pytest-of-hmai/pytest-269/test_run_shell_concurrent_call0/work_0
2026-08-01 18:57:38,000 - pyiron_log - INFO - run_shell: workdir=/tmp/pytest-of-hmai/pytest-269/test_run_shell_concurrent_call0/work_1
2026-08-01 18:57:38,008 - pyiron_log - INFO - run_shell: workdir=/tmp/pytest-of-hmai/pytest-269/test_run_shell_concurrent_call0/work_2
2026-08-01 18:57:38,014 - pyiron_log - INFO - run_shell: workdir=/tmp/pytest-of-hmai/pytest-269/test_run_shell_concurrent_call0/work_3
2026-08-01 18:57:38,017 - pyiron_log - INFO - run_shell: workdir=/tmp/pytest-of-hmai/pytest-269/test_run_shell_concurrent_call0/work_0
2026-08-01 18:57:38,025 - pyiron_log - INFO - run_shell: workdir=/tmp/pytest-of-hmai/pytest-269/test_run_shell_concurrent_call0/work_1
2026-08-01 18:57:38,030 - pyiron_log - INFO - run_shell: workdir=/tmp/pytest-of-hmai/pytest-269/test_run_shell_concurrent_call0/work_2
2026-08-01 18:57:38,036 - pyiron_log - INFO - run_shell: workdir=/tmp/pytest-of-hmai/pytest-269/test_run_shell_concurrent_call0/work_3
2026-08-01 18:57:38,045 - pyiron_log - INFO - run_shell: workdir=/tmp/pytest-of-hmai/pytest-269/test_run_shell_concurrent_call0/work_0
2026-08-01 18:57:38,052 - pyiron_log - INFO - run_shell: workdir=/tmp/pytest-of-hmai/pytest-269/test_run_shell_concurrent_call0/work_1
2026-08-01 18:57:38,057 - pyiron_log - INFO - run_shell: workdir=/tmp/pytest-of-hmai/pytest-269/test_run_shell_concurrent_call0/work_2
2026-08-01 18:57:38,064 - pyiron_log - INFO - run_shell: workdir=/tmp/pytest-of-hmai/pytest-269/test_run_shell_concurrent_call0/work_3
2026-08-01 18:57:38,069 - pyiron_log - INFO - run_shell: workdir=/tmp/pytest-of-hmai/pytest-269/test_run_shell_concurrent_call0/work_0
2026-08-01 18:57:38,075 - pyiron_log - INFO - run_shell: workdir=/tmp/pytest-of-hmai/pytest-269/test_run_shell_concurrent_call0/work_1
2026-08-01 18:57:38,079 - pyiron_log - INFO - run_shell: workdir=/tmp/pytest-of-hmai/pytest-269/test_run_shell_concurrent_call0/work_2
2026-08-01 18:57:38,089 - pyiron_log - INFO - run_shell: workdir=/tmp/pytest-of-hmai/pytest-269/test_run_shell_concurrent_call0/work_3
2026-08-01 18:57:38,096 - pyiron_log - INFO - run_shell: workdir=/tmp/pytest-of-hmai/pytest-269/test_run_shell_concurrent_call0/work_0
2026-08-01 18:57:38,101 - pyiron_log - INFO - run_shell: workdir=/tmp/pytest-of-hmai/pytest-269/test_run_shell_concurrent_call0/work_1
2026-08-01 18:57:38,107 - pyiron_log - INFO - run_shell: workdir=/tmp/pytest-of-hmai/pytest-269/test_run_shell_concurrent_call0/work_2
2026-08-01 18:57:38,114 - pyiron_log - INFO - run_shell: workdir=/tmp/pytest-of-hmai/pytest-269/test_run_shell_concurrent_call0/work_3
2026-08-01 18:57:38,127 - pyiron_log - INFO - run_shell: workdir=/tmp/pytest-of-hmai/pytest-269/test_run_shell_concurrent_call0/work_0
2026-08-01 18:57:38,131 - pyiron_log - INFO - run_shell: workdir=/tmp/pytest-of-hmai/pytest-269/test_run_shell_concurrent_call0/work_1
2026-08-01 18:57:38,137 - pyiron_log - INFO - run_shell: workdir=/tmp/pytest-of-hmai/pytest-269/test_run_shell_concurrent_call0/work_2
2026-08-01 18:57:38,142 - pyiron_log - INFO - run_shell: workdir=/tmp/pytest-of-hmai/pytest-269/test_run_shell_concurrent_call0/work_3
2026-08-01 18:57:38,152 - pyiron_log - INFO - run_shell: workdir=/tmp/pytest-of-hmai/pytest-269/test_run_shell_concurrent_call0/work_0
2026-08-01 18:57:38,160 - pyiron_log - INFO - run_shell: workdir=/tmp/pytest-of-hmai/pytest-269/test_run_shell_concurrent_call0/work_1
2026-08-01 18:57:38,166 - pyiron_log - INFO - run_shell: workdir=/tmp/pytest-of-hmai/pytest-269/test_run_shell_concurrent_call0/work_2
2026-08-01 18:57:38,170 - pyiron_log - INFO - run_shell: workdir=/tmp/pytest-of-hmai/pytest-269/test_run_shell_concurrent_call0/work_3
2026-08-01 18:57:38,175 - pyiron_log - INFO - run_shell: workdir=/tmp/pytest-of-hmai/pytest-269/test_run_shell_concurrent_call0/work_0
2026-08-01 18:57:38,183 - pyiron_log - INFO - run_shell: workdir=/tmp/pytest-of-hmai/pytest-269/test_run_shell_concurrent_call0/work_1
2026-08-01 18:57:38,191 - pyiron_log - INFO - run_shell: workdir=/tmp/pytest-of-hmai/pytest-269/test_run_shell_concurrent_call0/work_2
2026-08-01 18:57:38,196 - pyiron_log - INFO - run_shell: workdir=/tmp/pytest-of-hmai/pytest-269/test_run_shell_concurrent_call0/work_3
2026-08-01 18:57:38,203 - pyiron_log - INFO - run_shell: workdir=/tmp/pytest-of-hmai/pytest-269/test_run_shell_concurrent_call0/work_0
2026-08-01 18:57:38,210 - pyiron_log - INFO - run_shell: workdir=/tmp/pytest-of-hmai/pytest-269/test_run_shell_concurrent_call0/work_1
2026-08-01 18:57:38,214 - pyiron_log - INFO - run_shell: workdir=/tmp/pytest-of-hmai/pytest-269/test_run_shell_concurrent_call0/work_2
2026-08-01 18:57:38,221 - pyiron_log - INFO - run_shell: workdir=/tmp/pytest-of-hmai/pytest-269/test_run_shell_concurrent_call0/work_3
2026-08-01 18:57:38,227 - pyiron_log - INFO - run_shell: workdir=/tmp/pytest-of-hmai/pytest-269/test_run_shell_concurrent_call0/work_0
2026-08-01 18:57:38,234 - pyiron_log - INFO - run_shell: workdir=/tmp/pytest-of-hmai/pytest-269/test_run_shell_concurrent_call0/work_1
2026-08-01 18:57:38,239 - pyiron_log - INFO - run_shell: workdir=/tmp/pytest-of-hmai/pytest-269/test_run_shell_concurrent_call0/work_2
2026-08-01 18:57:38,246 - pyiron_log - INFO - run_shell: workdir=/tmp/pytest-of-hmai/pytest-269/test_run_shell_concurrent_call0/work_3
2026-08-01 18:57:38,250 - pyiron_log - INFO - run_shell: workdir=/tmp/pytest-of-hmai/pytest-269/test_run_shell_concurrent_call0/work_0
2026-08-01 18:57:38,258 - pyiron_log - INFO - run_shell: workdir=/tmp/pytest-of-hmai/pytest-269/test_run_shell_concurrent_call0/work_1
2026-08-01 18:57:38,264 - pyiron_log - INFO - run_shell: workdir=/tmp/pytest-of-hmai/pytest-269/test_run_shell_concurrent_call0/work_2
2026-08-01 18:57:38,271 - pyiron_log - INFO - run_shell: workdir=/tmp/pytest-of-hmai/pytest-269/test_run_shell_concurrent_call0/work_3
2026-08-01 18:57:38,284 - pyiron_log - INFO - run_shell: workdir=/tmp/pytest-of-hmai/pytest-269/test_run_shell_concurrent_call0/work_0
2026-08-01 18:57:38,289 - pyiron_log - INFO - run_shell: workdir=/tmp/pytest-of-hmai/pytest-269/test_run_shell_concurrent_call0/work_1
2026-08-01 18:57:38,293 - pyiron_log - INFO - run_shell: workdir=/tmp/pytest-of-hmai/pytest-269/test_run_shell_concurrent_call0/work_2
2026-08-01 18:57:38,301 - pyiron_log - INFO - run_shell: workdir=/tmp/pytest-of-hmai/pytest-269/test_run_shell_concurrent_call0/work_3
2026-08-01 18:57:38,309 - pyiron_log - INFO - run_shell: workdir=/tmp/pytest-of-hmai/pytest-269/test_run_shell_concurrent_call0/work_0
2026-08-01 18:57:38,316 - pyiron_log - INFO - run_shell: workdir=/tmp/pytest-of-hmai/pytest-269/test_run_shell_concurrent_call0/work_1
2026-08-01 18:57:38,320 - pyiron_log - INFO - run_shell: workdir=/tmp/pytest-of-hmai/pytest-269/test_run_shell_concurrent_call0/work_2
2026-08-01 18:57:38,329 - pyiron_log - INFO - run_shell: workdir=/tmp/pytest-of-hmai/pytest-269/test_run_shell_concurrent_call0/work_3
2026-08-01 18:57:38,334 - pyiron_log - INFO - run_shell: workdir=/tmp/pytest-of-hmai/pytest-269/test_run_shell_concurrent_call0/work_0
2026-08-01 18:57:38,339 - pyiron_log - INFO - run_shell: workdir=/tmp/pytest-of-hmai/pytest-269/test_run_shell_concurrent_call0/work_1
2026-08-01 18:57:38,343 - pyiron_log - INFO - run_shell: workdir=/tmp/pytest-of-hmai/pytest-269/test_run_shell_concurrent_call0/work_2
2026-08-01 18:57:38,352 - pyiron_log - INFO - run_shell: workdir=/tmp/pytest-of-hmai/pytest-269/test_run_shell_concurrent_call0/work_3
2026-08-01 18:57:38,360 - pyiron_log - INFO - run_shell: workdir=/tmp/pytest-of-hmai/pytest-269/test_run_shell_concurrent_call0/work_0
2026-08-01 18:57:38,364 - pyiron_log - INFO - run_shell: workdir=/tmp/pytest-of-hmai/pytest-269/test_run_shell_concurrent_call0/work_1
2026-08-01 18:57:38,369 - pyiron_log - INFO - run_shell: workdir=/tmp/pytest-of-hmai/pytest-269/test_run_shell_concurrent_call0/work_2
2026-08-01 18:57:38,377 - pyiron_log - INFO - run_shell: workdir=/tmp/pytest-of-hmai/pytest-269/test_run_shell_concurrent_call0/work_3
2026-08-01 18:57:38,383 - pyiron_log - INFO - run_shell: workdir=/tmp/pytest-of-hmai/pytest-269/test_run_shell_concurrent_call0/work_0
2026-08-01 18:57:38,388 - pyiron_log - INFO - run_shell: workdir=/tmp/pytest-of-hmai/pytest-269/test_run_shell_concurrent_call0/work_1
2026-08-01 18:57:38,392 - pyiron_log - INFO - run_shell: workdir=/tmp/pytest-of-hmai/pytest-269/test_run_shell_concurrent_call0/work_2
2026-08-01 18:57:38,403 - pyiron_log - INFO - run_shell: workdir=/tmp/pytest-of-hmai/pytest-269/test_run_shell_concurrent_call0/work_3
2026-08-01 18:57:38,409 - pyiron_log - INFO - run_shell: workdir=/tmp/pytest-of-hmai/pytest-269/test_run_shell_concurrent_call0/work_0
2026-08-01 18:57:38,414 - pyiron_log - INFO - run_shell: workdir=/tmp/pytest-of-hmai/pytest-269/test_run_shell_concurrent_call0/work_1
2026-08-01 18:57:38,418 - pyiron_log - INFO - run_shell: workdir=/tmp/pytest-of-hmai/pytest-269/test_run_shell_concurrent_call0/work_2
2026-08-01 18:57:38,423 - pyiron_log - INFO - run_shell: workdir=/tmp/pytest-of-hmai/pytest-269/test_run_shell_concurrent_call0/work_3
2026-08-01 18:57:38,625 - pyiron_log - INFO - File '/tmp/pytest-of-hmai/pytest-269/test_is_line_in_file_missing_f0/no_such_file' not found.
2026-08-01 18:57:38,627 - pyiron_log - INFO - run_shell: workdir=/tmp/pytest-of-hmai/pytest-269/test_run_shell_propagates_subp0
2026-08-01 18:57:38,637 - pyiron_log - INFO - made directory '/tmp/pytest-of-hmai/pytest-269/test_vasp_job_runs_end_to_end0/calc'
2026-08-01 18:57:38,658 - pyiron_log - INFO - run_shell: workdir=/tmp/pytest-of-hmai/pytest-269/test_vasp_job_runs_end_to_end0/calc
2026-08-01 18:57:38,670 - pyiron_log - INFO - Deleted: /tmp/pytest-of-hmai/pytest-269/test_vasp_job_runs_end_to_end0/calc/CHGCAR
2026-08-01 18:57:38,689 - pyiron_log - INFO - made directory '/tmp/pytest-of-hmai/pytest-269/test_vasp_job_removes_calc_dir0/calc2'
2026-08-01 18:57:38,694 - pyiron_log - INFO - run_shell: workdir=/tmp/pytest-of-hmai/pytest-269/test_vasp_job_removes_calc_dir0/calc2
2026-08-01 18:57:38,741 - pyiron_log - INFO - made directory '/tmp/pytest-of-hmai/pytest-269/test_vasp_job_runs_without_fil0/calc3'
2026-08-01 18:57:38,746 - pyiron_log - INFO - run_shell: workdir=/tmp/pytest-of-hmai/pytest-269/test_vasp_job_runs_without_fil0/calc3
2026-08-01 18:57:38,759 - pyiron_log - INFO - Deleted: /tmp/pytest-of-hmai/pytest-269/test_vasp_job_runs_without_fil0/calc3/CHGCAR
2026-08-01 18:57:38,759 - pyiron_log - INFO - Deleted: /tmp/pytest-of-hmai/pytest-269/test_vasp_job_runs_without_fil0/calc3/CHG
2026-08-01 18:57:38,760 - pyiron_log - INFO - Deleted: /tmp/pytest-of-hmai/pytest-269/test_vasp_job_runs_without_fil0/calc3/WAVECAR
2026-08-01 18:57:38,780 - pyiron_log - INFO - made directory '/tmp/pytest-of-hmai/pytest-269/test_vasp_job_explicit_empty_l0/calc4'
2026-08-01 18:57:38,785 - pyiron_log - INFO - run_shell: workdir=/tmp/pytest-of-hmai/pytest-269/test_vasp_job_explicit_empty_l0/calc4
2026-08-01 18:57:38,804 - pyiron_log - INFO - made directory '/tmp/pytest-of-hmai/pytest-269/test_vasp_job_matches_producti0/calc5'
2026-08-01 18:57:38,806 - pyiron_log - INFO - run_shell: workdir=/tmp/pytest-of-hmai/pytest-269/test_vasp_job_matches_producti0/calc5
2026-08-01 18:57:38,812 - pyiron_log - INFO - Deleted: /tmp/pytest-of-hmai/pytest-269/test_vasp_job_matches_producti0/calc5/CHGCAR
2026-08-01 18:57:38,813 - pyiron_log - INFO - Deleted: /tmp/pytest-of-hmai/pytest-269/test_vasp_job_matches_producti0/calc5/CHG
2026-08-01 18:57:38,813 - pyiron_log - INFO - Deleted: /tmp/pytest-of-hmai/pytest-269/test_vasp_job_matches_producti0/calc5/WAVECAR
2026-08-01 18:57:38,817 - pyiron_log - INFO - made directory '/tmp/pytest-of-hmai/pytest-269/test_create_working_directory_0/fresh'
2026-08-01 18:57:38,915 - pyiron_log - INFO - run_shell: workdir=/tmp/tmpewl7iixe/run
2026-08-01 18:57:38,954 - pyiron_log - INFO - run_shell: workdir=/tmp/tmp9wn5ez3k/run
2026-08-01 18:58:01,809 - pyiron_log - INFO - Deleted: /tmp/pytest-of-hmai/pytest-270/test_delete_files_recursively_0/vaspcalc/CHGCAR
2026-08-01 18:58:01,809 - pyiron_log - INFO - Deleted: /tmp/pytest-of-hmai/pytest-270/test_delete_files_recursively_0/vaspcalc/WAVECAR
2026-08-01 18:58:01,812 - pyiron_log - INFO - Error: /tmp/pytest-of-hmai/pytest-270/test_delete_files_recursively_1/nope is not a valid directory.
2026-08-01 18:58:01,820 - pyiron_log - INFO - compress_directory: compressed directory at /tmp/pytest-of-hmai/pytest-270/test_compress_directory_create0/vaspcalc
2026-08-01 18:58:01,826 - pyiron_log - INFO - compress_directory: compressed directory at /tmp/pytest-of-hmai/pytest-270/test_compress_directory_member0/vaspcalc
2026-08-01 18:58:01,831 - pyiron_log - INFO - compress_directory: compressed directory at /tmp/pytest-of-hmai/pytest-270/test_compress_directory_exclud0/vaspcalc
2026-08-01 18:58:01,845 - pyiron_log - INFO - run_shell: workdir=/tmp/pytest-of-hmai/pytest-270/test_run_shell_executes_in_wor0/calc
2026-08-01 18:58:01,854 - pyiron_log - INFO - run_shell: workdir=/tmp/pytest-of-hmai/pytest-270/test_run_shell_does_not_mutate0/calc
2026-08-01 18:58:01,862 - pyiron_log - INFO - run_shell: workdir=/tmp/pytest-of-hmai/pytest-270/test_run_shell_captures_failur0/calc
2026-08-01 18:58:01,870 - pyiron_log - INFO - run_shell: workdir=/tmp/pytest-of-hmai/pytest-270/test_run_shell_preserves_argum0/calc
2026-08-01 18:58:01,882 - pyiron_log - INFO - run_shell: workdir=/tmp/pytest-of-hmai/pytest-270/test_run_shell_concurrent_call0/work_0
2026-08-01 18:58:01,887 - pyiron_log - INFO - run_shell: workdir=/tmp/pytest-of-hmai/pytest-270/test_run_shell_concurrent_call0/work_1
2026-08-01 18:58:01,892 - pyiron_log - INFO - run_shell: workdir=/tmp/pytest-of-hmai/pytest-270/test_run_shell_concurrent_call0/work_2
2026-08-01 18:58:01,898 - pyiron_log - INFO - run_shell: workdir=/tmp/pytest-of-hmai/pytest-270/test_run_shell_concurrent_call0/work_3
2026-08-01 18:58:01,908 - pyiron_log - INFO - run_shell: workdir=/tmp/pytest-of-hmai/pytest-270/test_run_shell_concurrent_call0/work_0
2026-08-01 18:58:01,915 - pyiron_log - INFO - run_shell: workdir=/tmp/pytest-of-hmai/pytest-270/test_run_shell_concurrent_call0/work_1
2026-08-01 18:58:01,918 - pyiron_log - INFO - run_shell: workdir=/tmp/pytest-of-hmai/pytest-270/test_run_shell_concurrent_call0/work_2
2026-08-01 18:58:01,923 - pyiron_log - INFO - run_shell: workdir=/tmp/pytest-of-hmai/pytest-270/test_run_shell_concurrent_call0/work_3
2026-08-01 18:58:01,930 - pyiron_log - INFO - run_shell: workdir=/tmp/pytest-of-hmai/pytest-270/test_run_shell_concurrent_call0/work_0
2026-08-01 18:58:01,938 - pyiron_log - INFO - run_shell: workdir=/tmp/pytest-of-hmai/pytest-270/test_run_shell_concurrent_call0/work_1
2026-08-01 18:58:01,946 - pyiron_log - INFO - run_shell: workdir=/tmp/pytest-of-hmai/pytest-270/test_run_shell_concurrent_call0/work_2
2026-08-01 18:58:01,951 - pyiron_log - INFO - run_shell: workdir=/tmp/pytest-of-hmai/pytest-270/test_run_shell_concurrent_call0/work_3
2026-08-01 18:58:01,955 - pyiron_log - INFO - run_shell: workdir=/tmp/pytest-of-hmai/pytest-270/test_run_shell_concurrent_call0/work_0
2026-08-01 18:58:01,961 - pyiron_log - INFO - run_shell: workdir=/tmp/pytest-of-hmai/pytest-270/test_run_shell_concurrent_call0/work_1
2026-08-01 18:58:01,970 - pyiron_log - INFO - run_shell: workdir=/tmp/pytest-of-hmai/pytest-270/test_run_shell_concurrent_call0/work_2
2026-08-01 18:58:01,977 - pyiron_log - INFO - run_shell: workdir=/tmp/pytest-of-hmai/pytest-270/test_run_shell_concurrent_call0/work_3
2026-08-01 18:58:01,982 - pyiron_log - INFO - run_shell: workdir=/tmp/pytest-of-hmai/pytest-270/test_run_shell_concurrent_call0/work_0
2026-08-01 18:58:01,987 - pyiron_log - INFO - run_shell: workdir=/tmp/pytest-of-hmai/pytest-270/test_run_shell_concurrent_call0/work_1
2026-08-01 18:58:01,995 - pyiron_log - INFO - run_shell: workdir=/tmp/pytest-of-hmai/pytest-270/test_run_shell_concurrent_call0/work_2
2026-08-01 18:58:02,002 - pyiron_log - INFO - run_shell: workdir=/tmp/pytest-of-hmai/pytest-270/test_run_shell_concurrent_call0/work_3
2026-08-01 18:58:02,007 - pyiron_log - INFO - run_shell: workdir=/tmp/pytest-of-hmai/pytest-270/test_run_shell_concurrent_call0/work_0
2026-08-01 18:58:02,012 - pyiron_log - INFO - run_shell: workdir=/tmp/pytest-of-hmai/pytest-270/test_run_shell_concurrent_call0/work_1
2026-08-01 18:58:02,018 - pyiron_log - INFO - run_shell: workdir=/tmp/pytest-of-hmai/pytest-270/test_run_shell_concurrent_call0/work_2
2026-08-01 18:58:02,030 - pyiron_log - INFO - run_shell: workdir=/tmp/pytest-of-hmai/pytest-270/test_run_shell_concurrent_call0/work_3
2026-08-01 18:58:02,042 - pyiron_log - INFO - run_shell: workdir=/tmp/pytest-of-hmai/pytest-270/test_run_shell_concurrent_call0/work_0
2026-08-01 18:58:02,047 - pyiron_log - INFO - run_shell: workdir=/tmp/pytest-of-hmai/pytest-270/test_run_shell_concurrent_call0/work_1
2026-08-01 18:58:02,052 - pyiron_log - INFO - run_shell: workdir=/tmp/pytest-of-hmai/pytest-270/test_run_shell_concurrent_call0/work_2
2026-08-01 18:58:02,058 - pyiron_log - INFO - run_shell: workdir=/tmp/pytest-of-hmai/pytest-270/test_run_shell_concurrent_call0/work_3
2026-08-01 18:58:02,069 - pyiron_log - INFO - run_shell: workdir=/tmp/pytest-of-hmai/pytest-270/test_run_shell_concurrent_call0/work_0
2026-08-01 18:58:02,075 - pyiron_log - INFO - run_shell: workdir=/tmp/pytest-of-hmai/pytest-270/test_run_shell_concurrent_call0/work_1
2026-08-01 18:58:02,079 - pyiron_log - INFO - run_shell: workdir=/tmp/pytest-of-hmai/pytest-270/test_run_shell_concurrent_call0/work_2
2026-08-01 18:58:02,085 - pyiron_log - INFO - run_shell: workdir=/tmp/pytest-of-hmai/pytest-270/test_run_shell_concurrent_call0/work_3
2026-08-01 18:58:02,093 - pyiron_log - INFO - run_shell: workdir=/tmp/pytest-of-hmai/pytest-270/test_run_shell_concurrent_call0/work_0
2026-08-01 18:58:02,098 - pyiron_log - INFO - run_shell: workdir=/tmp/pytest-of-hmai/pytest-270/test_run_shell_concurrent_call0/work_1
2026-08-01 18:58:02,105 - pyiron_log - INFO - run_shell: workdir=/tmp/pytest-of-hmai/pytest-270/test_run_shell_concurrent_call0/work_2
2026-08-01 18:58:02,111 - pyiron_log - INFO - run_shell: workdir=/tmp/pytest-of-hmai/pytest-270/test_run_shell_concurrent_call0/work_3
2026-08-01 18:58:02,118 - pyiron_log - INFO - run_shell: workdir=/tmp/pytest-of-hmai/pytest-270/test_run_shell_concurrent_call0/work_0
2026-08-01 18:58:02,123 - pyiron_log - INFO - run_shell: workdir=/tmp/pytest-of-hmai/pytest-270/test_run_shell_concurrent_call0/work_1
2026-08-01 18:58:02,130 - pyiron_log - INFO - run_shell: workdir=/tmp/pytest-of-hmai/pytest-270/test_run_shell_concurrent_call0/work_2
2026-08-01 18:58:02,137 - pyiron_log - INFO - run_shell: workdir=/tmp/pytest-of-hmai/pytest-270/test_run_shell_concurrent_call0/work_3
2026-08-01 18:58:02,144 - pyiron_log - INFO - run_shell: workdir=/tmp/pytest-of-hmai/pytest-270/test_run_shell_concurrent_call0/work_0
2026-08-01 18:58:02,148 - pyiron_log - INFO - run_shell: workdir=/tmp/pytest-of-hmai/pytest-270/test_run_shell_concurrent_call0/work_1
2026-08-01 18:58:02,155 - pyiron_log - INFO - run_shell: workdir=/tmp/pytest-of-hmai/pytest-270/test_run_shell_concurrent_call0/work_2
2026-08-01 18:58:02,159 - pyiron_log - INFO - run_shell: workdir=/tmp/pytest-of-hmai/pytest-270/test_run_shell_concurrent_call0/work_3
2026-08-01 18:58:02,168 - pyiron_log - INFO - run_shell: workdir=/tmp/pytest-of-hmai/pytest-270/test_run_shell_concurrent_call0/work_0
2026-08-01 18:58:02,173 - pyiron_log - INFO - run_shell: workdir=/tmp/pytest-of-hmai/pytest-270/test_run_shell_concurrent_call0/work_1
2026-08-01 18:58:02,177 - pyiron_log - INFO - run_shell: workdir=/tmp/pytest-of-hmai/pytest-270/test_run_shell_concurrent_call0/work_2
2026-08-01 18:58:02,181 - pyiron_log - INFO - run_shell: workdir=/tmp/pytest-of-hmai/pytest-270/test_run_shell_concurrent_call0/work_3
2026-08-01 18:58:02,199 - pyiron_log - INFO - run_shell: workdir=/tmp/pytest-of-hmai/pytest-270/test_run_shell_concurrent_call0/work_0
2026-08-01 18:58:02,203 - pyiron_log - INFO - run_shell: workdir=/tmp/pytest-of-hmai/pytest-270/test_run_shell_concurrent_call0/work_1
2026-08-01 18:58:02,209 - pyiron_log - INFO - run_shell: workdir=/tmp/pytest-of-hmai/pytest-270/test_run_shell_concurrent_call0/work_2
2026-08-01 18:58:02,216 - pyiron_log - INFO - run_shell: workdir=/tmp/pytest-of-hmai/pytest-270/test_run_shell_concurrent_call0/work_3
2026-08-01 18:58:02,226 - pyiron_log - INFO - run_shell: workdir=/tmp/pytest-of-hmai/pytest-270/test_run_shell_concurrent_call0/work_0
2026-08-01 18:58:02,230 - pyiron_log - INFO - run_shell: workdir=/tmp/pytest-of-hmai/pytest-270/test_run_shell_concurrent_call0/work_1
2026-08-01 18:58:02,235 - pyiron_log - INFO - run_shell: workdir=/tmp/pytest-of-hmai/pytest-270/test_run_shell_concurrent_call0/work_2
2026-08-01 18:58:02,239 - pyiron_log - INFO - run_shell: workdir=/tmp/pytest-of-hmai/pytest-270/test_run_shell_concurrent_call0/work_3
2026-08-01 18:58:02,252 - pyiron_log - INFO - run_shell: workdir=/tmp/pytest-of-hmai/pytest-270/test_run_shell_concurrent_call0/work_0
2026-08-01 18:58:02,257 - pyiron_log - INFO - run_shell: workdir=/tmp/pytest-of-hmai/pytest-270/test_run_shell_concurrent_call0/work_1
2026-08-01 18:58:02,261 - pyiron_log - INFO - run_shell: workdir=/tmp/pytest-of-hmai/pytest-270/test_run_shell_concurrent_call0/work_2
2026-08-01 18:58:02,269 - pyiron_log - INFO - run_shell: workdir=/tmp/pytest-of-hmai/pytest-270/test_run_shell_concurrent_call0/work_3
2026-08-01 18:58:02,276 - pyiron_log - INFO - run_shell: workdir=/tmp/pytest-of-hmai/pytest-270/test_run_shell_concurrent_call0/work_0
2026-08-01 18:58:02,280 - pyiron_log - INFO - run_shell: workdir=/tmp/pytest-of-hmai/pytest-270/test_run_shell_concurrent_call0/work_1
2026-08-01 18:58:02,285 - pyiron_log - INFO - run_shell: workdir=/tmp/pytest-of-hmai/pytest-270/test_run_shell_concurrent_call0/work_2
2026-08-01 18:58:02,289 - pyiron_log - INFO - run_shell: workdir=/tmp/pytest-of-hmai/pytest-270/test_run_shell_concurrent_call0/work_3
2026-08-01 18:58:02,299 - pyiron_log - INFO - run_shell: workdir=/tmp/pytest-of-hmai/pytest-270/test_run_shell_concurrent_call0/work_0
2026-08-01 18:58:02,306 - pyiron_log - INFO - run_shell: workdir=/tmp/pytest-of-hmai/pytest-270/test_run_shell_concurrent_call0/work_1
2026-08-01 18:58:02,310 - pyiron_log - INFO - run_shell: workdir=/tmp/pytest-of-hmai/pytest-270/test_run_shell_concurrent_call0/work_2
2026-08-01 18:58:02,314 - pyiron_log - INFO - run_shell: workdir=/tmp/pytest-of-hmai/pytest-270/test_run_shell_concurrent_call0/work_3
2026-08-01 18:58:02,319 - pyiron_log - INFO - run_shell: workdir=/tmp/pytest-of-hmai/pytest-270/test_run_shell_concurrent_call0/work_0
2026-08-01 18:58:02,331 - pyiron_log - INFO - run_shell: workdir=/tmp/pytest-of-hmai/pytest-270/test_run_shell_concurrent_call0/work_1
2026-08-01 18:58:02,336 - pyiron_log - INFO - run_shell: workdir=/tmp/pytest-of-hmai/pytest-270/test_run_shell_concurrent_call0/work_2
2026-08-01 18:58:02,342 - pyiron_log - INFO - run_shell: workdir=/tmp/pytest-of-hmai/pytest-270/test_run_shell_concurrent_call0/work_3
2026-08-01 18:58:02,355 - pyiron_log - INFO - run_shell: workdir=/tmp/pytest-of-hmai/pytest-270/test_run_shell_concurrent_call0/work_0
2026-08-01 18:58:02,359 - pyiron_log - INFO - run_shell: workdir=/tmp/pytest-of-hmai/pytest-270/test_run_shell_concurrent_call0/work_1
2026-08-01 18:58:02,366 - pyiron_log - INFO - run_shell: workdir=/tmp/pytest-of-hmai/pytest-270/test_run_shell_concurrent_call0/work_2
2026-08-01 18:58:02,371 - pyiron_log - INFO - run_shell: workdir=/tmp/pytest-of-hmai/pytest-270/test_run_shell_concurrent_call0/work_3
2026-08-01 18:58:02,378 - pyiron_log - INFO - run_shell: workdir=/tmp/pytest-of-hmai/pytest-270/test_run_shell_concurrent_call0/work_0
2026-08-01 18:58:02,388 - pyiron_log - INFO - run_shell: workdir=/tmp/pytest-of-hmai/pytest-270/test_run_shell_concurrent_call0/work_1
2026-08-01 18:58:02,394 - pyiron_log - INFO - run_shell: workdir=/tmp/pytest-of-hmai/pytest-270/test_run_shell_concurrent_call0/work_2
2026-08-01 18:58:02,399 - pyiron_log - INFO - run_shell: workdir=/tmp/pytest-of-hmai/pytest-270/test_run_shell_concurrent_call0/work_3
2026-08-01 18:58:02,403 - pyiron_log - INFO - run_shell: workdir=/tmp/pytest-of-hmai/pytest-270/test_run_shell_concurrent_call0/work_0
2026-08-01 18:58:02,412 - pyiron_log - INFO - run_shell: workdir=/tmp/pytest-of-hmai/pytest-270/test_run_shell_concurrent_call0/work_1
2026-08-01 18:58:02,418 - pyiron_log - INFO - run_shell: workdir=/tmp/pytest-of-hmai/pytest-270/test_run_shell_concurrent_call0/work_2
2026-08-01 18:58:02,428 - pyiron_log - INFO - run_shell: workdir=/tmp/pytest-of-hmai/pytest-270/test_run_shell_concurrent_call0/work_3
2026-08-01 18:58:02,433 - pyiron_log - INFO - run_shell: workdir=/tmp/pytest-of-hmai/pytest-270/test_run_shell_concurrent_call0/work_0
2026-08-01 18:58:02,439 - pyiron_log - INFO - run_shell: workdir=/tmp/pytest-of-hmai/pytest-270/test_run_shell_concurrent_call0/work_1
2026-08-01 18:58:02,443 - pyiron_log - INFO - run_shell: workdir=/tmp/pytest-of-hmai/pytest-270/test_run_shell_concurrent_call0/work_2
2026-08-01 18:58:02,453 - pyiron_log - INFO - run_shell: workdir=/tmp/pytest-of-hmai/pytest-270/test_run_shell_concurrent_call0/work_3
2026-08-01 18:58:02,457 - pyiron_log - INFO - run_shell: workdir=/tmp/pytest-of-hmai/pytest-270/test_run_shell_concurrent_call0/work_0
2026-08-01 18:58:02,464 - pyiron_log - INFO - run_shell: workdir=/tmp/pytest-of-hmai/pytest-270/test_run_shell_concurrent_call0/work_1
2026-08-01 18:58:02,470 - pyiron_log - INFO - run_shell: workdir=/tmp/pytest-of-hmai/pytest-270/test_run_shell_concurrent_call0/work_2
2026-08-01 18:58:02,475 - pyiron_log - INFO - run_shell: workdir=/tmp/pytest-of-hmai/pytest-270/test_run_shell_concurrent_call0/work_3
2026-08-01 18:58:02,483 - pyiron_log - INFO - run_shell: workdir=/tmp/pytest-of-hmai/pytest-270/test_run_shell_concurrent_call0/work_0
2026-08-01 18:58:02,489 - pyiron_log - INFO - run_shell: workdir=/tmp/pytest-of-hmai/pytest-270/test_run_shell_concurrent_call0/work_1
2026-08-01 18:58:02,494 - pyiron_log - INFO - run_shell: workdir=/tmp/pytest-of-hmai/pytest-270/test_run_shell_concurrent_call0/work_2
2026-08-01 18:58:02,499 - pyiron_log - INFO - run_shell: workdir=/tmp/pytest-of-hmai/pytest-270/test_run_shell_concurrent_call0/work_3
2026-08-01 18:58:02,513 - pyiron_log - INFO - run_shell: workdir=/tmp/pytest-of-hmai/pytest-270/test_run_shell_concurrent_call0/work_0
2026-08-01 18:58:02,517 - pyiron_log - INFO - run_shell: workdir=/tmp/pytest-of-hmai/pytest-270/test_run_shell_concurrent_call0/work_1
2026-08-01 18:58:02,522 - pyiron_log - INFO - run_shell: workdir=/tmp/pytest-of-hmai/pytest-270/test_run_shell_concurrent_call0/work_2
2026-08-01 18:58:02,527 - pyiron_log - INFO - run_shell: workdir=/tmp/pytest-of-hmai/pytest-270/test_run_shell_concurrent_call0/work_3
2026-08-01 18:58:02,540 - pyiron_log - INFO - run_shell: workdir=/tmp/pytest-of-hmai/pytest-270/test_run_shell_concurrent_call0/work_0
2026-08-01 18:58:02,545 - pyiron_log - INFO - run_shell: workdir=/tmp/pytest-of-hmai/pytest-270/test_run_shell_concurrent_call0/work_1
2026-08-01 18:58:02,551 - pyiron_log - INFO - run_shell: workdir=/tmp/pytest-of-hmai/pytest-270/test_run_shell_concurrent_call0/work_2
2026-08-01 18:58:02,557 - pyiron_log - INFO - run_shell: workdir=/tmp/pytest-of-hmai/pytest-270/test_run_shell_concurrent_call0/work_3
2026-08-01 18:58:02,563 - pyiron_log - INFO - run_shell: workdir=/tmp/pytest-of-hmai/pytest-270/test_run_shell_concurrent_call0/work_0
2026-08-01 18:58:02,570 - pyiron_log - INFO - run_shell: workdir=/tmp/pytest-of-hmai/pytest-270/test_run_shell_concurrent_call0/work_1
2026-08-01 18:58:02,575 - pyiron_log - INFO - run_shell: workdir=/tmp/pytest-of-hmai/pytest-270/test_run_shell_concurrent_call0/work_2
2026-08-01 18:58:02,582 - pyiron_log - INFO - run_shell: workdir=/tmp/pytest-of-hmai/pytest-270/test_run_shell_concurrent_call0/work_3
2026-08-01 18:58:02,589 - pyiron_log - INFO - run_shell: workdir=/tmp/pytest-of-hmai/pytest-270/test_run_shell_concurrent_call0/work_0
2026-08-01 18:58:02,593 - pyiron_log - INFO - run_shell: workdir=/tmp/pytest-of-hmai/pytest-270/test_run_shell_concurrent_call0/work_1
2026-08-01 18:58:02,599 - pyiron_log - INFO - run_shell: workdir=/tmp/pytest-of-hmai/pytest-270/test_run_shell_concurrent_call0/work_2
2026-08-01 18:58:02,605 - pyiron_log - INFO - run_shell: workdir=/tmp/pytest-of-hmai/pytest-270/test_run_shell_concurrent_call0/work_3
2026-08-01 18:58:02,612 - pyiron_log - INFO - run_shell: workdir=/tmp/pytest-of-hmai/pytest-270/test_run_shell_concurrent_call0/work_0
2026-08-01 18:58:02,619 - pyiron_log - INFO - run_shell: workdir=/tmp/pytest-of-hmai/pytest-270/test_run_shell_concurrent_call0/work_1
2026-08-01 18:58:02,624 - pyiron_log - INFO - run_shell: workdir=/tmp/pytest-of-hmai/pytest-270/test_run_shell_concurrent_call0/work_2
2026-08-01 18:58:02,631 - pyiron_log - INFO - run_shell: workdir=/tmp/pytest-of-hmai/pytest-270/test_run_shell_concurrent_call0/work_3
2026-08-01 18:58:02,636 - pyiron_log - INFO - run_shell: workdir=/tmp/pytest-of-hmai/pytest-270/test_run_shell_concurrent_call0/work_0
2026-08-01 18:58:02,645 - pyiron_log - INFO - run_shell: workdir=/tmp/pytest-of-hmai/pytest-270/test_run_shell_concurrent_call0/work_1
2026-08-01 18:58:02,652 - pyiron_log - INFO - run_shell: workdir=/tmp/pytest-of-hmai/pytest-270/test_run_shell_concurrent_call0/work_2
2026-08-01 18:58:02,656 - pyiron_log - INFO - run_shell: workdir=/tmp/pytest-of-hmai/pytest-270/test_run_shell_concurrent_call0/work_3
2026-08-01 18:58:02,858 - pyiron_log - INFO - File '/tmp/pytest-of-hmai/pytest-270/test_is_line_in_file_missing_f0/no_such_file' not found.
2026-08-01 18:58:02,860 - pyiron_log - INFO - run_shell: workdir=/tmp/pytest-of-hmai/pytest-270/test_run_shell_propagates_subp0
2026-08-01 18:58:02,871 - pyiron_log - INFO - made directory '/tmp/pytest-of-hmai/pytest-270/test_vasp_job_runs_end_to_end0/calc'
2026-08-01 18:58:02,889 - pyiron_log - INFO - run_shell: workdir=/tmp/pytest-of-hmai/pytest-270/test_vasp_job_runs_end_to_end0/calc
2026-08-01 18:58:02,901 - pyiron_log - INFO - Deleted: /tmp/pytest-of-hmai/pytest-270/test_vasp_job_runs_end_to_end0/calc/CHGCAR
2026-08-01 18:58:02,920 - pyiron_log - INFO - made directory '/tmp/pytest-of-hmai/pytest-270/test_vasp_job_removes_calc_dir0/calc2'
2026-08-01 18:58:02,925 - pyiron_log - INFO - run_shell: workdir=/tmp/pytest-of-hmai/pytest-270/test_vasp_job_removes_calc_dir0/calc2
2026-08-01 18:58:02,972 - pyiron_log - INFO - made directory '/tmp/pytest-of-hmai/pytest-270/test_vasp_job_runs_without_fil0/calc3'
2026-08-01 18:58:02,977 - pyiron_log - INFO - run_shell: workdir=/tmp/pytest-of-hmai/pytest-270/test_vasp_job_runs_without_fil0/calc3
2026-08-01 18:58:02,989 - pyiron_log - INFO - Deleted: /tmp/pytest-of-hmai/pytest-270/test_vasp_job_runs_without_fil0/calc3/CHGCAR
2026-08-01 18:58:02,990 - pyiron_log - INFO - Deleted: /tmp/pytest-of-hmai/pytest-270/test_vasp_job_runs_without_fil0/calc3/CHG
2026-08-01 18:58:02,990 - pyiron_log - INFO - Deleted: /tmp/pytest-of-hmai/pytest-270/test_vasp_job_runs_without_fil0/calc3/WAVECAR
2026-08-01 18:58:03,009 - pyiron_log - INFO - made directory '/tmp/pytest-of-hmai/pytest-270/test_vasp_job_explicit_empty_l0/calc4'
2026-08-01 18:58:03,014 - pyiron_log - INFO - run_shell: workdir=/tmp/pytest-of-hmai/pytest-270/test_vasp_job_explicit_empty_l0/calc4
2026-08-01 18:58:03,034 - pyiron_log - INFO - made directory '/tmp/pytest-of-hmai/pytest-270/test_vasp_job_matches_producti0/calc5'
2026-08-01 18:58:03,035 - pyiron_log - INFO - run_shell: workdir=/tmp/pytest-of-hmai/pytest-270/test_vasp_job_matches_producti0/calc5
2026-08-01 18:58:03,042 - pyiron_log - INFO - Deleted: /tmp/pytest-of-hmai/pytest-270/test_vasp_job_matches_producti0/calc5/CHGCAR
2026-08-01 18:58:03,042 - pyiron_log - INFO - Deleted: /tmp/pytest-of-hmai/pytest-270/test_vasp_job_matches_producti0/calc5/CHG
2026-08-01 18:58:03,042 - pyiron_log - INFO - Deleted: /tmp/pytest-of-hmai/pytest-270/test_vasp_job_matches_producti0/calc5/WAVECAR
2026-08-01 18:58:03,047 - pyiron_log - INFO - made directory '/tmp/pytest-of-hmai/pytest-270/test_create_working_directory_0/fresh'
2026-08-01 18:58:03,143 - pyiron_log - INFO - run_shell: workdir=/tmp/tmpd9je0dax/run
2026-08-01 18:58:03,178 - pyiron_log - INFO - run_shell: workdir=/tmp/tmp5s89dau2/run
2026-08-01 19:01:50,087 - pyiron_log - INFO - Deleted: /tmp/pytest-of-hmai/pytest-271/test_delete_files_recursively_0/vaspcalc/CHGCAR
2026-08-01 19:01:50,087 - pyiron_log - INFO - Deleted: /tmp/pytest-of-hmai/pytest-271/test_delete_files_recursively_0/vaspcalc/WAVECAR
2026-08-01 19:01:50,090 - pyiron_log - INFO - Error: /tmp/pytest-of-hmai/pytest-271/test_delete_files_recursively_1/nope is not a valid directory.
2026-08-01 19:01:50,098 - pyiron_log - INFO - compress_directory: compressed directory at /tmp/pytest-of-hmai/pytest-271/test_compress_directory_create0/vaspcalc
2026-08-01 19:01:50,104 - pyiron_log - INFO - compress_directory: compressed directory at /tmp/pytest-of-hmai/pytest-271/test_compress_directory_member0/vaspcalc
2026-08-01 19:01:50,109 - pyiron_log - INFO - compress_directory: compressed directory at /tmp/pytest-of-hmai/pytest-271/test_compress_directory_exclud0/vaspcalc
2026-08-01 19:01:50,123 - pyiron_log - INFO - run_shell: workdir=/tmp/pytest-of-hmai/pytest-271/test_run_shell_executes_in_wor0/calc
2026-08-01 19:01:50,131 - pyiron_log - INFO - run_shell: workdir=/tmp/pytest-of-hmai/pytest-271/test_run_shell_does_not_mutate0/calc
2026-08-01 19:01:50,140 - pyiron_log - INFO - run_shell: workdir=/tmp/pytest-of-hmai/pytest-271/test_run_shell_captures_failur0/calc
2026-08-01 19:01:50,149 - pyiron_log - INFO - run_shell: workdir=/tmp/pytest-of-hmai/pytest-271/test_run_shell_preserves_argum0/calc
2026-08-01 19:01:50,161 - pyiron_log - INFO - run_shell: workdir=/tmp/pytest-of-hmai/pytest-271/test_run_shell_concurrent_call0/work_0
2026-08-01 19:01:50,165 - pyiron_log - INFO - run_shell: workdir=/tmp/pytest-of-hmai/pytest-271/test_run_shell_concurrent_call0/work_1
2026-08-01 19:01:50,170 - pyiron_log - INFO - run_shell: workdir=/tmp/pytest-of-hmai/pytest-271/test_run_shell_concurrent_call0/work_2
2026-08-01 19:01:50,175 - pyiron_log - INFO - run_shell: workdir=/tmp/pytest-of-hmai/pytest-271/test_run_shell_concurrent_call0/work_3
2026-08-01 19:01:50,186 - pyiron_log - INFO - run_shell: workdir=/tmp/pytest-of-hmai/pytest-271/test_run_shell_concurrent_call0/work_0
2026-08-01 19:01:50,192 - pyiron_log - INFO - run_shell: workdir=/tmp/pytest-of-hmai/pytest-271/test_run_shell_concurrent_call0/work_1
2026-08-01 19:01:50,199 - pyiron_log - INFO - run_shell: workdir=/tmp/pytest-of-hmai/pytest-271/test_run_shell_concurrent_call0/work_2
2026-08-01 19:01:50,204 - pyiron_log - INFO - run_shell: workdir=/tmp/pytest-of-hmai/pytest-271/test_run_shell_concurrent_call0/work_3
2026-08-01 19:01:50,207 - pyiron_log - INFO - run_shell: workdir=/tmp/pytest-of-hmai/pytest-271/test_run_shell_concurrent_call0/work_0
2026-08-01 19:01:50,216 - pyiron_log - INFO - run_shell: workdir=/tmp/pytest-of-hmai/pytest-271/test_run_shell_concurrent_call0/work_1
2026-08-01 19:01:50,221 - pyiron_log - INFO - run_shell: workdir=/tmp/pytest-of-hmai/pytest-271/test_run_shell_concurrent_call0/work_2
2026-08-01 19:01:50,228 - pyiron_log - INFO - run_shell: workdir=/tmp/pytest-of-hmai/pytest-271/test_run_shell_concurrent_call0/work_3
2026-08-01 19:01:50,233 - pyiron_log - INFO - run_shell: workdir=/tmp/pytest-of-hmai/pytest-271/test_run_shell_concurrent_call0/work_0
2026-08-01 19:01:50,240 - pyiron_log - INFO - run_shell: workdir=/tmp/pytest-of-hmai/pytest-271/test_run_shell_concurrent_call0/work_1
2026-08-01 19:01:50,245 - pyiron_log - INFO - run_shell: workdir=/tmp/pytest-of-hmai/pytest-271/test_run_shell_concurrent_call0/work_2
2026-08-01 19:01:50,251 - pyiron_log - INFO - run_shell: workdir=/tmp/pytest-of-hmai/pytest-271/test_run_shell_concurrent_call0/work_3
2026-08-01 19:01:50,256 - pyiron_log - INFO - run_shell: workdir=/tmp/pytest-of-hmai/pytest-271/test_run_shell_concurrent_call0/work_0
2026-08-01 19:01:50,266 - pyiron_log - INFO - run_shell: workdir=/tmp/pytest-of-hmai/pytest-271/test_run_shell_concurrent_call0/work_1
2026-08-01 19:01:50,271 - pyiron_log - INFO - run_shell: workdir=/tmp/pytest-of-hmai/pytest-271/test_run_shell_concurrent_call0/work_2
2026-08-01 19:01:50,277 - pyiron_log - INFO - run_shell: workdir=/tmp/pytest-of-hmai/pytest-271/test_run_shell_concurrent_call0/work_3
2026-08-01 19:01:50,284 - pyiron_log - INFO - run_shell: workdir=/tmp/pytest-of-hmai/pytest-271/test_run_shell_concurrent_call0/work_0
2026-08-01 19:01:50,291 - pyiron_log - INFO - run_shell: workdir=/tmp/pytest-of-hmai/pytest-271/test_run_shell_concurrent_call0/work_1
2026-08-01 19:01:50,296 - pyiron_log - INFO - run_shell: workdir=/tmp/pytest-of-hmai/pytest-271/test_run_shell_concurrent_call0/work_2
2026-08-01 19:01:50,300 - pyiron_log - INFO - run_shell: workdir=/tmp/pytest-of-hmai/pytest-271/test_run_shell_concurrent_call0/work_3
2026-08-01 19:01:50,316 - pyiron_log - INFO - run_shell: workdir=/tmp/pytest-of-hmai/pytest-271/test_run_shell_concurrent_call0/work_0
2026-08-01 19:01:50,321 - pyiron_log - INFO - run_shell: workdir=/tmp/pytest-of-hmai/pytest-271/test_run_shell_concurrent_call0/work_1
2026-08-01 19:01:50,327 - pyiron_log - INFO - run_shell: workdir=/tmp/pytest-of-hmai/pytest-271/test_run_shell_concurrent_call0/work_2
2026-08-01 19:01:50,334 - pyiron_log - INFO - run_shell: workdir=/tmp/pytest-of-hmai/pytest-271/test_run_shell_concurrent_call0/work_3
2026-08-01 19:01:50,342 - pyiron_log - INFO - run_shell: workdir=/tmp/pytest-of-hmai/pytest-271/test_run_shell_concurrent_call0/work_0
2026-08-01 19:01:50,348 - pyiron_log - INFO - run_shell: workdir=/tmp/pytest-of-hmai/pytest-271/test_run_shell_concurrent_call0/work_1
2026-08-01 19:01:50,356 - pyiron_log - INFO - run_shell: workdir=/tmp/pytest-of-hmai/pytest-271/test_run_shell_concurrent_call0/work_2
2026-08-01 19:01:50,361 - pyiron_log - INFO - run_shell: workdir=/tmp/pytest-of-hmai/pytest-271/test_run_shell_concurrent_call0/work_3
2026-08-01 19:01:50,368 - pyiron_log - INFO - run_shell: workdir=/tmp/pytest-of-hmai/pytest-271/test_run_shell_concurrent_call0/work_0
2026-08-01 19:01:50,372 - pyiron_log - INFO - run_shell: workdir=/tmp/pytest-of-hmai/pytest-271/test_run_shell_concurrent_call0/work_1
2026-08-01 19:01:50,382 - pyiron_log - INFO - run_shell: workdir=/tmp/pytest-of-hmai/pytest-271/test_run_shell_concurrent_call0/work_2
2026-08-01 19:01:50,388 - pyiron_log - INFO - run_shell: workdir=/tmp/pytest-of-hmai/pytest-271/test_run_shell_concurrent_call0/work_3
2026-08-01 19:01:50,393 - pyiron_log - INFO - run_shell: workdir=/tmp/pytest-of-hmai/pytest-271/test_run_shell_concurrent_call0/work_0
2026-08-01 19:01:50,398 - pyiron_log - INFO - run_shell: workdir=/tmp/pytest-of-hmai/pytest-271/test_run_shell_concurrent_call0/work_1
2026-08-01 19:01:50,407 - pyiron_log - INFO - run_shell: workdir=/tmp/pytest-of-hmai/pytest-271/test_run_shell_concurrent_call0/work_2
2026-08-01 19:01:50,414 - pyiron_log - INFO - run_shell: workdir=/tmp/pytest-of-hmai/pytest-271/test_run_shell_concurrent_call0/work_3
2026-08-01 19:01:50,418 - pyiron_log - INFO - run_shell: workdir=/tmp/pytest-of-hmai/pytest-271/test_run_shell_concurrent_call0/work_0
2026-08-01 19:01:50,423 - pyiron_log - INFO - run_shell: workdir=/tmp/pytest-of-hmai/pytest-271/test_run_shell_concurrent_call0/work_1
2026-08-01 19:01:50,428 - pyiron_log - INFO - run_shell: workdir=/tmp/pytest-of-hmai/pytest-271/test_run_shell_concurrent_call0/work_2
2026-08-01 19:01:50,435 - pyiron_log - INFO - run_shell: workdir=/tmp/pytest-of-hmai/pytest-271/test_run_shell_concurrent_call0/work_3
2026-08-01 19:01:50,446 - pyiron_log - INFO - run_shell: workdir=/tmp/pytest-of-hmai/pytest-271/test_run_shell_concurrent_call0/work_0
2026-08-01 19:01:50,450 - pyiron_log - INFO - run_shell: workdir=/tmp/pytest-of-hmai/pytest-271/test_run_shell_concurrent_call0/work_1
2026-08-01 19:01:50,455 - pyiron_log - INFO - run_shell: workdir=/tmp/pytest-of-hmai/pytest-271/test_run_shell_concurrent_call0/work_2
2026-08-01 19:01:50,461 - pyiron_log - INFO - run_shell: workdir=/tmp/pytest-of-hmai/pytest-271/test_run_shell_concurrent_call0/work_3
2026-08-01 19:01:50,475 - pyiron_log - INFO - run_shell: workdir=/tmp/pytest-of-hmai/pytest-271/test_run_shell_concurrent_call0/work_0
2026-08-01 19:01:50,480 - pyiron_log - INFO - run_shell: workdir=/tmp/pytest-of-hmai/pytest-271/test_run_shell_concurrent_call0/work_1
2026-08-01 19:01:50,485 - pyiron_log - INFO - run_shell: workdir=/tmp/pytest-of-hmai/pytest-271/test_run_shell_concurrent_call0/work_2
2026-08-01 19:01:50,493 - pyiron_log - INFO - run_shell: workdir=/tmp/pytest-of-hmai/pytest-271/test_run_shell_concurrent_call0/work_3
2026-08-01 19:01:50,501 - pyiron_log - INFO - run_shell: workdir=/tmp/pytest-of-hmai/pytest-271/test_run_shell_concurrent_call0/work_0
2026-08-01 19:01:50,506 - pyiron_log - INFO - run_shell: workdir=/tmp/pytest-of-hmai/pytest-271/test_run_shell_concurrent_call0/work_1
2026-08-01 19:01:50,512 - pyiron_log - INFO - run_shell: workdir=/tmp/pytest-of-hmai/pytest-271/test_run_shell_concurrent_call0/work_2
2026-08-01 19:01:50,521 - pyiron_log - INFO - run_shell: workdir=/tmp/pytest-of-hmai/pytest-271/test_run_shell_concurrent_call0/work_3
2026-08-01 19:01:50,526 - pyiron_log - INFO - run_shell: workdir=/tmp/pytest-of-hmai/pytest-271/test_run_shell_concurrent_call0/work_0
2026-08-01 19:01:50,532 - pyiron_log - INFO - run_shell: workdir=/tmp/pytest-of-hmai/pytest-271/test_run_shell_concurrent_call0/work_1
2026-08-01 19:01:50,536 - pyiron_log - INFO - run_shell: workdir=/tmp/pytest-of-hmai/pytest-271/test_run_shell_concurrent_call0/work_2
2026-08-01 19:01:50,545 - pyiron_log - INFO - run_shell: workdir=/tmp/pytest-of-hmai/pytest-271/test_run_shell_concurrent_call0/work_3
2026-08-01 19:01:50,551 - pyiron_log - INFO - run_shell: workdir=/tmp/pytest-of-hmai/pytest-271/test_run_shell_concurrent_call0/work_0
2026-08-01 19:01:50,555 - pyiron_log - INFO - run_shell: workdir=/tmp/pytest-of-hmai/pytest-271/test_run_shell_concurrent_call0/work_1
2026-08-01 19:01:50,561 - pyiron_log - INFO - run_shell: workdir=/tmp/pytest-of-hmai/pytest-271/test_run_shell_concurrent_call0/work_2
2026-08-01 19:01:50,565 - pyiron_log - INFO - run_shell: workdir=/tmp/pytest-of-hmai/pytest-271/test_run_shell_concurrent_call0/work_3
2026-08-01 19:01:50,573 - pyiron_log - INFO - run_shell: workdir=/tmp/pytest-of-hmai/pytest-271/test_run_shell_concurrent_call0/work_0
2026-08-01 19:01:50,579 - pyiron_log - INFO - run_shell: workdir=/tmp/pytest-of-hmai/pytest-271/test_run_shell_concurrent_call0/work_1
2026-08-01 19:01:50,587 - pyiron_log - INFO - run_shell: workdir=/tmp/pytest-of-hmai/pytest-271/test_run_shell_concurrent_call0/work_2
2026-08-01 19:01:50,592 - pyiron_log - INFO - run_shell: workdir=/tmp/pytest-of-hmai/pytest-271/test_run_shell_concurrent_call0/work_3
2026-08-01 19:01:50,597 - pyiron_log - INFO - run_shell: workdir=/tmp/pytest-of-hmai/pytest-271/test_run_shell_concurrent_call0/work_0
2026-08-01 19:01:50,605 - pyiron_log - INFO - run_shell: workdir=/tmp/pytest-of-hmai/pytest-271/test_run_shell_concurrent_call0/work_1
2026-08-01 19:01:50,612 - pyiron_log - INFO - run_shell: workdir=/tmp/pytest-of-hmai/pytest-271/test_run_shell_concurrent_call0/work_2
2026-08-01 19:01:50,616 - pyiron_log - INFO - run_shell: workdir=/tmp/pytest-of-hmai/pytest-271/test_run_shell_concurrent_call0/work_3
2026-08-01 19:01:50,630 - pyiron_log - INFO - run_shell: workdir=/tmp/pytest-of-hmai/pytest-271/test_run_shell_concurrent_call0/work_0
2026-08-01 19:01:50,634 - pyiron_log - INFO - run_shell: workdir=/tmp/pytest-of-hmai/pytest-271/test_run_shell_concurrent_call0/work_1
2026-08-01 19:01:50,639 - pyiron_log - INFO - run_shell: workdir=/tmp/pytest-of-hmai/pytest-271/test_run_shell_concurrent_call0/work_2
2026-08-01 19:01:50,647 - pyiron_log - INFO - run_shell: workdir=/tmp/pytest-of-hmai/pytest-271/test_run_shell_concurrent_call0/work_3
2026-08-01 19:01:50,657 - pyiron_log - INFO - run_shell: workdir=/tmp/pytest-of-hmai/pytest-271/test_run_shell_concurrent_call0/work_0
2026-08-01 19:01:50,662 - pyiron_log - INFO - run_shell: workdir=/tmp/pytest-of-hmai/pytest-271/test_run_shell_concurrent_call0/work_1
2026-08-01 19:01:50,666 - pyiron_log - INFO - run_shell: workdir=/tmp/pytest-of-hmai/pytest-271/test_run_shell_concurrent_call0/work_2
2026-08-01 19:01:50,672 - pyiron_log - INFO - run_shell: workdir=/tmp/pytest-of-hmai/pytest-271/test_run_shell_concurrent_call0/work_3
2026-08-01 19:01:50,678 - pyiron_log - INFO - run_shell: workdir=/tmp/pytest-of-hmai/pytest-271/test_run_shell_concurrent_call0/work_0
2026-08-01 19:01:50,688 - pyiron_log - INFO - run_shell: workdir=/tmp/pytest-of-hmai/pytest-271/test_run_shell_concurrent_call0/work_1
2026-08-01 19:01:50,693 - pyiron_log - INFO - run_shell: workdir=/tmp/pytest-of-hmai/pytest-271/test_run_shell_concurrent_call0/work_2
2026-08-01 19:01:50,697 - pyiron_log - INFO - run_shell: workdir=/tmp/pytest-of-hmai/pytest-271/test_run_shell_concurrent_call0/work_3
2026-08-01 19:01:50,702 - pyiron_log - INFO - run_shell: workdir=/tmp/pytest-of-hmai/pytest-271/test_run_shell_concurrent_call0/work_0
2026-08-01 19:01:50,709 - pyiron_log - INFO - run_shell: workdir=/tmp/pytest-of-hmai/pytest-271/test_run_shell_concurrent_call0/work_1
2026-08-01 19:01:50,717 - pyiron_log - INFO - run_shell: workdir=/tmp/pytest-of-hmai/pytest-271/test_run_shell_concurrent_call0/work_2
2026-08-01 19:01:50,721 - pyiron_log - INFO - run_shell: workdir=/tmp/pytest-of-hmai/pytest-271/test_run_shell_concurrent_call0/work_3
2026-08-01 19:01:50,724 - pyiron_log - INFO - run_shell: workdir=/tmp/pytest-of-hmai/pytest-271/test_run_shell_concurrent_call0/work_0
2026-08-01 19:01:50,731 - pyiron_log - INFO - run_shell: workdir=/tmp/pytest-of-hmai/pytest-271/test_run_shell_concurrent_call0/work_1
2026-08-01 19:01:50,740 - pyiron_log - INFO - run_shell: workdir=/tmp/pytest-of-hmai/pytest-271/test_run_shell_concurrent_call0/work_2
2026-08-01 19:01:50,746 - pyiron_log - INFO - run_shell: workdir=/tmp/pytest-of-hmai/pytest-271/test_run_shell_concurrent_call0/work_3
2026-08-01 19:01:50,751 - pyiron_log - INFO - run_shell: workdir=/tmp/pytest-of-hmai/pytest-271/test_run_shell_concurrent_call0/work_0
2026-08-01 19:01:50,758 - pyiron_log - INFO - run_shell: workdir=/tmp/pytest-of-hmai/pytest-271/test_run_shell_concurrent_call0/work_1
2026-08-01 19:01:50,764 - pyiron_log - INFO - run_shell: workdir=/tmp/pytest-of-hmai/pytest-271/test_run_shell_concurrent_call0/work_2
2026-08-01 19:01:50,769 - pyiron_log - INFO - run_shell: workdir=/tmp/pytest-of-hmai/pytest-271/test_run_shell_concurrent_call0/work_3
2026-08-01 19:01:50,785 - pyiron_log - INFO - run_shell: workdir=/tmp/pytest-of-hmai/pytest-271/test_run_shell_concurrent_call0/work_0
2026-08-01 19:01:50,790 - pyiron_log - INFO - run_shell: workdir=/tmp/pytest-of-hmai/pytest-271/test_run_shell_concurrent_call0/work_1
2026-08-01 19:01:50,795 - pyiron_log - INFO - run_shell: workdir=/tmp/pytest-of-hmai/pytest-271/test_run_shell_concurrent_call0/work_2
2026-08-01 19:01:50,802 - pyiron_log - INFO - run_shell: workdir=/tmp/pytest-of-hmai/pytest-271/test_run_shell_concurrent_call0/work_3
2026-08-01 19:01:50,812 - pyiron_log - INFO - run_shell: workdir=/tmp/pytest-of-hmai/pytest-271/test_run_shell_concurrent_call0/work_0
2026-08-01 19:01:50,817 - pyiron_log - INFO - run_shell: workdir=/tmp/pytest-of-hmai/pytest-271/test_run_shell_concurrent_call0/work_1
2026-08-01 19:01:50,824 - pyiron_log - INFO - run_shell: workdir=/tmp/pytest-of-hmai/pytest-271/test_run_shell_concurrent_call0/work_2
2026-08-01 19:01:50,831 - pyiron_log - INFO - run_shell: workdir=/tmp/pytest-of-hmai/pytest-271/test_run_shell_concurrent_call0/work_3
2026-08-01 19:01:50,835 - pyiron_log - INFO - run_shell: workdir=/tmp/pytest-of-hmai/pytest-271/test_run_shell_concurrent_call0/work_0
2026-08-01 19:01:50,839 - pyiron_log - INFO - run_shell: workdir=/tmp/pytest-of-hmai/pytest-271/test_run_shell_concurrent_call0/work_1
2026-08-01 19:01:50,847 - pyiron_log - INFO - run_shell: workdir=/tmp/pytest-of-hmai/pytest-271/test_run_shell_concurrent_call0/work_2
2026-08-01 19:01:50,853 - pyiron_log - INFO - run_shell: workdir=/tmp/pytest-of-hmai/pytest-271/test_run_shell_concurrent_call0/work_3
2026-08-01 19:01:50,861 - pyiron_log - INFO - run_shell: workdir=/tmp/pytest-of-hmai/pytest-271/test_run_shell_concurrent_call0/work_0
2026-08-01 19:01:50,865 - pyiron_log - INFO - run_shell: workdir=/tmp/pytest-of-hmai/pytest-271/test_run_shell_concurrent_call0/work_1
2026-08-01 19:01:50,869 - pyiron_log - INFO - run_shell: workdir=/tmp/pytest-of-hmai/pytest-271/test_run_shell_concurrent_call0/work_2
2026-08-01 19:01:50,873 - pyiron_log - INFO - run_shell: workdir=/tmp/pytest-of-hmai/pytest-271/test_run_shell_concurrent_call0/work_3
2026-08-01 19:01:50,884 - pyiron_log - INFO - run_shell: workdir=/tmp/pytest-of-hmai/pytest-271/test_run_shell_concurrent_call0/work_0
2026-08-01 19:01:50,890 - pyiron_log - INFO - run_shell: workdir=/tmp/pytest-of-hmai/pytest-271/test_run_shell_concurrent_call0/work_1
2026-08-01 19:01:50,896 - pyiron_log - INFO - run_shell: workdir=/tmp/pytest-of-hmai/pytest-271/test_run_shell_concurrent_call0/work_2
2026-08-01 19:01:50,900 - pyiron_log - INFO - run_shell: workdir=/tmp/pytest-of-hmai/pytest-271/test_run_shell_concurrent_call0/work_3
2026-08-01 19:01:50,904 - pyiron_log - INFO - run_shell: workdir=/tmp/pytest-of-hmai/pytest-271/test_run_shell_concurrent_call0/work_0
2026-08-01 19:01:50,914 - pyiron_log - INFO - run_shell: workdir=/tmp/pytest-of-hmai/pytest-271/test_run_shell_concurrent_call0/work_1
2026-08-01 19:01:50,920 - pyiron_log - INFO - run_shell: workdir=/tmp/pytest-of-hmai/pytest-271/test_run_shell_concurrent_call0/work_2
2026-08-01 19:01:50,925 - pyiron_log - INFO - run_shell: workdir=/tmp/pytest-of-hmai/pytest-271/test_run_shell_concurrent_call0/work_3
2026-08-01 19:01:51,124 - pyiron_log - INFO - File '/tmp/pytest-of-hmai/pytest-271/test_is_line_in_file_missing_f0/no_such_file' not found.
2026-08-01 19:01:51,126 - pyiron_log - INFO - run_shell: workdir=/tmp/pytest-of-hmai/pytest-271/test_run_shell_propagates_subp0
2026-08-01 19:01:51,226 - pyiron_log - INFO - made directory '/tmp/pytest-of-hmai/pytest-271/test_vasp_job_runs_end_to_end0/calc'
2026-08-01 19:01:51,245 - pyiron_log - INFO - run_shell: workdir=/tmp/pytest-of-hmai/pytest-271/test_vasp_job_runs_end_to_end0/calc
2026-08-01 19:01:51,257 - pyiron_log - INFO - Deleted: /tmp/pytest-of-hmai/pytest-271/test_vasp_job_runs_end_to_end0/calc/CHGCAR
2026-08-01 19:01:51,283 - pyiron_log - INFO - made directory '/tmp/pytest-of-hmai/pytest-271/test_vasp_job_removes_calc_dir0/calc2'
2026-08-01 19:01:51,289 - pyiron_log - INFO - run_shell: workdir=/tmp/pytest-of-hmai/pytest-271/test_vasp_job_removes_calc_dir0/calc2
2026-08-01 19:01:51,334 - pyiron_log - INFO - made directory '/tmp/pytest-of-hmai/pytest-271/test_vasp_job_runs_without_fil0/calc3'
2026-08-01 19:01:51,339 - pyiron_log - INFO - run_shell: workdir=/tmp/pytest-of-hmai/pytest-271/test_vasp_job_runs_without_fil0/calc3
2026-08-01 19:01:51,351 - pyiron_log - INFO - Deleted: /tmp/pytest-of-hmai/pytest-271/test_vasp_job_runs_without_fil0/calc3/CHGCAR
2026-08-01 19:01:51,352 - pyiron_log - INFO - Deleted: /tmp/pytest-of-hmai/pytest-271/test_vasp_job_runs_without_fil0/calc3/CHG
2026-08-01 19:01:51,352 - pyiron_log - INFO - Deleted: /tmp/pytest-of-hmai/pytest-271/test_vasp_job_runs_without_fil0/calc3/WAVECAR
2026-08-01 19:01:51,370 - pyiron_log - INFO - made directory '/tmp/pytest-of-hmai/pytest-271/test_vasp_job_explicit_empty_l0/calc4'
2026-08-01 19:01:51,375 - pyiron_log - INFO - run_shell: workdir=/tmp/pytest-of-hmai/pytest-271/test_vasp_job_explicit_empty_l0/calc4
2026-08-01 19:01:51,395 - pyiron_log - INFO - made directory '/tmp/pytest-of-hmai/pytest-271/test_vasp_job_matches_producti0/calc5'
2026-08-01 19:01:51,396 - pyiron_log - INFO - run_shell: workdir=/tmp/pytest-of-hmai/pytest-271/test_vasp_job_matches_producti0/calc5
2026-08-01 19:01:51,403 - pyiron_log - INFO - Deleted: /tmp/pytest-of-hmai/pytest-271/test_vasp_job_matches_producti0/calc5/CHGCAR
2026-08-01 19:01:51,403 - pyiron_log - INFO - Deleted: /tmp/pytest-of-hmai/pytest-271/test_vasp_job_matches_producti0/calc5/CHG
2026-08-01 19:01:51,403 - pyiron_log - INFO - Deleted: /tmp/pytest-of-hmai/pytest-271/test_vasp_job_matches_producti0/calc5/WAVECAR
2026-08-01 19:01:51,408 - pyiron_log - INFO - made directory '/tmp/pytest-of-hmai/pytest-271/test_create_working_directory_0/fresh'
2026-08-01 19:01:51,503 - pyiron_log - INFO - run_shell: workdir=/tmp/tmpj5vpz0nu/run
2026-08-01 19:01:51,540 - pyiron_log - INFO - run_shell: workdir=/tmp/tmpizxv0e4u/run
